time_s,centroid_error_m,pointing_error_deg,axis_error_deg,edge_rms_m,edge_max_m,minimum_separation_m,planarity_m,snr_dB,coherent_loss_dB,fixed_plane_snr_dB
0,0.206155281280883,12.1787943765179,12.1787943765179,2.22044604925031e-16,2.22044604925031e-16,1.3856406460551,8.1710202181505e-17,91.5943432560983,0.51630156692035,92.1083891929407
0.02,0.206148643437373,12.1771791327578,12.1771791327578,1.45087310250385e-05,2.16153445058431e-05,1.3856190307106,3.53270803203849e-16,91.594490877816,0.516145405270178,92.1083806211508
0.04,0.206110122457628,12.1679873463661,12.1679873463661,9.55546674911653e-05,0.000142158417618221,1.38549848763748,1.6342040436301e-16,91.5953288198633,0.515259240899975,92.1083322773891
0.06,0.206020362084908,12.1477524876133,12.1477524876133,0.000267301820751436,0.000397255334761093,1.38524339072034,2.95914877633427e-16,91.5971610431388,0.513320598586295,92.1082258330125
0.08,0.205862673270534,12.1152210022697,12.1152210022697,0.000527108328540683,0.000782745578707722,1.38485790047639,2.56895308302175e-16,91.6000733810949,0.510235063939223,92.1080531695571
0.1,0.205619039681359,12.0701048613699,12.0701048613699,0.000857668022165107,0.00127278151348498,1.38436786454162,1.34072167684476e-16,91.6040494021892,0.506014242639195,92.1078101422066
0.12,0.205270141535401,12.0125171685984,12.0125171685984,0.00123427142914014,0.00183059629580451,1.3838100497593,3.92523114670944e-17,91.6090269148644,0.5007170396169,92.1074942766806
0.14,0.204796786904202,11.9427236200639,11.9427236200639,0.00162966094902506,0.00241574168742131,1.38322490436768,2.80317572997126e-16,91.6149261345374,0.4944207727133,92.1071039518386
0.16,0.204181580139943,11.8610442307096,11.8610442307096,0.00201736609627907,0.00298909054694296,1.38265155550816,1.61046131851761e-16,91.6216634283513,0.487207288851864,92.1066381708438
0.18,0.203410306842921,11.7678274782784,11.7678274782784,0.00237385648770026,0.0035160557247913,1.38212459033031,8.1710202181505e-17,91.6291572691076,0.479157106206395,92.1060965886933
0.2,0.202472821672458,11.6634562386449,11.6634562386449,0.00267973845755203,0.00396833367838711,1.38167231237671,1.50324908162764e-16,91.6373300289766,0.470347783529135,92.1054796329115
0.22,0.201363399870779,11.5483628449093,11.5483628449093,0.00292022978271603,0.00432452261354177,1.38131612344156,1.44222201478767e-16,91.6461078205059,0.460854205802887,92.1047886126424
0.24,0.200080624047187,11.4230414817609,11.4230414817609,0.00308514815160591,0.00456998242343643,1.38107066363167,2.3605841026662e-16,91.655419701133,0.450749415714174,92.1040257566015
0.26,0.198626937476319,11.2880534015029,11.2880534015029,0.00316861709564672,0.00469625720409383,1.38094438885101,1.11022302462516e-16,91.6651969178052,0.440105305004289,92.1031941640873
0.28,0.197008009612289,11.1440248676722,11.1440248676722,0.0031686432930202,0.00470029803622962,1.38094034801887,1.61046131851761e-16,91.6753724410219,0.428992938439664,92.1022976851995
0.3,0.195232041019716,10.991639785585,10.991639785585,0.00308667209918026,0.00458363843363152,1.38105700762147,1.25156822484232e-16,91.6858808015951,0.417482532207817,92.1013407608399
0.32,0.193309099461393,10.8316293938519,10.8316293938519,0.00292719806697549,0.00435160659457123,1.38128903946053,1.34072167684476e-16,91.6966581495443,0.405643200540888,92.1003282527341
0.34,0.191250540431519,10.6647609412277,10.6647609412277,0.00269750525545699,0.00401261178472745,1.38162803427037,1.32142971168015e-16,91.7076424433097,0.393542585863699,92.0992652853185
0.36,0.18906853294034,10.4918265562626,10.4918265562626,0.00240766039343228,0.0035775136466063,1.3820631324085,1.1331166295921e-16,91.7187737005443,0.381246453444225,92.0981571110881
0.38,0.186775688678874,10.3136328781353,10.3136328781353,0.00207104875853403,0.00305906789627697,1.38258157815883,1.40616075760831e-16,91.7299942699844,0.368818294250699,92.0970090026005
0.4,0.184384779928859,10.1309915881845,10.1309915881845,0.00170625156111469,0.00247143531492688,1.38316921074018,2.75699175077625e-16,91.7412491047884,0.356318953223947,92.0958261690651
0.42,0.181908526797127,9.94471076421618,9.94471076421618,0.00134261491551489,0.00182973990540725,1.38381090614969,8.1710202181505e-17,91.7524860290463,0.343806286378418,92.0946136930687
0.44,0.179359434922601,9.75558691748523,9.75558691748523,0.0010355008414211,0.00135917302165556,1.38449098183493,2.60370378581033e-16,91.7636559931402,0.331334845832688,92.0933764826245
0.46,0.176749668267776,9.56439759903903,9.56439759903903,0.000888698644232432,0.00144844010310519,1.38519357256825,3.20493781063927e-17,91.7747133135558,0.318955592813419,92.0921192344823
0.48,0.174090946067232,9.37189452414019,9.37189452414019,0.000990236900925808,0.00151958945485586,1.38590298197601,2.78017964230265e-16,91.7856158912103,0.306715641485394,92.0908464057913
0.5,0.171394457223185,9.17879722564345,9.17879722564345,0.00127498004352931,0.00156854200876744,1.38660401070199,3.79551788087166e-16,91.7963254010471,0.294658039018191,92.0895621923304
0.52,0.168670788756315,8.98578729140765,8.98578729140765,0.00163254607452106,0.00166360802014731,1.38723222814563,3.93176775597799e-16,91.8068074452731,0.282821588616755,92.088270512383
0.54,0.165929867124817,8.79350326151638,8.79350326151638,0.00200167473641905,0.00228375819918769,1.38722614671123,7.16645880824876e-17,91.8170316633452,0.271240722098659,92.0869749958734
0.56,0.163180912389088,8.60253626048357,8.60253626048357,0.00235247227189808,0.00287779173463365,1.38718836901135,3.92523114670944e-17,91.8269717934208,0.259945427241155,92.0856789786089
0.58,0.160432405550243,8.41342642392281,8.41342642392281,0.00266831853484066,0.00341322993183835,1.38711706307106,3.70998373795458e-16,91.8366056821125,0.248961232989071,92.0843855014795
0.6,0.157692069204974,8.22666015549083,8.22666015549083,0.00293885288126071,0.00388127679822814,1.38701122593495,1.29195173483207e-16,91.8459152416654,0.238309253178817,92.0830973143288
0.62,0.15496686119669,8.04266822447485,8.04266822447485,0.0031574048044317,0.0042749467278389,1.3868707452278,1.5782488380293e-16,91.8548863558081,0.228006287076078,92.0818168840153
0.64,0.152262980408652,7.8618246915869,7.8618246915869,0.00331997935161548,0.0045891419318862,1.38669643424369,1.50324908162764e-16,91.8635087373403,0.218064972998377,92.0805464060077
0.66,0.149585883376733,7.68444663262987,7.68444663262987,0.00342481218810917,0.0048206845979899,1.38649003950777,1.20983749228328e-16,91.8717757419299,0.208493989720185,92.079287818723
0.68,0.146940310071736,7.51079461723475,7.51079461723475,0.00347214502757715,0.00496830447730789,1.38625422054279,2.52865328097104e-16,91.8796841436013,0.199298299260565,92.0780428197614
0.7,0.14433031703765,7.34107389217732,7.34107389217732,0.00346408879069092,0.00503258372451443,1.38599250239194,3.58322940412438e-17,91.8872338780545,0.190479423988631,92.076812883206
0.72,0.141759316061687,7.17543621451229,7.17543621451229,0.00340452254270778,0.00501586183698954,1.38570920226763,1.44222201478767e-16,91.8944277603105,0.182035750678708,92.0755992772363
0.74,0.139230116663631,7.01398227744653,7.01398227744653,0.00329900932559358,0.00492210443278274,1.38540933247874,1.47740333140239e-16,91.901271183312,0.173962854129743,92.0744030814279
0.76,0.136744970887739,6.85676467023533,6.85676467023533,0.00315472402852069,0.00475674035876272,1.38509848250293,3.92523114670944e-17,91.907771804042,0.166253833163934,92.0732252032681
0.78,0.134305619122329,6.70379131152367,6.70379131152367,0.00298039183646777,0.00452647222394598,1.38478268368835,1.57009245868378e-16,91.9139392235203,0.158899652184291,92.0720663935765
0.8,0.131913335928153,6.55502929298197,6.55502929298197,0.00278622761570744,0.00423906590485168,1.38446826056604,1.67302665425354e-16,91.9197846666939,0.151889481960378,92.0709272606799
0.82,0.129568975102084,6.41040906677515,6.41040906677515,0.00258383830348919,0.00390312486801991,1.38416167311586,2.68622737774948e-16,91.925320667795,0.145211033893344,92.0698082833227
0.84,0.127273013420859,6.26982890651548,6.26982890651548,0.00238598667641586,0.00352785529920485,1.38386935454393,3.91212516305361e-16,91.9305607662003,0.13885088266095,92.0687098224071
0.86,0.125025592691124,6.13315956742592,6.13315956742592,0.00220600667047783,0.0031228280205513,1.38359754919525,2.41967498456656e-16,91.9355192172134,0.13279477283759,92.0676321317285
0.88,0.122826559873185,6.00024906796428,6.00024906796428,0.00205655690966709,0.00269774301998882,1.38335215514426,3.91212516305361e-16,91.9402107215226,0.127027905803093,92.0665753679143
0.9,0.120675505147626,5.87092751264778,5.87092751264778,0.00194750176626969,0.0025020702692895,1.38313857578581,2.59382252137511e-16,91.9446501763867,0.121535203975569,92.0655395997821
0.92,0.118571797860354,5.74501187489406,5.74501187489406,0.00188331745001004,0.00267906165181664,1.38296158440329,2.61354769156666e-16,91.9488524508861,0.116301550111118,92.0645248173112
0.94,0.116514620318935,5.6223106595354,5.6223106595354,0.00186135195951083,0.00281544082031071,1.38282520523479,1.46868701148805e-16,91.9528321868802,0.111312000089317,92.0635309403833
0.96,0.114502999428526,5.50262836760917,5.50262836760917,0.00187234364556098,0.00290803204120627,1.3827326140139,1.67302665425354e-16,91.9566036266388,0.106551968234997,92.0625578273898
0.98,0.112535836156682,5.38576969112043,5.38576969112043,0.00190310018223682,0.00295458570625917,1.38268606034884,3.58322940412438e-17,91.9601804674987,0.102007384805357,92.0616052837438
1,0.110611932809969,5.27154337248619,5.27154337248619,0.00193971755943212,0.00295383240745739,1.38268681364764,2.59382252137511e-16,91.9635757433333,0.0976648257903581,92.0606730702742
1.02,0.108730018097633,5.15976567225477,5.15976567225477,0.00196987715114396,0.00290551243700321,1.3827351336181,1.51176614174929e-16,91.9668017321368,0.0935116156318787,92.0597609114282
1.04,0.106888769953304,5.05026339892396,5.05026339892396,0.00198389354245538,0.00281038036137438,1.38283026569373,1.64204199767915e-16,91.9698698886048,0.0895359038640147,92.0588685031696
1.06,0.105086836088066,4.94287646597219,4.94287646597219,0.00197490438775172,0.00267018497656468,1.38297046107854,4.80740671595891e-17,91.9727908002474,0.0857267170170636,92.0579955204374
1.08,0.103322852258765,4.8374599530756,4.8374599530756,0.00193866402154417,0.00248762557251925,1.38315302048258,1.52023548612203e-16,91.9755741652968,0.0820739874141302,92.0571416240248
1.1,0.101595458254378,4.7338856604826,4.7338856604826,0.00187322608039039,0.0022662860043392,1.38337436005076,1.15555676109332e-16,91.9782287904541,0.0785685607280318,92.0563064667465
1.12,0.0999033116293508,4.63204315728259,4.63204315728259,0.00177864515222547,0.00205626935393788,1.38358437670116,3.83589686711185e-16,91.9807626063651,0.07520218436106,92.0554896987923
1.14,0.098245099244117,4.53184033539629,4.53184033539629,0.00165674943006063,0.0019679472400691,1.38367269881503,5.06745162040676e-17,91.9831826986048,0.0719674788649336,92.0546909721929
1.16,0.0966195467067269,4.43320349139649,4.43320349139649,0.00151101666366923,0.00183911242630574,1.3838015336288,1.41526221675092e-16,91.9854953518844,0.0688578947345516,92.0539099443749
1.18,0.0950254258427914,4.33607696731379,4.33607696731379,0.00134660677495267,0.00167452819553215,1.38396611785957,2.72419713904338e-16,91.9877061051667,0.0658676569885213,92.0531462808176
1.2,0.0934615603509332,4.2404223894102,4.2404223894102,0.00117066936731986,0.00147962011173486,1.38416102594337,1.40616075760831e-16,91.9898198153822,0.0629916999899699,92.0523996568716
1.22,0.0919268298252543,4.14621755032353,4.14621755032353,0.000993172760008193,0.0012603249815768,1.38438032107353,3.06151254491706e-16,91.9918407274738,0.0602255949630339,92.0516697588332
1.24,0.0904201723430968,4.05345498490201,4.05345498490201,0.00082864446009854,0.00102293277071541,1.38461771328439,1.44222201478767e-16,91.99377254857,0.0575654726199113,92.0509562843956
1.26,0.0889405858245468,3.96214029361574,3.96214029361574,0.000698667921910187,0.000892988632594349,1.38474765742251,1.6342040436301e-16,91.9956185241826,0.0550079432303096,92.0502589426145
1.28,0.0874871283693704,3.87229026946875,3.87229026946875,0.000630714420408955,0.000767644409509716,1.38487300164559,4.0729199093102e-16,91.9973815144578,0.0525500163385777,92.0495774535324
1.3,0.0860589177678511,3.78393088509382,3.78393088509382,0.000642188638989653,0.000874502349577311,1.38500726005194,3.92523114670944e-17,91.9990640686669,0.0501890221639254,92.0489115475976
1.32,0.0846551303653848,3.69709519608716,3.69709519608716,0.000720618799174863,0.00114549157877297,1.38514541103383,3.80902510463205e-16,92.0006684963138,0.0479225365096653,92.048260965
1.34,0.0832749994383838,3.61182121496466,3.61182121496466,0.000835472979087499,0.00138618428428172,1.38528268698081,2.2662332591842e-17,92.0021969334491,0.0457483107630083,92.0476254550224
1.36,0.0819178132129423,3.52814980720234,3.52814980720234,0.000960559308669166,0.00159266026743943,1.38541468177577,3.8224845992388e-16,92.003651403016,0.0436642082939031,92.0470047754756
1.38,0.0805829126300558,3.44612265712782,3.44612265712782,0.0010791800298504,0.00176178905744484,1.38553744392774,5.46016442418307e-16,92.005033868307,0.0416681482697521,92.0463986922576
1.4,0.0792696889339912,3.36578034686697,3.36578034686697,0.00118125069654272,0.0018912836071685,1.38564755372584,3.58322940412438e-17,92.0063462788669,0.0397580576017098,92.0458069790441
1.42,0.0779775811356879,3.28716058630973,3.28716058630973,0.00126060152480978,0.00197973392015061,1.38574218323938,1.60246890531964e-17,92.007590608441,0.0379318314384366,92.045229417094
1.44,0.076706073382256,3.21029662646183,3.21029662646183,0.00131349409160609,0.00202662016975719,1.38581913844228,3.92523114670944e-17,92.0087688848205,0.0361873023362302,92.0446657951289
1.46,0.0754546922480046,3.13521588246877,3.13521588246877,0.00133787254299088,0.00203230536584997,1.38587688319506,1.58636328142894e-16,92.0098832116741,0.0345222179685974,92.0441159092339
1.48,0.0742230039523538,3.06193878649004,3.06193878649004,0.00133297171298648,0.00199800811273421,1.38591454526526,1.37849587538812e-16,92.0109357826729,0.0329342270036861,92.0435795627206
1.5,0.0730106115056619,2.99047788434911,2.99047788434911,0.00129909095314835,0.00192575647219484,1.38593190499698,1.64204199767915e-16,92.011928888402,0.0314208725791694,92.043056565893
1.52,0.0718171517847813,2.92083718383372,2.92083718383372,0.00123744456783279,0.001818324384951,1.38592936764236,2.74298492815269e-16,92.0128649167069,0.0299795926464904,92.0425467356693
1.54,0.0706422925452329,2.85301175654987,2.85301175654987,0.00115004893798393,0.00167915250138173,1.38590792073349,4.04444866382662e-16,92.0137463472447,0.028607726340506,92.0420498950218
1.56,0.0694857293848606,2.78698758971013,2.78698758971013,0.0010396318159007,0.00151225561749202,1.38586907819387,1.40616075760831e-16,92.0145757410897,0.027302525456335,92.0415658722224
1.58,0.0683471826833062,2.72274167894564,2.72274167894564,0.000909567778570293,0.00132211919592207,1.38581481315721,1.39700000369091e-16,92.015355726296,0.0260611700792132,92.0410944998947
1.6,0.0672263945510936,2.66024234845828,2.66024234845828,0.000763871704312197,0.00111358766725811,1.38574748167232,3.91212516305361e-16,92.0160889803313,0.0248807874116904,92.0406356138979
1.62,0.0661231258300783,2.59944978051379,2.59944978051379,0.000607361382760855,0.000891747348909622,1.38566973962182,4.16949968597378e-16,92.0167782102847,0.0237584728696335,92.0401890520825
1.64,0.0650371531924452,2.54031673240043,2.54031673240043,0.000446420377658039,0.000661806884731941,1.38558445526769,2.80317572997126e-16,92.0174261317094,0.0226913125683671,92.0397546529712
1.66,0.0639682663874016,2.48278941575714,2.48278941575714,0.000292516143733636,0.000428978097887223,1.38549461985653,0,92.0180354469059,0.0216764063873252,92.0393322544261
1.68,0.0629162656829354,2.42680851041239,2.42680851041239,0.000181306862934447,0.000237387380123799,1.38540325867498,1.51176614174929e-16,92.0186088233728,0.020710890879753,92.0389216923655
1.7,0.0618809595444101,2.37231028279244,2.37231028279244,0.000201290228174999,0.000327301212883047,1.38531334484222,1.25156822484232e-16,92.019148873068,0.0197919613791479,92.0385227995868
1.72,0.0608621625829308,2.31922777751188,2.31922777751188,0.000319931597525399,0.000412928087037967,1.38522771796806,1.43329176164975e-16,92.0196581330315,0.0189168927422163,92.0381354047467
1.74,0.0598596937949939,2.26749204992513,2.26749204992513,0.000455714238755263,0.000491636457701228,1.3851490095974,2.72419713904338e-16,92.0201390478246,0.0180830582564545,92.0377593315329
1.76,0.0588733751020129,2.21703340746428,2.21703340746428,0.000585199890409437,0.000609882756754887,1.38503076329835,4.18179912179388e-16,92.0205939541452,0.0172879463273898,92.0373943980471
1.78,0.0579030301850497,2.16778262814429,2.16778262814429,0.000700627999613962,0.000764088004621577,1.38487655805048,2.80317572997126e-16,92.0210250678862,0.0165291746450135,92.0370404164039
1.8,0.0569484835975318,2.11967212615509,2.11967212615509,0.000798042663071716,0.000893325954455237,1.38474732010065,1.44444595136665e-16,92.0214344738144,0.0158045016104967,92.0366971925296
1.82,0.0560095601280141,2.0726370365826,2.0726370365826,0.000875002898174292,0.000995771165328119,1.38464487488977,1.35263943723665e-16,92.0218241179646,0.0151118348829537,92.0363645261369
1.84,0.0550860843768633,2.02661619409515,2.02661619409515,0.00092999662158719,0.00107026226123863,1.38457038379386,2.77555756156289e-16,92.0221958027654,0.0144492369818573,92.0360422108364
1.86,0.0541778805057052,1.98155298406277,1.98155298406277,0.000962247213010464,0.0011163050345675,1.38452434102053,3.88578058618805e-16,92.0225511848428,0.0138149279535322,92.0357300343407
1.88,0.0532847721167364,1.93739604837226,1.93739604837226,0.00097162905645545,0.00113406021033757,1.38450658584476,1.44222201478767e-16,92.0228917753849,0.0132072851795664,92.0354277787165
1.9,0.0524065822205216,1.8940998328162,1.8940998328162,0.00095861411238896,0.00112431666949497,1.38451632938561,1.39929581461308e-16,92.0232189428947,0.0126248404709598,92.0351352206387
1.92,0.0515431332552121,1.85162496745136,1.85162496745136,0.000924224477229223,0.00108845124040102,1.3845521948147,1.54536504782533e-16,92.0235339181103,0.0120662746522179,92.0348521316112
1.94,0.0506942471267445,1.80993847622711,1.80993847622711,0.000869982534324601,0.00102837643980269,1.3846122696153,1.28447654151087e-16,92.0238378008332,0.0115304098947548,92.0345782781231
1.96,0.0498597452476049,1.76901381693573,1.76901381693573,0.000797856722134829,0.000946477773602794,1.3846941682815,1.60447074108492e-16,92.0241315683722,0.0110162001057654,92.0343134217232
1.98,0.049039448560465,1.72883075708627,1.72883075708627,0.00071020450839804,0.000845542390822906,1.38479510366428,1.4175284507353e-16,92.0244160852909,0.0105227197172159,92.0340573190058
2,0.0482331775414885,1.68937509571708,1.68937509571708,0.000609718292583786,0.000728681019499522,1.3849119650356,1.39700000369091e-16,92.0246921141309,0.010049151247139,92.0338097215121
2.02,0.0474407521856772,1.6506382448634,1.6506382448634,0.000499389973544917,0.000599245200257448,1.38504140085484,2.8888919027333e-17,92.024960326781,0.0095947720217869,92.0335703755612
2.04,0.0466619919826569,1.61261668785197,1.61261668785197,0.000382546185050742,0.000460741872238657,1.38517990418286,4.05791831170994e-16,92.0252213161665,0.0091589404510454,92.033339022033
2.06,0.0458967158953799,1.57531133420326,1.57531133420326,0.00026318645813641,0.000320552212840219,1.38532009384226,6.84575016440293e-17,92.0254756079459,0.00874108224090765,92.0331153961285
2.08,0.0451447423561404,1.53872679296805,1.53872679296805,0.000148255052865227,0.000190559903533227,1.38545008615157,4.18256663563384e-16,92.0257236719265,0.008340676905957,92.0328992271365
2.1,0.0444058892941116,1.50287058762134,1.50287058762134,7.27445865550162e-05,0.000106721469543158,1.38557910604004,1.53075627245853e-16,92.025965932938,0.00795724491265091,92.0326902382337
2.12,0.0436799742064657,1.46775233619201,1.46775233619201,0.000130969184582556,0.000186104049213487,1.38570409138606,2.88444402957535e-16,92.0262027809386,0.00759033574224051,92.0324881463429
2.14,0.0429668142814989,1.43338292015909,1.43338292015909,0.000230312777300593,0.000257375270358295,1.38582217527679,4.04603565571184e-16,92.0264345801703,0.0072395171123289,92.032292662064
2.16,0.0422662265774554,1.39977366487026,1.39977366487026,0.000326462816612587,0.000365888830821559,1.38593074968289,3.67171752872013e-17,92.0266616772228,0.0069043655408972,92.0321034896921
2.18,0.0415780282555877,1.36693555261577,1.36693555261577,0.000412595441574865,0.00047394809657697,1.38600997803002,1.40844163624868e-16,92.0268844079088,0.00658445837873871,92.031920327322
2.2,0.0409020368608685,1.33487848771003,1.33487848771003,0.000485956180332211,0.00056700817270583,1.38604825786438,1.1331166295921e-17,92.0271031029028,0.0062793673778671,92.0317428670354
2.22,0.0402380706393281,1.30361063028507,1.30361063028507,0.000544884206903393,0.000643509147656207,1.38607366373028,1.51176614174929e-16,92.0273180921333,0.00598865380820881,92.0315707951584
2.24,0.0395859488775522,1.27313781283094,1.27313781283094,0.000588336149650728,0.000702341531561013,1.38608580739408,1.60647008234791e-16,92.0275297079598,0.00571186508376822,92.0314037925712
2.26,0.0389454922478175,1.24346305037735,1.24346305037735,0.000615768023716585,0.000742855261104403,1.38608463977669,4.19559288917542e-16,92.027738287202,0.00544853281559662,92.0312415350502
2.28,0.0383165231418022,1.21458615217993,1.21458615217993,0.000627093298750646,0.000764857577273181,1.38607044480005,4.60274150786893e-17,92.0279441721126,0.00519817217270124,92.0310836936185
2.3,0.0376988659767803,1.1865034395896,1.1865034395896,0.000622658933549902,0.000768600191708213,1.38604382496045,5.06745162040676e-17,92.0281477104113,0.00496028240502818,92.030929934885
2.32,0.0370923474605526,1.15920757187962,1.15920757187962,0.000603224912991697,0.000754756399900192,1.38600567920972,2.56520187184616e-16,92.0283492545107,0.00473434836441437,92.0307799213519
2.34,0.0364967968048184,1.13268747881926,1.13268747881926,0.000569945385489998,0.000724389020043459,1.38595717390413,1.58636328142894e-16,92.0285491600726,0.00451984285004958,92.0306333116783
2.36,0.0359120458808522,1.10692839655894,1.10692839655894,0.000524356206141305,0.000678910229838792,1.38589970773561,4.08551010907525e-17,92.0287477840385,0.00431622960338042,92.0304897608884
2.38,0.0353379293158632,1.08191200091552,1.08191200091552,0.000468382473018669,0.000620034535660174,1.38583487168791,3.20493781063927e-17,92.0289454822722,0.00412296678231411,92.0303489205245
2.4,0.0347742845327576,1.05761663053641,1.05761663053641,0.000404399316771304,0.000549726235844927,1.38576440515838,2.75349672496708e-16,92.0291426069473,0.0039395107547621,92.0302104387455
2.42,0.0342209517399103,1.03401759069571,1.03401759069571,0.000335432925429152,0.000470142829969378,1.38569014945173,2.79973835807135e-16,92.0293395038011,0.00376532006521054,92.0300739603806
2.44,0.0336777738805445,1.01108752743894,1.01108752743894,0.000265749011095706,0.000383575877455744,1.38561399988611,1.6283008188824e-16,92.0295365093632,0.00359985944386147,92.0299391269504
2.46,0.0331445965533046,0.98879686078978,0.98879686078978,0.000202525664619412,0.000292390821360122,1.38553785775208,2.68264015953071e-16,92.0297339482544,0.00344260374450488,92.0298055766707
2.48,0.0326212679163507,0.967114265064733,0.967114265064733,0.000159574272560864,0.000198967267545536,1.38546358333404,2.59382252137511e-16,92.0299321306346,0.00329304171357594,92.0296729444551
2.5,0.0321076385869493,0.946007183821013,0.946007183821013,0.000155744498350011,0.000247694912612673,1.38539295114249,2.2662332591842e-17,92.0301313498668,0.0031506795081662,92.0295408619321
2.52,0.0316035615470733,0.925442366847133,0.925442366847133,0.000190458542247572,0.000313037639004587,1.3853276084161,2.73947203245971e-16,92.0303318804481,0.0030150438946588,92.0294089574916
2.54,0.0311088920632777,0.905386416230144,0.905386416230144,0.000243275969384967,0.000371608215363528,1.38526903783974,1.44444595136665e-16,92.0305339762487,0.00288568507190497,92.0292768563703
2.56,0.0306234876262885,0.885806328826123,0.885806328826123,0.000299553810854156,0.000422120764848488,1.38521852529025,3.58322940412438e-17,92.0307378690858,0.00276217907381086,92.0291441807833
2.58,0.0301472079126913,0.86667002257374,0.86667002257374,0.00035231702487275,0.000463512783577258,1.38517713327152,4.00617226329909e-17,92.030943767652,0.00264412971600296,92.0290105501048
2.6,0.0296799147681262,0.847946834604516,0.847946834604516,0.000398028934859638,0.000494965517013224,1.38514568053809,1.31412221024805e-16,92.031151856806,0.00253117006029461,92.028875581095
2.62,0.0292214722087751,0.829607979727103,0.829607979727103,0.000434665541483088,0.000515917818139089,1.38512472823696,1.39929581461308e-16,92.0313622972278,0.00242296337991498,92.0287388881695
2.64,0.0287717464358903,0.811626958870985,0.811626958870985,0.000461015093898272,0.000526073329943699,1.38511457272516,1.5782488380293e-16,92.0315752254294,0.00231920361721848,92.0286000837006
2.66,0.0283306058568329,0.793979908105003,0.793979908105003,0.000476406678634895,0.00052540100510079,1.38511524505,1.41979106741989e-16,92.0317907541104,0.00221961533562772,92.0284587783416
2.68,0.0278979211055846,0.77664588063762,0.77664588063762,0.000480590167277669,0.000514129139931985,1.38512651691517,5.13040374369232e-17,92.0320089728348,0.00212395317743326,92.0283145813621
2.7,0.0274735650560317,0.759607055364278,0.759607055364278,0.000473672291262714,0.000493141892246918,1.38514750416286,1.40158786498563e-16,92.0322299490047,0.00203200085000716,92.0281671009836
2.72,0.0270574128223016,0.742848867939615,0.742848867939615,0.00045607371782227,0.000478330206795663,1.38516231584831,4.18333400865849e-16,92.0324537290976,0.0019435696737311,92.0280159447054
2.74,0.0266493417420089,0.726360062104931,0.726360062104931,0.000428493321948646,0.000452302403896709,1.38518834365121,6.04918746141641e-17,92.0326803401299,0.00185849673602542,92.0278607196142
2.76,0.0262492313401655,0.710132661143335,0.710132661143335,0.000391874259620272,0.000416015695678285,1.38522463035942,1.31412221024805e-16,92.0329097913046,0.0017766427056103,92.0277010326713
2.78,0.0258569632735436,0.694161861690138,0.694161861690138,0.000347370378077845,0.000370647885811204,1.38526999816929,2.8888919027333e-17,92.0331420757982,0.00169788937053748,92.0275364909773
2.8,0.0254724212572482,0.678445854058864,0.678445854058864,0.000296314350567903,0.000317561608023542,1.38532308444708,2.68861619758816e-16,92.0333771726386,0.00162213697030458,92.0273667020138
2.82,0.0250954909769452,0.662985575268226,0.662985575268226,0.000240193822035851,0.00025826521288419,1.38538238084222,4.18793529401857e-16,92.0336150486262,0.00154930139744006,92.0271912738675
2.84,0.0247260599914555,0.647784402900274,0.647784402900274,0.000180658915422078,0.000200613759323343,1.38544003229578,4.18256663563384e-16,92.03385566025,0.00147931134620303,92.0270098154415
2.86,0.024364017631191,0.632847799268478,0.632847799268478,0.000119677040450662,0.000143821875773886,1.38549682417933,1.61046131851761e-16,92.0340989555527,0.00141210548528634,92.0268219366607
2.88,0.0240092548980861,0.618182916672216,0.618182916672216,6.0838787207824e-05,8.56463095306736e-05,1.38555499974557,4.08551010907525e-16,92.0343448759045,0.00134762972791292,92.0266272486805
2.9,0.0236616643723615,0.603798175444006,0.603798175444006,3.08286872922273e-05,4.49558698292218e-05,1.38561299456065,2.40370335797945e-17,92.0345933576471,0.00128583466638666,92.0264253641049
2.92,0.0233211401306084,0.589702826793512,0.589702826793512,7.41769100571338e-05,0.000101290456726577,1.38566930837403,4.1641072591813e-16,92.0348443335796,0.00122667322919185,92.0262158972208
2.94,0.0229875776785209,0.575906512846233,0.575906512846233,0.000127070437764247,0.000152743040749304,1.38572253983302,4.67195954995211e-17,92.0350977342625,0.00117009860808434,92.0259984642541
2.96,0.0226608739001858,0.562418835533387,0.562418835533387,0.000176602770053089,0.000198287587592327,1.3857714175162,5.43423645178765e-17,92.0353534891263,0.00111606249022386,92.0257726836496
2.98,0.022340927024366,0.549248945643205,0.549248945643205,0.000220539809528758,0.000243668561587862,1.38581482665852,8.01234452659818e-18,92.0356115273769,0.00106451361758056,92.0255381763757
3,0.0220276366067845,0.536405162160958,0.536405162160958,0.000257721196118785,0.000287439652658872,1.38585183106628,1.01980496663289e-16,92.0358717787009,0.00101539668280115,92.0252945662538
3.02,0.0217209035262259,0.523894630671978,0.523894630671978,0.000287365910017711,0.00032323025577119,1.38588168985369,4.60274150786893e-17,92.0361341737776,0.000968651558458356,92.0250414803068
3.04,0.021420629991341,0.511723028190672,0.511723028190672,0.000308957535832966,0.000350442859179623,1.3859038687706,1.61046131851761e-16,92.0363986446144,0.000924212845463437,92.0247785491237
3.06,0.0211267195545135,0.499894319746312,0.499894319746312,0.000322215452277684,0.000368707291458881,1.38591804603054,2.74415489405283e-16,92.0366651247251,0.00088200971704265,92.0245054072344
3.08,0.0208390771289992,0.488410570768977,0.488410570768977,0.000327082981784469,0.000377882571418686,1.38592411268551,2.69815032749915e-16,92.0369335491749,0.000841966027427539,92.0242216934869
3.1,0.0205576090057675,0.477271817090434,0.477271817090434,0.000323717597784533,0.000378053110482668,1.38592216772559,2.82371209045171e-16,92.0372038545176,0.000804000649100454,92.0239270514226
3.12,0.0202822228670389,0.46647599297224,0.46647599297224,0.000312479323464253,0.00036951953597808,1.38591250820532,2.74298492815269e-16,92.0374759786523,0.000768027999683362,92.0236211296434
3.14,0.0200128277943099,0.456018915817963,0.456018915817963,0.000293916637673387,0.000352784526947314,1.38589561481079,1.34072167684476e-16,92.0377498606255,0.000733958718595575,92.0233035821659
3.16,0.0197493342696132,0.445894325070914,0.445894325070914,0.000268750703107479,0.000328534164042438,1.38587213338011,1.55571590062152e-16,92.038025440401,0.000701700454580123,92.0229740687604
3.18,0.019491654169735,0.436093971656673,0.436093971656673,0.000237860395193336,0.000297615389533545,1.38584132028173,9.78031290763402e-17,92.0383026586217,0.000671158727671505,92.0226322552728
3.2,0.0192397007540653,0.426607753027695,0.426607753027695,0.000202274378713467,0.000261010250433236,1.38580307336088,1.5391211231077e-16,92.0385814563779,0.000642237832506321,92.0222778139303
3.22,0.0189933886475138,0.417423888957283,0.417423888957283,0.000163188434145005,0.000219807655875481,1.38576182155185,7.16645880824876e-17,92.0388617749982,0.00061484175409887,92.0219104236313
3.24,0.0187526338204962,0.40852913193953,0.40852913193953,0.000122074367185779,0.00017517341820672,1.38571865810144,2.75349672496708e-16,92.0391435558722,0.000588875071420177,92.0215297702233
3.26,0.0185173535682988,0.39990900629808,0.39990900629808,8.12044782555678e-05,0.000128319365383378,1.38567468711025,4.34812744608543e-16,92.0394267403116,0.000564243828357275,92.0211355467711
3.28,0.0182874664921493,0.391548069692087,0.391548069692087,4.68299655152726e-05,8.04723103799976e-05,1.38563099684891,1.58028135508273e-16,92.0397112694532,0.00054085635550925,92.02072745382
3.3,0.0180628924841142,0.383430190591912,0.383430190591912,4.22375975197069e-05,5.20117882538695e-05,1.38558863426685,5.13040374369232e-17,92.0399970842038,0.000518624029539544,92.0203051996567
3.32,0.0178435527174916,0.375538835451197,0.375538835451197,7.11849647539025e-05,9.20647805253694e-05,1.38554858127458,2.64285942336031e-16,92.0402841252255,0.000497461959634812,92.0198685005716
3.34,0.0176293696437899,0.367857359070572,0.367857359070572,0.000106818974994213,0.000128912735954057,1.38551173331915,2.77555756156289e-17,92.0405723329584,0.000477289592616605,92.0194170811244
3.36,0.0174202669967119,0.360369291968999,0.360369291968999,0.000141167812177829,0.000161765354563803,1.38547888070054,1.26178527783459e-16,92.0408616476769,0.000458031230051851,92.0189506744143
3.38,0.0172161698028757,0.353058618444174,0.353058618444174,0.000172001927678017,0.00018995305932723,1.38545069299577,2.72419713904338e-16,92.041152009574,0.000439616451940388,92.0184690223551
3.4,0.0170170043983978,0.345910039461574,0.345910039461574,0.000198238405026862,0.000213537435220346,1.38542710861988,2.60000271245997e-16,92.0414433588703,0.000421980442669524,92.0179718759542
3.42,0.0168226984499536,0.338909214624972,0.338909214624972,0.000219204722135076,0.000235103463207098,1.38540554259189,1.5536512468908e-16,92.0417356359419,0.000405064215997545,92.017458995593
3.44,0.0166331809785937,0.332042977789753,0.332042977789753,0.000234472308029736,0.000251130200934924,1.38538951585417,1.40616075760831e-16,92.0420287814648,0.000388814737189348,92.0169301513067
3.46,0.0164483823844317,0.325299521741204,0.325299521741204,0.000243806289082208,0.000261423222192469,1.38537922283291,2.89998173968233e-16,92.0423227365704,0.000373184941710738,92.0163851230596
3.48,0.0162682344703475,0.318668547664011,0.318668547664011,0.000247145138458806,0.00026593780043771,1.38537470825466,6.30892638917295e-17,92.0426174430099,0.000358133651736909,92.0158237010128
3.5,0.0160926704630299,0.312141376169608,0.312141376169608,0.000244588350227783,0.000264775031380005,1.38537587102372,2.76745034502517e-16,92.0429128433237,0.000343625393808264,92.0152456857804
3.52,0.0159216250300064,0.305711017601759,0.305711017601759,0.000236385553878385,0.000258174469236039,1.38538247158587,5.06745162040676e-17,92.0432088810136,0.000329630123223784,92.0146508886717
3.54,0.0157550342917226,0.299372200133134,0.299372200133134,0.000222925129392708,0.000246503577351564,1.38539414247775,1.49038223369933e-16,92.0435055007136,0.00031612286313681,92.0140391319162
3.56,0.0155928358281875,0.293121355780766,0.293121355780766,0.000204722310644281,0.000230244361820509,1.38541040169328,3.67171752872013e-17,92.0438026483574,0.000303083268856283,92.0134102488703
3.58,0.0154349686801405,0.286956565105195,0.286956565105195,0.00018240827685554,0.000209977613134793,1.38543066844197,1.67494416394221e-16,92.0441002713389,0.000290495130004932,92.0127640842048
3.6,0.0152813733450985,0.280877462941581,0.280877462941581,0.000156724414789555,0.000186365224996932,1.3854542808301,1.87050066353997e-16,92.0443983186621,0.000278345825124621,92.0121004940722
3.62,0.0151319917689616,0.274885108421983,0.274885108421983,0.000128533529760446,0.000160131090571225,1.38548051496453,1.58231126132105e-16,92.0446967410778,0.000266625744819878,92.0114193462555
3.64,0.0149867673340302,0.268981823675686,0.268981823675686,9.88873843869573e-05,0.000132041094326629,1.38550860496078,2.53372581020338e-17,92.0449954912046,0.000255327700251255,92.0107205202988
3.66,0.0148456448444102,0.263171006251926,0.263171006251926,6.93172652930975e-05,0.000102882722325504,1.38553776333278,2.40370335797945e-17,92.0452945236298,0.00024444633398469,92.0100039076224
3.68,0.0147085705097225,0.257456921428936,0.257456921428936,4.32675997333675e-05,7.34448056753934e-05,1.38556720124943,2.89000280141029e-16,92.0455937949912,0.000233977549634296,92.0092694116224
3.7,0.0145754919279146,0.251844480666553,0.251844480666553,3.23088892317314e-05,4.44978915012939e-05,1.3855961481636,2.55517171858815e-16,92.0458932640355,0.000223917975410255,92.0085169477584
3.72,0.014446358067765,0.246339012974461,0.246339012974461,4.67150021243571e-05,6.26301248389804e-05,1.38562387035097,2.40370335797945e-17,92.0461928916556,0.000214264474738145,92.0077464436298
3.74,0.0143211192514149,0.240946035899975,0.240946035899975,7.05292163070051e-05,9.48297169072188e-05,1.38564968793776,5.5104895841028e-16,92.0464926409067,0.000205013714800519,92.0069578390419
3.76,0.0141997271369997,0.235671032679642,0.235671032679642,9.47282438103755e-05,0.00012451693936244,1.38567299004734,1.00394389164069e-16,92.0467924770031,0.000196161800846487,92.0061510860625
3.78,0.0140821347011827,0.230519241549857,0.230519241549857,0.000116836048137044,0.000151050903245853,1.38569324775362,5.13040374369232e-17,92.0470923672984,0.000187703981358016,92.0053261490696
3.8,0.0139682962212099,0.225495462855736,0.225495462855736,0.00013583456619767,0.000173887609110857,1.38571002459303,1.40158786498563e-16,92.047392281255,0.000179634425894469,92.0044830047882
3.82,0.0138581672559306,0.220603888253179,0.220603888253179,0.000151156401851173,0.000192590110513091,1.38572298445478,4.26991063218726e-16,92.0476921904047,0.000171946074771586,92.0036216423176
3.84,0.0137517046251674,0.21584795591901,0.21584795591901,0.000162460400312814,0.000206835744576139,1.38573189673923,2.96565002644755e-16,92.0479920683083,0.000164630557016638,92.0027420631457
3.86,0.0136488663868242,0.211230234121588,0.211230234121588,0.000169566523247682,0.000216420346376811,1.38573663874483,1.44666646912853e-16,92.0482918905177,0.000157678171008872,92.0018442811499
3.88,0.0135496118111873,0.206752334755843,0.206752334755843,0.000172432145198645,0.000221259439948662,1.38573719531348,3.12994626957872e-16,92.0485916345465,0.000151077920465227,92.0009283225825
3.9,0.0134539013520039,0.202414857248664,0.202414857248664,0.000171141044395471,0.000221386472628371,1.38573365583089,2.78248780346594e-16,92.0488912798539,0.000144817597488454,91.9999942260391
3.92,0.0133616966141229,0.198217362382541,0.198217362382541,0.000165897001271832,0.00021694822947893,1.38572620874031,2.93409387229021e-16,92.0491908078453,0.000138883903686164,91.999042042409
3.94,0.0132729603176329,0.194158374430055,0.194158374430055,0.0001570203023244,0.000208197629103291,1.38571513378456,3.84675990144631e-16,92.049490201893,0.000133262600441841,91.9980718348057
3.96,0.0131876562586851,0.190235409783213,0.190235409783213,0.000144948679779569,0.000195484159768888,1.38570079224037,1.96261557335472e-17,92.0497894473779,0.000127938679813963,91.9970836784777
3.98,0.0131057492673215,0.186445029462373,0.186445029462373,0.00013024783818947,0.000179242264342072,1.38568361545016,3.48606051999724e-16,92.0500885317537,0.000122896548154688,91.9960776606987
4,0.0130272051627872,0.182782912327152,0.182782912327152,0.000113643712526188,0.00015997802296619,1.38566409198887,1.21248774188261e-16,92.0503874446314,0.000118120215654012,91.995053880638
4.02,0.0129519907069263,0.179243946158338,0.179243946158338,9.61044007992387e-05,0.000138254513048164,1.38564275382621,5.48479951605604e-16,92.0506861778825,0.00011359348597195,91.9940124492116
4.04,0.0128800735562709,0.175822333271641,0.175822333271641,7.90322110233064e-05,0.000114676246522283,1.38562016185811,6.45975867416037e-17,92.0509847257572,0.00010930014126554,91.9929534889147
4.06,0.0128114222134629,0.172511707546038,0.172511707546038,6.46453937107196e-05,8.98730942273662e-05,1.38559689118467,1.69210397158558e-16,92.0512830850137,0.000105224118958463,91.9918771336371
4.08,0.0127460059785992,0.169305260092059,0.169305260092059,5.6277459920978e-05,6.71295491259105e-05,1.38557351650598,4.13626373344833e-16,92.0515812550533,0.000101349677457407,91.9907835284628
4.1,0.0126837949009944,0.166195869928365,0.166195869928365,5.68698560569216e-05,9.00480626664368e-05,1.38555059799244,2.45130606544515e-16,92.0518792380554,9.7661548773399e-05,91.9896728294553
4.12,0.0126247597317822,0.163176237950633,0.163176237950633,6.55685823833324e-05,0.000111978092451226,1.38552866796265,2.8888919027333e-17,92.0521770391082,9.41450765072607e-05,91.9885452034291
4.14,0.0125688718776418,0.160239020403115,0.160239020403115,7.86805197787265e-05,0.00013242738365804,1.38550821867144,1.50751362659743e-16,92.0524746663284,9.0786338079254e-05,91.9874008277099
4.16,0.0125161033558475,0.157376960074027,0.157376960074027,9.30988734580321e-05,0.000150954581994656,1.38548969147311,1.39008982115133e-16,92.0527721309655,8.75722502237472e-05,91.9862398898826
4.18,0.0124664267507222,0.154583011992128,0.154583011992128,0.000106987360884761,0.000167178472624929,1.38547346758248,2.92093643437091e-16,92.0530694474871,8.44906569519574e-05,91.9850625875287
4.2,0.0124198151715498,0.151850461758008,0.151850461758008,0.000119293757771953,0.000180785445396792,1.38545986060971,3.15649767605859e-16,92.0533666336398,8.1530399213292e-05,91.9838691279537
4.22,0.0123762422118849,0.149173033392242,0.149173033392242,0.000129386741551222,0.00019153505997771,1.38544911099512,2.88221751899302e-16,92.0536637104848,7.86813655754715e-05,91.9826597279034
4.24,0.012335681910264,0.146544984917522,0.146544984917522,0.000136882173371681,0.000199263635439539,1.38544138241966,1.01665254806537e-16,92.0539607024055,7.59345233178627e-05,91.9814346132695
4.26,0.0122981087122469,0.143961189223891,0.143961189223891,0.000141563880528651,0.00020388583993447,1.38543676021517,3.93176775597799e-16,92.0542576370858,7.32819295677373e-05,91.9801940187847
4.28,0.0122634974338083,0.141417198319501,0.141417198319501,0.000143345594656625,0.000205394306056705,1.38543525174905,1.81475623842492e-16,92.05455454546,7.07167223767732e-05,91.9789381877062
4.3,0.0122318232260943,0.138909289778804,0.138909289778804,0.00014225086191303,0.000203857345174807,1.38543678870993,2.87105906626411e-16,92.0548514616341,6.82330920213316e-05,91.9776673714877
4.32,0.012203061541627,0.136434493543687,0.136434493543687,0.000138401243123978,0.000199414878250703,1.38544123117685,3.20593919726288e-16,92.0551484227804,6.58262332873872e-05,91.9763818294394
4.34,0.0121771881020643,0.133990599282343,0.133990599282343,0.000132009022153665,0.000192272740563659,1.38544837331454,4.08551010907525e-17,92.0554454690068,6.34922800824882e-05,91.975081828377
4.36,0.012154178867669,0.131576143768037,0.131576143768037,0.000123373613558611,0.000182695552473744,1.38545795050263,8.21020998839574e-17,92.0557426432044,6.12282242547346e-05,91.9737676422582
4.38,0.0121340100086389,0.129190378922524,0.129190378922524,0.000112883011872486,0.000170998377183817,1.38546964767792,4.90915505670432e-16,92.0560399908748,5.90318210450615e-05,91.9724395518086
4.4,0.0121166578784765,0.12683322191327,0.12683322191327,0.000101024177670074,0.000157537408962405,1.38548310864614,4.17411622145613e-16,92.0563375599414,5.69014841352763e-05,91.9710978441374
4.42,0.0121020989895311,0.124505189008321,0.124505189008321,8.84102411740876e-05,0.0001426999511005,1.385497946104,2.74415489405283e-16,92.0566354005475,5.48361735913284e-05,91.9697428123428
4.44,0.0120903099908385,0.122207315363282,0.122207315363282,7.5837838800574e-05,0.000126893951832407,1.38551375210327,1.36209856952169e-16,92.056933564845,5.28352803069738e-05,91.9683747551098
4.46,0.0120812676483263,0.11994106408149,0.11994106408149,6.43861200779864e-05,0.000110537368591457,1.38553010868651,3.75213910902444e-16,92.0572321067766,5.08985105597373e-05,91.9669939762995
4.48,0.0120749488273911,0.117708227096765,0.117708227096765,5.55097619316471e-05,9.40476264517098e-05,1.38554659842865,2.23198091154061e-16,92.0575310818571,4.90257742920261e-05,91.9656007845336
4.5,0.0120713304778226,0.115510821979518,0.115510821979518,5.08404124943402e-05,7.78314257603441e-05,1.38556281462934,2.43026442240089e-16,92.0578305469551,4.72170803570421e-05,91.9641954927726
4.52,0.0120703896209816,0.113350987719783,0.113350987719783,5.12564174084841e-05,6.22751372683084e-05,1.38557837091783,3.75213910902444e-16,92.0581305600807,4.54724416716305e-05,91.9627784178918
4.54,0.0120721033390703,0.111230883005216,0.111230883005216,5.59659276593152e-05,6.47933031765469e-05,1.38559291005403,5.65991472918462e-16,92.0584311801817,4.37917925460571e-05,91.9613498802526
4.56,0.0120764487663618,0.109152590630599,0.109152590630599,6.31341859507452e-05,7.75444817346926e-05,1.38560611173593,3.70825293135795e-16,92.0587324669531,4.21749199009033e-05,91.9599102032741
4.58,0.0120834030821293,0.107118030234595,0.107118030234595,7.10718666051162e-05,8.86894475584654e-05,1.38561769925407,4.18793529401857e-16,92.0590344806615,4.06214093430701e-05,91.9584597130025
4.6,0.0120929435051246,0.105128882544695,0.105128882544695,7.86272691013336e-05,9.80154330554317e-05,1.3856274448667,1.35263943723665e-16,92.0593372819897,3.9130606393993e-05,91.9569987376801
4.62,0.0121050472893492,0.103186525914867,0.103186525914867,8.50848852396565e-05,0.00010536077276968,1.38563517380481,9.51413198280327e-17,92.059640931902,3.77015925291237e-05,91.9555276073154
4.64,0.0121196917209462,0.101291987364918,0.101291987364918,9.00140177072116e-05,0.000110617186909856,1.38564076685271,1.95277783935775e-16,92.0599454915347,3.63331750271743e-05,91.9540466532528
4.66,0.0121368541159991,0.0994459079396069,0.0994459079396069,9.31717502005699e-05,0.000114437307989546,1.38564416148598,3.01502725319486e-16,92.0602510221118,3.50238892539463e-05,91.9525562077438
4.68,0.0121565118191144,0.0976485220495479,0.0976485220495479,9.44499619269875e-05,0.000116549963724344,1.38564535158513,1.12743681122073e-16,92.0605575848889,3.37720116092369e-05,91.951056603519
4.7,0.0121786422026296,0.0958996510161455,0.0958996510161455,9.38473113571145e-05,0.000116221529536942,1.38564438577717,3.30357427920038e-17,92.0608652411246,3.25755811454536e-05,91.9495481733618
4.72,0.0122032226663114,0.0941987084278694,0.0941987084278694,9.1454851480379e-05,0.000113524787865638,1.38564136448945,2.13495531609363e-16,92.06117405208,3.1432427823666e-05,91.9480312496836
4.74,0.0122302306374939,0.0925447165278716,0.0925447165278716,8.74500650065422e-05,0.000108587972968754,1.38563643582909,5.13040374369232e-17,92.0614840790464,3.03402054142947e-05,91.946506164102
4.76,0.0122596435715104,0.0909363317181704,0.0909363317181704,8.20978098643368e-05,0.000101589872096186,1.38562979042646,3.79551788087166e-16,92.0617953833972,2.92964271817584e-05,91.9449732470206
4.78,0.0122914389523794,0.089371877527334,0.089371877527334,7.57589682155272e-05,9.27538488924018e-05,1.38562165540214,1.37849587538812e-16,92.0621080266661,2.82985027812228e-05,91.9434328272129
4.8,0.0123255942936136,0.0878493825207693,0.0878493825207693,6.89085390504091e-05,8.2340969513206e-05,1.38561228763346,1.96261557335472e-17,92.0624220706445,2.73437749595317e-05,91.9418852314101
4.82,0.0123620871391115,0.0863666227298575,0.0863666227298575,6.21618112132046e-05,7.14549669549314e-05,1.38560196650794,4.3958499870543e-16,92.0627375774986,2.64295551109464e-05,91.9403307838937
4.84,0.012400895063965,0.0849211661286976,0.0849211661286976,5.62910693711804e-05,6.06570322330136e-05,1.38559098635805,1.12743681122073e-16,92.0630546099002,2.55531568685014e-05,91.9387698060938
4.86,0.0124419956751235,0.0835104186826299,0.0835104186826299,5.21724252442561e-05,6.09972823966132e-05,1.38557964877271,5.13040374369232e-17,92.0633732311691,2.47119272536431e-05,91.9372026161938
4.88,0.012485366611761,0.0821316708420429,0.0821316708420429,5.0562797423461e-05,7.23910768614111e-05,1.38556825497824,4.12771852738843e-16,92.0636935054217,2.39032751638097e-05,91.9356295287435
4.9,0.0125309855452179,0.0807821433349399,0.0807821433349399,5.17327773767207e-05,8.35475817686504e-05,1.38555709847333,1.57009245868378e-16,92.0640154977235,2.31246969718244e-05,91.9340508542797
4.92,0.012578830178398,0.0794590329744886,0.0794590329744886,5.52880843503738e-05,9.41879648694854e-05,1.38554645809023,5.43423645178765e-17,92.06433927424,2.23737993393275e-05,91.9324668989568
4.94,0.0126288782444715,0.0781595562259103,0.0781595562259103,6.04117581551196e-05,0.00010405441644723,1.38553659163865,4.31254721670377e-16,92.0646649023835,2.16483191352839e-05,91.9308779641873
4.96,0.0126811075047788,0.0768809919183226,0.0768809919183226,6.62402344465182e-05,0.000112915785815071,1.38552773026929,8.62955915345466e-17,92.064992450953,2.09461406013249e-05,91.9292843462931
4.98,0.0127354957458037,0.0756207211949878,0.0756207211949878,7.20638970944943e-05,0.000120572383392581,1.38552007367171,2.76745034502517e-16,92.0653219902631,2.02653096785867e-05,91.9276863361688
5,0.0127920207751321,0.0743762654114448,0.0743762654114448,7.73594059977959e-05,0.000126859857756401,1.38551378619735,1.41526221675092e-16,92.0656535922608,1.9604045481099e-05,91.9260842189563
5.02,0.0128506588819751,0.073145320654819,0.073145320654819,8.17598722896608e-05,0.000131652084348399,1.38550899397075,1.9560625815268e-16,92.0659873306246,1.89607489287435e-05,91.9244782737279
5.04,0.0129113679228517,0.0719257996067842,0.0719257996067842,8.50195526591877e-05,0.000134863097146942,1.38550578295795,7.60117743061015e-17,92.0663232806448,1.83340139988675e-05,91.9228687729939
5.06,0.0129740704729284,0.0707159025794385,0.0707159025794385,8.69876420142056e-05,0.000136448193021943,1.38550419786208,3.67171752872013e-17,92.066661518474,1.77226520735232e-05,91.9212559816891
5.08,0.013038653135836,0.0695141798334238,0.0695141798334238,8.75909048599936e-05,0.00013640398674486,1.38550424206836,1.37149246407634e-16,92.0670021203813,1.71257093285706e-05,91.9196401563746
5.1,0.0131049688322876,0.0683195631192724,0.0683195631192724,8.6822313740187e-05,0.00013476730441897,1.38550587875068,1.81475623842492e-16,92.0673451624093,1.654246584967e-05,91.9180215451521
5.12,0.0131728405764882,0.0671313725822335,0.0671313725822335,8.47334833327425e-05,0.000131613032193334,1.38550903302291,1.02920428944548e-16,92.0676907202791,1.59724220750501e-05,91.9164003881605
5.14,0.013242066420375,0.0659493061078122,0.0659493061078122,8.14296202370414e-05,0.000127051049831461,1.38551359500527,3.92523114670944e-17,92.0680388694205,1.54152772454418e-05,91.9147769184856
5.16,0.0133124250890523,0.0647734171912973,0.0647734171912973,7.70664811972843e-05,0.000121222380632169,1.38551942367447,2.42232668397551e-16,92.0683896850605,1.48709029412563e-05,91.9131513633237
5.18,0.0133836818209519,0.0636040829485458,0.0636040829485458,7.18494211507125e-05,0.000114294694568917,1.38552635136053,3.04995764419612e-16,92.0687432423297,1.43393138960387e-05,91.9115239452614
5.2,0.0134555940044745,0.0624419655227552,0.0624419655227552,6.60350156257408e-05,0.000106457306652485,1.38553418874845,2.46696952236214e-16,92.0690996163611,1.38206378321202e-05,91.9098948835616
5.22,0.0135279163200404,0.0612879691647181,0.0612879691647181,5.99357179561912e-05,9.79158157312643e-05,1.38554273023937,2.50057044547384e-16,92.0694588823705,1.33150854925379e-05,91.9082643953747
5.24,0.0136004052174688,0.060143194350517,0.060143194350517,5.39266128451297e-05,8.88865297226094e-05,1.38555175952538,4.31477957672733e-17,92.0698211157101,1.28229218118546e-05,91.9066326968267
5.26,0.0136728226620086,0.0590088899433632,0.0590088899433632,4.84480740699828e-05,7.95908213853114e-05,1.38556105523372,6.10201979605823e-17,92.0701863918962,1.234443901952e-05,91.9050000039599
5.28,0.013744939158808,0.0578864058050905,0.0578864058050905,4.39853326467121e-05,7.0249554185331e-05,1.38557039650092,5.60921344974553e-16,92.0705547866105,1.18799321603437e-05,91.9033665335211
5.3,0.0138165361137873,0.0567771451977183,0.0567771451977183,4.09899767860015e-05,6.1077710646007e-05,1.38557956834446,4.01897156831541e-16,92.0709263756819,1.1429677522924e-05,91.901732503605
5.32,0.0138874076129116,0.0556825202823443,0.0556825202823443,3.97265630400413e-05,5.2279345903683e-05,1.3855883667092,5.66558314796049e-17,92.0713012350513,1.09939142850929e-05,91.9000981341674
5.34,0.0139573617078025,0.0546039095247726,0.0546039095247726,4.01255223612148e-05,5.0715216395103e-05,1.3855966030779,2.8888919027333e-17,92.0716794407252,1.05728295764747e-05,91.8984636474256
5.36,0.0140262212902236,0.0535426202299584,0.0535426202299584,4.17925502854288e-05,5.70294897075385e-05,1.38560410854918,1.79161470206219e-16,92.0720610687231,1.01665470671226e-05,91.8968292681608
5.38,0.0140938246266668,0.0524998553265941,0.0524998553265941,4.41812715305119e-05,6.25243324552383e-05,1.3856107373022,1.71471660878152e-16,92.0724461950226,9.7751191034452e-06,91.8951952239387
5.4,0.0141600256114126,0.0514766857437404,0.0514766857437404,4.67711463947784e-05,6.70898848273982e-05,1.38561636938461,1.40616075760831e-16,92.072834895506,9.39852219276908e-06,91.8935617452601
5.42,0.0142246937845142,0.0504740288319463,0.0504740288319463,4.91521808327432e-05,7.06425835321767e-05,1.38562091277885,9.27495934488645e-17,92.0732272459104,9.03665567500774e-06,91.8919290656485
5.44,0.0142877141516121,0.0494926333587469,0.0494926333587469,5.10361033671248e-05,7.31263876119215e-05,1.38562430472028,2.69815032749915e-16,92.0736233217853,8.68934318461529e-06,91.8902974216857
5.46,0.0143489868355436,0.0485330699619121,0.0485330699619121,5.22397705072247e-05,7.4513291385303e-05,1.38562651226019,3.34797136731091e-16,92.0740231984571,8.35633650696499e-06,91.8886670529983
5.48,0.0144084265852013,0.0475957280388673,0.0475957280388673,5.26656614825558e-05,7.4803134358925e-05,1.38562753208473,2.98076446739867e-16,92.0744269510037,8.03732133879049e-06,91.8870382022018
5.5,0.0144659621643109,0.0466808168224484,0.0466808168224484,5.2286991518527e-05,7.40227348470235e-05,1.38562738961881,1.72777064849482e-16,92.0748346542387,7.73192449607946e-06,91.8854111148063
5.52,0.0145215356412612,0.0457883720637829,0.0457883720637829,5.1138146049168e-05,7.22243897717245e-05,1.3856261374605,2.929714625264e-16,92.0752463827052,7.43972205109248e-06,91.8837860390891
5.54,0.014575101600048,0.0449182651736367,0.0449182651736367,4.93095442335138e-05,6.94837972918805e-05,1.38562385320596,5.55111512312578e-16,92.0756622106802,7.16024794093331e-06,91.8821632259377
5.56,0.0146266262915696,0.0440702156332831,0.0440702156332831,4.69459970827186e-05,6.58974712526295e-05,1.38562063673818,3.92523114670944e-17,92.076082212188,6.89300269761957e-06,91.880542928669
5.58,0.0146760867435026,0.0432438050839573,0.0432438050839573,4.42474868747407e-05,6.15797267375928e-05,1.38561660706332,2.18106555670307e-16,92.0765064610227,6.63746190042235e-06,91.8789254028279
5.6,0.0147234698457764,0.0424384930717299,0.0424384930717299,4.14699940836187e-05,5.66593239861302e-05,1.38561189878654,1.95277783935775e-16,92.0769350307768,6.3930842092012e-06,91.8773109059711
5.62,0.0147687714271712,0.0416536318674967,0.0416536318674967,3.89203505635937e-05,5.12758635786703e-05,1.38560665832536,1.28447654151087e-16,92.0773679948775,6.15931871933091e-06,91.8756996974398
5.64,0.0148119953368757,0.0408884827173553,0.0408884827173553,3.69329846069621e-05,4.55760289466145e-05,1.38560103996135,1.55571590062152e-16,92.0778054266262,5.93561164207805e-06,91.8740920381247
5.66,0.0148531525430105,0.040142231876952,0.040142231876952,3.58139489832277e-05,4.54442231951901e-05,1.38559520183191,4.12071381474304e-16,92.0782473992408,5.72141222363834e-06,91.8724881902288
5.68,0.0148922602582899,0.039414005564256,0.039414005564256,3.5755172370408e-05,5.13440934630793e-05,1.38558930196164,6.60714855840077e-17,92.078693985899,5.51617799396456e-06,91.8708884170288
5.7,0.014929341101137,0.038702884887735,0.038702884887735,3.6762958949586e-05,5.71516261300697e-05,1.38558349442897,2.97860995720216e-16,92.0791452597803,5.31937936660056e-06,91.8692929826399
5.72,0.0149644222988934,0.0380079212525572,0.0380079212525572,3.86586385890521e-05,6.27202983047859e-05,1.3855779257568,1.39008982115133e-16,92.0796012941048,5.13050367293639e-06,91.8677021517862
5.74,0.0149975349381681,0.0373281507788234,0.0373281507788234,4.11517703852325e-05,6.79144473285653e-05,1.38557273160777,5.19259272631903e-17,92.0800621621679,4.94905873696074e-06,91.8661161895774
5.76,0.0150287132659541,0.0366626091596593,0.0366626091596593,4.39276223455691e-05,7.26122004113261e-05,1.38556803385469,4.02934106662422e-16,92.0805279373681,4.77457600256519e-06,91.8645353612951
5.78,0.0150579940439172,0.036010346683363,0.036010346683363,4.67035336415043e-05,7.67079702559403e-05,1.38556393808485,2.8587344631293e-16,92.0809986932278,4.60661329102885e-06,91.862959932189
5.8,0.015085415957156,0.035370442080703,0.035370442080703,4.92506897088589e-05,8.011447030154e-05,1.3855605315848,1.79161470206219e-17,92.0814745034049,4.44475716264653e-06,91.8613901672847
5.82,0.0151110190778191,0.034742017787558,0.034742017787558,5.13962405690713e-05,8.2764216452702e-05,1.38555788183865,5.33227397511014e-16,92.0819554416953,4.28862489841208e-06,91.8598263312027
5.84,0.015134844383155,0.0341242529451338,0.0341242529451338,5.30182397353147e-05,8.46104958300842e-05,1.38555603555927,1.35263943723665e-16,92.0824415820253,4.13786600243104e-06,91.8582686879904
5.86,0.0151569333269293,0.0335163963710122,0.0335163963710122,5.40394241573613e-05,8.56277967007379e-05,1.3855550182584,4.62777927105281e-16,92.0829329984336,3.99216326508241e-06,91.856717500966
5.88,0.0151773274625476,0.0329177774116626,0.0329177774116626,5.44218318300633e-05,8.58117071116382e-05,1.38555483434799,3.42756074501418e-16,92.0834297650433,3.85123321190383e-06,91.8551730325751
5.9,0.0151960681158096,0.0323278155527174,0.0323278155527174,5.41625719075744e-05,8.51783024558017e-05,1.38555546775265,3.9521249789171e-16,92.0839319560243,3.7148259738806e-06,91.85363554426
5.92,0.0152131961048135,0.0317460267043937,0.0317460267043937,5.3290550962328e-05,8.37630539913814e-05,1.38555688300111,4.16795970450446e-16,92.0844396455458,3.58272449138452e-06,91.8521052963401
5.94,0.0152287515042678,0.0311720278178269,0.0311720278178269,5.18638802943305e-05,8.16193009596233e-05,1.38555902675414,2.21755295870668e-16,92.0849529077217,3.45474307731747e-06,91.8505825479052
5.96,0.0152427734512409,0.0306055369310956,0.0306055369310956,4.99677088742659e-05,7.88163381744145e-05,1.38556182971693,1.82005480806102e-16,92.0854718165473,3.33072530185093e-06,91.8490675567183
5.98,0.0152552999892401,0.0300463722543679,0.0300463722543679,4.77121969847124e-05,7.54371786011454e-05,1.3855652088765,2.55517171858815e-16,92.0859964458311,3.21054133810687e-06,91.8475605791306
6,0.0152663679474206,0.0294944455679829,0.0294944455679829,4.52301737957779e-05,7.15760563969603e-05,1.3855690699987,2.96889531287519e-16,92.0865268691214,3.09408476829795e-06,91.8460618700051
6.02,0.0152760128516882,0.0289497549648222,0.0289497549648222,4.26736227346393e-05,6.73357400347019e-05,1.38557331031507,8.05230659258805e-17,92.0870631596294,2.98126902535254e-06,91.84457168265
6.04,0.0152842688644855,0.0284123726501309,0.0284123726501309,4.0207482678349e-05,6.28247274432336e-05,1.38557782132766,1.82885164427093e-16,92.0876053901515,2.87202358188668e-06,91.8430902687606
6.06,0.0152911687500947,0.0278824332728958,0.0278824332728958,3.79985809863308e-05,5.81543955886499e-05,1.38558249165951,1.25413029144353e-16,92.0881536329903,2.76629006444139e-06,91.8416178783694
6.08,0.0152967438623869,0.0273601191126666,0.0273601191126666,3.61977169298363e-05,5.34361756214796e-05,1.38558720987948,1.40158786498563e-16,92.0887079598773,2.66401842316961e-06,91.8401547598024
6.1,0.0153010241520672,0.0268456444461694,0.0268456444461694,3.49155606623848e-05,4.87788217300444e-05,1.38559186723337,2.05528741169923e-16,92.0892684418992,2.56516332524797e-06,91.838701159643
6.12,0.0153040381906157,0.0263392410834467,0.0263392410834467,3.41986914375927e-05,4.42858372797783e-05,1.38559636021782,1.78083256982728e-16,92.0898351494267,2.46968089785796e-06,91.8372573227009
6.14,0.0153058132082806,0.025841142897059,0.025841142897059,3.40170673782754e-05,4.3129969244271e-05,1.38560059293921,7.60117743061015e-17,92.0904081520503,2.37752593886671e-06,91.8358234919868
6.16,0.0153063751436563,0.0253515730670336,0.0253515730670336,3.42715178799439e-05,4.65924062740264e-05,1.38560447920719,1.07496882123731e-16,92.0909875185214,2.2886496434236e-06,91.8343999086906
6.18,0.0153057487025809,0.0248707324955323,0.0248707324955323,3.48187622316607e-05,4.96150157645037e-05,1.38560794432049,2.2901854106632e-16,92.0915733167019,2.2029979409767e-06,91.8329868121646
6.2,0.0153039574242607,0.0243987897667368,0.0243987897667368,3.5502055177109e-05,5.21386607632568e-05,1.38561092651155,1.37149246407634e-16,92.0921656135214,2.12051036604489e-06,91.8315844399089
6.22,0.0153010237527346,0.0239358750427782,0.0239358750427782,3.61761348353161e-05,5.4118123684832e-05,1.38561337802613,3.51996439028738e-16,92.0927644749433,2.04111953603449e-06,91.83019302756
6.24,0.0152969691119912,0.0234820745118362,0.0234820745118362,3.67221565868747e-05,5.5522771673866e-05,1.38561526582356,1.40616075760831e-16,92.0933699659406,1.96475107650399e-06,91.8288128088815
6.26,0.0152918139832174,0.0230374288905561,0.0230374288905561,3.70540676340912e-05,5.63368462416225e-05,1.38561657189305,2.75815577521096e-16,92.0939821504807,1.89132401364565e-06,91.827444015756
6.28,0.0152855779828628,0.0226019324683642,0.0226019324683642,3.71197220566117e-05,5.65593818981913e-05,1.38561729319138,4.00617226329909e-17,92.0946010915194,1.82075143967175e-06,91.8260868781788
6.3,0.0152782799403715,0.0221755348040191,0.0221755348040191,3.68994582054047e-05,5.62037673965676e-05,1.3856174412157,5.83307486244101e-17,92.0952268510042,1.75294144628383e-06,91.8247416242517
6.32,0.0152699379745935,0.0217581441822019,0.0217581441822019,3.64037028281664e-05,5.52969714739948e-05,1.38561704123439,9.61481343191782e-17,92.0958594898863,1.68779816662881e-06,91.8234084801775
6.34,0.015260569568042,0.0213496297182388,0.0213496297182388,3.56702265637022e-05,5.38784624593003e-05,1.38561613120587,3.19390183612006e-16,92.0964990681402,1.62522285534582e-06,91.8220876702545
6.36,0.0152501916383239,0.0209498268338779,0.0209498268338779,3.47610366721937e-05,5.19988576634933e-05,1.38561476042245,2.87105906626411e-16,92.0971456447902,1.56511495125507e-06,91.8207794168705
6.38,0.01523882060618,0.0205585408349078,0.0205585408349078,3.37584249692125e-05,4.97183439205351e-05,1.38561298792137,5.43482709756427e-16,92.0977992779434,1.50737302625598e-06,91.8194839404971
6.4,0.0152264724597111,0.0201755505196893,0.0201755505196893,3.27593138336781e-05,4.71049149122216e-05,1.38561088070979,1.23608431045265e-16,92.0984600248276,1.45189563345294e-06,91.8182014596822
6.42,0.015213162814463,0.0198006116699656,0.0198006116699656,3.18668720958228e-05,4.42324739522437e-05,1.38560851185334,2.17517077414885e-16,92.099127941832,1.39858201690003e-06,91.8169321910433
6.44,0.0151989069691666,0.01943346077849,0.01943346077849,3.11787721848517e-05,4.11788526430978e-05,1.38560595847961,2.57519295882335e-16,92.0998030845517,1.34733265885646e-06,91.8156763492578
6.46,0.0151837199569756,0.0190738158701588,0.0190738158701588,3.07728742592369e-05,3.80237962860352e-05,1.38560329974819,1.05385938400875e-16,92.1004855078326,1.29804975712828e-06,91.814434147055
6.48,0.0151676165921789,0.0187213805137671,0.0187213805137671,3.06934045061179e-05,4.00312167139205e-05,1.38560061483839,6.70360838422379e-17,92.1011752658159,1.2506375596895e-06,91.8132057952046
6.5,0.0151506115123732,0.0183758448624893,0.0183758448624893,3.09423689320545e-05,4.26650521347938e-05,1.38559798100297,1.24385036157533e-16,92.1018724119818,1.20500268966002e-06,91.8119915025061
6.52,0.0151327192162002,0.018036887130038,0.018036887130038,3.14799302117606e-05,4.51743213543132e-05,1.38559547173375,2.78479405152325e-16,92.1025769991903,1.16105441097741e-06,91.8107914757763
6.54,0.0151139540967483,0.0177041774783487,0.0177041774783487,3.22336307112985e-05,4.74909749963448e-05,1.38559315508011,5.19259272631903e-17,92.1032890797186,1.11870491383741e-06,91.8096059198359
6.56,0.0150943304708032,0.0173773802105574,0.0173773802105574,3.31125034140569e-05,4.95538984990329e-05,1.3855910921566,2.65376785532872e-16,92.1040087052937,1.07786962713559e-06,91.8084350374957
6.58,0.0150738626041486,0.017056156553917,0.017056156553917,3.40211378961329e-05,5.13101850576625e-05,1.38558933587004,2.93409387229021e-16,92.1047359271193,1.03846754971351e-06,91.8072790295413
6.6,0.0150525647331345,0.0167401700500187,0.0167401700500187,3.4870537220485e-05,5.27161652092989e-05,1.38558792988989,3.05836553787161e-16,92.1054707958975,1.00042162982116e-06,91.8061380947177
6.62,0.0150304510827791,0.016429090395076,0.016429090395076,3.55849832051227e-05,5.37381758565214e-05,1.38558690787925,1.80766731977347e-16,92.1062133618437,9.63659153258496e-07,91.8050124297119
6.64,0.0150075358816552,0.0161226000786673,0.0161226000786673,3.61055932411643e-05,5.43530585079832e-05,1.38558629299659,3.92523114670944e-17,92.1069636746936,9.28112149839071e-07,91.8039022291368
6.66,0.0149838333738387,0.0158203990377297,0.0158203990377297,3.63916550357806e-05,5.45483834484273e-05,1.38558609767165,3.82751970736998e-16,92.1077217837055,8.93717772370459e-07,91.8028076855121
6.68,0.0149593578281986,0.0155222100330773,0.0155222100330773,3.6420653522718e-05,5.432240339176e-05,1.38558632365171,1.06597310809817e-16,92.1084877376533,8.60418599452737e-07,91.8017289892467
6.7,0.0149341235452909,0.0152277852141564,0.0152277852141564,3.61875837429913e-05,5.36837466662554e-05,1.38558696230844,2.31666242218393e-16,92.1092615848151,8.28162899221743e-07,91.800666328619
6.72,0.0149081448621353,0.0149369106761155,0.0149369106761155,3.57038677175861e-05,5.26508660290137e-05,1.38558799518907,8.62955915345466e-17,92.1100433729537,7.96904733013943e-07,91.7996198897574
6.74,0.0148814361551338,0.0146494100343268,0.0146494100343268,3.49959994987328e-05,5.12512646444474e-05,1.38558939479046,4.53529842524786e-16,92.1108331492926,7.6660397465267e-07,91.798589856621
6.76,0.0148540118413733,0.0143651482445094,0.0143651482445094,3.41039081463375e-05,4.95205255262032e-05,1.38559112552958,6.98500001845454e-17,92.1116309604866,7.37226167245162e-07,91.7975764109787
6.78,0.0148258863785528,0.0140840317937107,0.0140840317937107,3.30789228780537e-05,4.75011746638998e-05,1.38559314488044,1.1159904557703e-16,92.1124368525877,7.08742223276406e-07,91.7965797323888
6.8,0.0147970742637596,0.0138060109760003,0.0138060109760003,3.19811325381787e-05,4.52414111420385e-05,1.38559540464396,1.46211567198694e-16,92.1132508710082,6.81128037431352e-07,91.7955999981787
6.82,0.0147675900312858,0.0135310763701379,0.0135310763701379,3.0875866786856e-05,4.27937397187161e-05,1.38559785231538,3.92523114670944e-17,92.1140730604799,6.5436392246305e-07,91.7946373834238
6.84,0.0147374482496876,0.013259258027424,0.013259258027424,2.98290462852983e-05,4.02135425474626e-05,1.38560043251255,7.72682523912663e-17,92.1149034650134,6.28433993469291e-07,91.7936920609266
6.86,0.0147066635182494,0.0129906209352594,0.0129906209352594,2.89013528929075e-05,3.75576270126299e-05,1.38560308842809,2.18106555670307e-16,92.1157421278546,6.03325473094428e-07,91.7927642011963
6.88,0.0146752504630099,0.0127252602235316,0.0127252602235316,2.81416444291711e-05,3.48827860201517e-05,1.38560576326908,8.55484294927236e-17,92.1165890914428,5.79027972623031e-07,91.7918539724279
6.9,0.0146432237324873,0.0124632965038343,0.0124632965038343,2.75807176112922e-05,3.34332253371095e-05,1.38560840164951,2.71711822589382e-16,92.1174443973693,5.55532777413057e-07,91.7909615404816
6.92,0.0146105979932254,0.0122048692006283,0.0122048692006283,2.72270594453939e-05,3.55696273266481e-05,1.38561095090278,4.16333634234434e-16,92.1183080863371,5.32832164151859e-07,91.790087068863
6.94,0.0145773879252729,0.0119501310709809,0.0119501310709809,2.70661013544306e-05,3.75647354158293e-05,1.38561336228491,1.26432664048552e-16,92.1191801981244,5.10918781757834e-07,91.7892307187024
6.96,0.0145436082176821,0.0116992421639661,0.0116992421639661,2.70634815505095e-05,3.93737885400203e-05,1.38561559204237,8.813578979258e-17,92.1200607715505,4.89785127268367e-07,91.7883926487361
6.98,0.0145092735641122,0.0114523655853274,0.0114523655853274,2.71714108930373e-05,4.09579488660494e-05,1.38561760232301,2.92423134397389e-16,92.1209498444456,4.69423109963754e-07,91.7875730152861
7,0.0144743986586028,0.0112096611873613,0.0112096611873613,2.73363051418141e-05,4.22850583077228e-05,1.38561936191269,2.60123698868067e-16,92.1218474536255,4.49823711441742e-07,91.7867719722422
7.02,0.0144389981915777,0.0109712830787491,0.0109712830787491,2.75058706006124e-05,4.33302085880438e-05,1.38562084678536,2.50826058288707e-16,92.1227536348701,4.30976769608154e-07,91.7859896710428
7.04,0.0144030868461169,0.0107373747000577,0.0107373747000577,2.76345448383656e-05,4.40761168980508e-05,1.38562204045922,1.49897240416619e-16,92.1236684229075,4.12870833545604e-07,91.7852262606569
7.06,0.0143666792945422,0.0105080694419717,0.0105080694419717,2.76870059658841e-05,4.45133041537815e-05,1.38562293415645,3.19390183612006e-16,92.1245918514029,3.95493101314376e-07,91.7844818875672
7.08,0.0143297901953343,0.0102834842362261,0.0102834842362261,2.76399846322904e-05,4.46400777784906e-05,1.38562352676899,4.21619892636652e-16,92.1255239529523,3.78829445507111e-07,91.7837566957522
7.1,0.0142924341904081,0.0100637229343246,0.0100637229343246,2.74827909560576e-05,4.4462325606176e-05,1.3856238246376,1.88247472696781e-16,92.1264647590818,3.62864440249982e-07,91.7830508266697
7.12,0.014254625902744,0.00984887150126161,0.00984887150126161,2.72169277169726e-05,4.39931319136111e-05,1.38562384115559,1.66533453693773e-16,92.1274143002503,3.47581463421413e-07,91.7823644192407
7.14,0.0142163799343974,0.00963899962691856,0.00963899962691856,2.68550342060463e-05,4.32522305375826e-05,1.38562359621255,4.31477957672733e-17,92.1283726058581,3.32962771387459e-07,91.7816976098337
7.16,0.0141777108648642,0.00943415800594933,0.00943415800594933,2.6419273290388e-05,4.2265313569656e-05,1.38562311549702,1.21248774188261e-16,92.129339704258,3.18989598327533e-07,91.7810505322488
7.18,0.0141386332498065,0.00923437862830782,0.00923437862830782,2.59391756307899e-05,4.10632169967062e-05,1.38562242967967,2.4421226548065e-16,92.1303156227705,3.05642243023878e-07,91.7804233177035
7.2,0.0140991616201211,0.00903967344937116,0.00903967344937116,2.54489111183764e-05,3.96810070186771e-05,1.38562157350072,4.87371890662315e-17,92.1313003877018,2.92900131542836e-07,91.779816094818
7.22,0.0140593104813336,0.00885003296633153,0.00885003296633153,2.49839899910518e-05,3.8156992427707e-05,1.38562058478736,3.30357427920038e-17,92.1322940243636,2.80741903059987e-07,91.7792289896009
7.24,0.0140190943133017,0.00866542424146733,0.00866542424146733,2.45775234548979e-05,3.65316894068712e-05,1.38561950342708,2.0094857841577e-16,92.1332965570946,2.69145448915396e-07,91.778662125436
7.26,0.0139785275701955,0.00848579032586837,0.00848579032586837,2.4256387086109e-05,3.48467654760487e-05,1.38561837032382,2.68622737774948e-16,92.1343080092827,2.58087982527337e-07,91.7781156230694
7.28,0.0139376246807441,0.00831105030277555,0.00831105030277555,2.40378594642312e-05,3.31439889260654e-05,1.38561722636272,9.87828175927473e-17,92.1353284033876,2.47546106413039e-07,91.7775896005962
7.3,0.0138964000487084,0.00814109605812375,0.00814109605812375,2.39274182763344e-05,3.14642091472361e-05,1.38561611140885,2.8888919027333e-17,92.1363577609626,2.37495916336036e-07,91.7770841734489
7.32,0.0138548680535674,0.00797579493635342,0.00797579493635342,2.39182355857954e-05,2.98463916967862e-05,1.38561506336296,2.61354769156666e-16,92.1373961026754,2.27913098221059e-07,91.7765994543853
7.34,0.013813043051378,0.00781498936325734,0.00781498936325734,2.39925148806774e-05,2.83267298351042e-05,1.38561411729587,1.98376330569734e-16,92.1384434483272,2.18773100286479e-07,91.7761355534775
7.36,0.0137709393757942,0.00765849866458694,0.00765849866458694,2.41243223998051e-05,2.73413752904794e-05,1.38561330467981,5.37484410618657e-17,92.1394998168699,2.10051310480547e-07,91.7756925781007
7.38,0.0137285713392161,0.00750612192212597,0.00750612192212597,2.42832249875658e-05,2.79933224704987e-05,1.38561265273263,1.44222201478767e-16,92.1405652264195,2.01723267669087e-07,91.775270632923
7.4,0.0136859532340394,0.00735764296271642,0.00735764296271642,2.44379930104913e-05,2.84621679755848e-05,1.38561218388713,1.36445310640356e-16,92.1416396942687,1.93764925861222e-07,91.7748698198951
7.42,0.0136430993339934,0.00721283535190804,0.00721283535190804,2.4559813697756e-05,2.873066060749e-05,1.38561191539449,4.08551010907525e-17,92.1427232368937,1.8615290638098e-07,91.7744902382409
7.44,0.0136000238955342,0.00707146587700227,0.00707146587700227,2.46247360982734e-05,2.87869878290437e-05,1.38561185906727,1.61245323185597e-16,92.1438158699599,1.78864804523423e-07,91.7741319844484
7.46,0.0135567411592825,0.00693330491640975,0.00693330491640975,2.46153003904728e-05,2.86248915530862e-05,1.38561202116355,2.70765088621744e-16,92.1449176083223,1.71879435458134e-07,91.7737951522603
7.48,0.013513265351479,0.00679813136737435,0.00679813136737435,2.45214364224942e-05,2.82436443743705e-05,1.38561240241073,4.79470372072168e-16,92.1460284660239,1.65177129313405e-07,91.7734798326664
7.5,0.0134696106854414,0.00666573969750238,0.00666573969750238,2.43407581233403e-05,2.76478913181499e-05,1.38561299816378,9.54781043141982e-17,92.1471484562896,1.58739945256917e-07,91.7731861138946
7.52,0.0134257913630125,0.00653594709276794,0.00653594709276794,2.4078365669248e-05,2.6847365295124e-05,1.38561379868981,1.93129084439137e-16,92.1482775915178,1.52551869182856e-07,91.7729140814038
7.54,0.0133818215759714,0.00640860226199913,0.00640860226199913,2.37462280640676e-05,2.5856487288145e-05,1.38561478956781,2.73360717445329e-16,92.1494158832684,1.46598970415105e-07,91.7726638178764
7.56,0.0133377155074017,0.00628358622975224,0.00628358622975224,2.33621769374868e-05,2.46938647390227e-05,1.38561595219036,1.30677384578333e-16,92.1505633422488,1.40869474996111e-07,91.7724354032109
7.58,0.0132934873329976,0.00616082099149704,0.00616082099149704,2.29485126226938e-05,2.46745354512967e-05,1.38561726435145,2.3605841026662e-16,92.1517199782969,1.35353797027512e-07,91.7722289145156
7.6,0.0132491512223014,0.00604027362948737,0.00604027362948737,2.25302186363711e-05,2.55734115586215e-05,1.3856187009035,2.2044870664935e-16,92.1528858003635,1.30044497686192e-07,91.772044426102
7.62,0.0132047213398453,0.00592195409548403,0.00592195409548403,2.21328133449703e-05,2.65747843473108e-05,1.38562023446532,9.06493303673679e-17,92.1540608164921,1.24936194095322e-07,91.7718820094789
7.64,0.0131602118462015,0.00580592050159608,0.00580592050159608,2.1779946064431e-05,2.76494348421252e-05,1.38562183616187,2.20303051723208e-16,92.1552450337987,1.2002540744276e-07,91.7717417333463
7.66,0.0131156368989232,0.0056922760813105,0.0056922760813105,2.14909607990163e-05,2.87672674481598e-05,1.38562347637699,1.23348476118107e-16,92.1564384584507,1.15310365776069e-07,91.7716236635904
7.68,0.0130710106533577,0.00558116939459866,0.00558116939459866,2.12787663933208e-05,2.98980712585273e-05,1.38562512550011,1.26432664048552e-16,92.1576410956462,1.1079077786771e-07,91.7715278632784
7.7,0.0130263472633357,0.00547278850298339,0.00547278850298339,2.11484021285953e-05,3.10122600648555e-05,1.38562675464901,1.79161470206219e-17,92.158852949594,1.06467579114738e-07,91.7714543926535
7.72,0.0129816608817221,0.00536736134493746,0.00536736134493746,2.10966123472355e-05,3.20815737482327e-05,1.38562821846543,5.13040374369232e-17,92.1600740234938,1.02342657187627e-07,91.7714033091308
7.74,0.0129369656608175,0.00526514503458414,0.00526514503458414,2.11125370485991e-05,3.30797251755222e-05,1.38562940815637,2.41170239292692e-16,92.161304319519,9.8418589251024e-08,91.7713746672932
7.76,0.0128922757526103,0.00516642546314979,0.00516642546314979,2.11793611683293e-05,3.39829785822587e-05,1.38563051083962,4.60274150786893e-17,92.1625438388002,9.46983531476668e-08,91.7713685188872
7.78,0.012847605308865,0.00507150565200608,0.00507150565200608,2.127655819119e-05,3.47706475289922e-05,1.38563150130165,2.71120501273473e-16,92.1637925814111,9.11851056030595e-08,91.7713849128199
7.8,0.0128029684810528,0.00498070324979619,0.00498070324979619,2.13822940284829e-05,3.5425502826314e-05,1.38563235790958,7.21111007393836e-17,92.1650505463573,8.78819117316142e-08,91.7714238951559
7.82,0.01275837942011,0.00489433910053409,0.00489433910053409,2.14756239238056e-05,3.59340833555599e-05,1.38563306302487,1.64399564738579e-16,92.1663177315664,8.47915680825593e-08,91.7714855091142
7.84,0.0127138522760237,0.0048127301483778,0.0048127301483778,2.15382553470218e-05,3.62869052650261e-05,1.38563360330613,4.24049123499807e-16,92.1675941338822,8.19163765051464e-08,91.771569795066
7.86,0.0126694011972461,0.00473618385256184,0.00473618385256184,2.15557912268441e-05,3.64785676727486e-05,1.38563396989728,2.18106555670307e-16,92.1688797490599,7.92580178217532e-08,91.7716767905325
7.88,0.0126250403299291,0.00466498271887905,0.00466498271887905,2.15184674947349e-05,3.65077555382065e-05,1.38563415850002,5.31478809715679e-17,92.1701745717658,7.68173951246698e-08,91.7718065301831
7.9,0.0125807838169809,0.00459938497766014,0.00459938497766014,2.14214485984038e-05,3.63771429015003e-05,1.38563416933268,1.28447654151087e-16,92.1714785955781,7.4594527217915e-08,91.771959045834
7.92,0.012536645796934,0.0045396073695994,0.0045396073695994,2.12647564426442e-05,3.60932019687343e-05,1.38563400697998,2.36194349471821e-16,92.1727918129912,7.25884647207479e-08,91.7721343664471
7.94,0.0124926404026414,0.00448582610604342,0.00448582610604342,2.10528994531891e-05,3.56659256697256e-05,1.38563368014091,7.55883070874643e-17,92.1741142154215,7.07972167787808e-08,91.7723325181288
7.96,0.0124487817597756,0.00443816293279509,0.00443816293279509,2.07942532758081e-05,3.51084731766704e-05,1.38563320128412,1.9560625815268e-16,92.1754457932162,6.92177269557939e-08,91.7725535241301
7.98,0.0124050839851465,0.00439668369371325,0.00439668369371325,2.05002323626177e-05,3.44367494231612e-05,1.38563258622225,4.93133606957886e-16,92.1767865356631,6.78458173027422e-08,91.7727974048459
8,0.0123615611848295,0.00436139359962139,0.00436139359962139,2.01842879771388e-05,3.36689309805571e-05,1.38563185361814,2.50569982613688e-16,92.1781364310025,6.66762235557081e-08,91.7730641778154
8.02,0.0123182274520964,0.0043322333261736,0.0043322333261736,1.98607757471982e-05,3.2824951493593e-05,1.38563102443714,3.06779687423602e-16,92.1794954664395,6.57025811531527e-08,91.7733538577225
8.04,0.0122750968651649,0.00430908076717267,0.00430908076717267,1.95437551647689e-05,3.19259605034983e-05,1.38563012136072,1.9560625815268e-16,92.1808636281584,6.49174850242178e-08,91.7736664563965
8.06,0.012232183484739,0.00429175214803062,0.00429175214803062,1.92458105779922e-05,3.09937696840734e-05,1.38562916817681,2.23198091154061e-16,92.1822409013361,6.43125537165014e-08,91.7740019828134
8.08,0.0121895013513627,0.00428000552450923,0.00428000552450923,1.89770094770964e-05,3.00503003611841e-05,1.38562818916267,2.45784463685047e-16,92.1836272701567,6.38785041314351e-08,91.7743604430971
8.1,0.0121470644825702,0.00427354588583058,0.00427354588583058,1.87441261076875e-05,2.91170457513701e-05,1.38562720847544,7.38701665701193e-17,92.1850227178258,6.36052826728176e-08,91.7747418405216
8.12,0.0121048868698392,0.00427203447288961,0.00427203447288961,1.85502435443989e-05,2.82145605450257e-05,1.38562624956511,3.8973282508321e-16,92.1864272265833,6.34821722871625e-08,91.7751461755125
8.14,0.0120629824753342,0.00427509708926787,0.00427509708926787,1.83947998837529e-05,2.73619894171073e-05,1.38562533462358,1.15833121109196e-16,92.1878407777167,6.3497972792933e-08,91.77557344565
8.16,0.0120213652284591,0.00428233524760459,0.00428233524760459,1.82740721126708e-05,2.65766447296034e-05,1.38562448408196,1.88588192383168e-16,92.1892633515723,6.36411652983737e-08,91.7760236456712
8.18,0.0119800490221937,0.00429333336151309,0.00429333336151309,1.81820150440219e-05,2.5873642167662e-05,1.38562371616705,1.6283008188824e-16,92.1906949275655,6.39000944594013e-08,91.7764967674736
8.2,0.0119390477092327,0.00430767252349043,0.00430767252349043,1.81113162507282e-05,2.52656013590702e-05,1.38562304652579,1.1911206455961e-16,92.1921354841897,6.42631815959743e-08,91.7769928001183
8.22,0.0118983750979148,0.00432494182166509,0.00432494182166509,1.80545063086091e-05,2.47624167428739e-05,1.38562248792477,1.1159904557703e-16,92.193584999023,6.47191122537849e-08,91.7775117298339
8.24,0.0118580449479524,0.00434474453263575,0.00434474453263575,1.80049769663816e-05,2.43711020562198e-05,1.38562205002975,2.56895308302175e-16,92.1950434487339,6.52570546244317e-08,91.7780535400205
8.26,0.011818070965948,0.00436670951031972,0.00436670951031972,1.79577960567466e-05,2.40957099166828e-05,1.38562173926794,5.06745162040676e-17,92.1965108090845,6.58668393924924e-08,91.7786182112542
8.28,0.0117784668007116,0.00439049758540575,0.00439049758540575,1.79102512338889e-05,2.39373261055054e-05,1.38562155877393,6.65555322425615e-17,92.1979870549326,6.65391357252878e-08,91.7792057212917
8.3,0.0117392460383737,0.00441580619209717,0.00441580619209717,1.78620931627038e-05,2.38941363495115e-05,1.3856215084177,5.32263369789207e-16,92.1994721602314,6.72656272626467e-08,91.7798160450759
8.32,0.0117004221972904,0.00444237757940271,0.00444237757940271,1.78154779177838e-05,2.39615616948186e-05,1.3856215849117,6.45975867416037e-17,92.2009660980279,6.80391206037468e-08,91.7804491547408
8.34,0.0116620087227525,0.00446999680865935,0.00446999680865935,1.77746295794532e-05,2.41324570324775e-05,1.38562178199151,1.48822694373047e-16,92.2024688404601,6.88536547582841e-08,91.7811050196173
8.36,0.0116240189814934,0.0044984971278104,0.0044984971278104,1.77452618120433e-05,2.4397365948392e-05,1.38562209066369,1.37149246407634e-16,92.2039803587522,6.97045662385787e-08,91.7817836062394
8.38,0.0115864662559944,0.00452775741687299,0.00452775741687299,1.77338157791261e-05,2.47448239367731e-05,1.38562249951234,5.06745162040676e-17,92.205500623209,7.05885073817973e-08,91.7824848783509
8.4,0.0115493637386006,0.00455770074541772,0.00455770074541772,1.77465922889589e-05,2.516170106448e-05,1.38562299505516,2.50441846587608e-16,92.2070296032095,7.15034569575571e-08,91.7832087969116
8.42,0.0115127245254413,0.00458829507406608,0.00458829507406608,1.77888754782793e-05,2.56335745036917e-05,1.38562356213868,9.53098608278622e-17,92.2085672671997,7.24486598974587e-08,91.7839553201044
8.44,0.0114765616101618,0.00461954387890468,0.00461954387890468,1.78641565028062e-05,2.61451209326857e-05,1.38562418436183,2.54699313492289e-16,92.2101135826849,7.34245602743276e-08,91.7847244033433
8.46,0.0114408878774702,0.00465148568368126,0.00465148568368126,1.79735604966065e-05,2.66805186055485e-05,1.38562484451644,1.69210397158558e-16,92.2116685162219,7.44326942618651e-08,91.7855159992802
8.48,0.0114057160965015,0.0046841874652071,0.0046841874652071,1.81155538807364e-05,2.7223849004443e-05,1.38562552503356,4.30379265766187e-16,92.213232033411,7.54755575396206e-08,91.7863300578137
8.5,0.0113710589140102,0.0047177391815004,0.0047177391815004,1.82859648345549e-05,2.77594882924781e-05,1.38562620842441,2.31146071869159e-16,92.2148040988891,7.655646064387e-08,91.7871665260969
8.52,0.0113369288473948,0.00475224707454978,0.00475224707454978,1.84782981848238e-05,2.82724793523315e-05,1.3856268777053,3.30357427920038e-17,92.2163846763225,7.76793524956879e-08,91.7880253485464
8.54,0.0113033382775541,0.00478782794954885,0.00478782794954885,1.86842813376316e-05,2.87488759533883e-05,1.38562751679678,3.42615571902974e-16,92.2179737284007,7.88486598404224e-08,91.7889064668513
8.56,0.0112702994415938,0.00482460560404716,0.00482460560404716,1.88945514739185e-05,2.91760515231942e-05,1.38562811088801,4.8167453807924e-16,92.2195712168316,8.00690919713809e-08,91.7898098199824
8.58,0.0112378244253912,0.00486269858995654,0.00486269858995654,1.90993896433296e-05,2.95429661125723e-05,1.3856286467585,3.39793319778384e-16,92.2211771023374,8.13454782406493e-08,91.7907353442018
8.6,0.0112059251560127,0.00490222129674962,0.00490222129674962,1.92894205881244e-05,2.98403863501218e-05,1.38562911305086,3.12609813124043e-16,92.2227913446516,8.26825896585085e-08,91.7916829730732
8.62,0.0111746133940196,0.00494327701161483,0.00494327701161483,1.94562198857554e-05,3.00610544810009e-05,1.38562950048922,3.04706207248339e-16,92.2244139025181,8.40849682074701e-08,91.7926526374718
8.64,0.0111439007256491,0.00498595103632549,0.00498595103632549,1.95927942408923e-05,3.01998039806683e-05,1.38562980204,6.05157482747452e-16,92.2260447336909,8.5556787014791e-08,91.7936442655954
8.66,0.0111137985549031,0.00503031043098901,0.00503031043098901,1.96939210353012e-05,3.02536205636361e-05,1.38563001301261,1.13735787946455e-16,92.2276837949359,8.71017081141695e-08,91.7946577829751
8.68,0.0110843180955384,0.00507640140475227,0.00507640140475227,1.97563475843767e-05,3.02216488285989e-05,1.38563013109976,7.43034263941447e-17,92.2293310420339,8.87227705837565e-08,91.7956931124863
8.7,0.0110554703629927,0.00512424366388793,0.00512424366388793,1.9778859116539e-05,3.01051460451784e-05,1.38563015635823,2.44113666890205e-16,92.2309864297847,9.04222806128216e-08,91.7967501743612
8.72,0.0110272661662455,0.00517383469644583,0.00517383469644583,1.97622288880494e-05,2.99073858678334e-05,1.38563009113237,3.4743007823801e-16,92.2326499120136,9.22017464096466e-08,91.7978288861999
8.74,0.0109997160996345,0.00522514221827648,0.00522514221827648,1.97090657347079e-05,2.96335158840311e-05,1.38562993992417,3.15446319458648e-17,92.234321441578,9.40618116629276e-08,91.7989291629828
8.76,0.0109728305346522,0.0052781119604843,0.0052781119604843,1.96235752327459e-05,2.92903738878802e-05,1.38562970921466,1.81032891726861e-16,92.2360009703755,9.60022203438201e-08,91.8000509170836
8.78,0.0109466196117227,0.00533266343019026,0.00533266343019026,1.95112515723037e-05,2.88862686670388e-05,1.38562940724251,3.90986814785022e-16,92.237688449354,9.80218118842997e-08,91.8011940582819
8.8,0.0109210932319903,0.00538869488912532,0.00538869488912532,1.93785187019889e-05,2.84307317151011e-05,1.38562904374672,1.39297322981102e-16,92.239383828521,1.00118509123066e-07,91.8023584937763
8.82,0.0108962610491368,0.0054460826270699,0.0054460826270699,1.92323415183628e-05,2.79342468583188e-05,1.38562862968073,2.38257812276563e-16,92.2410870569549,1.02289375200862e-07,91.8035441281982
8.84,0.0108721324612393,0.00550468517715679,0.00550468517715679,1.90798303842185e-05,2.74079650497416e-05,1.38562817690586,1.67685948093612e-16,92.2427980828161,1.04530631882694e-07,91.8047508636255
8.86,0.0108487166026911,0.00556434730711316,0.00556434730711316,1.89278644262268e-05,2.68634117464028e-05,1.38562769787218,2.619987654574e-16,92.2445168533586,1.06837746829467e-07,91.805978599597
8.88,0.0108260223362118,0.00562490130744491,0.00562490130744491,1.87827598152562e-05,2.63121942474243e-05,1.38562720529519,2.12968660112983e-16,92.246243314942,1.09205515565818e-07,91.8072272331263
8.9,0.0108040582449551,0.00568617235463833,0.00568617235463833,1.8650007428907e-05,2.57657161049085e-05,1.38562671183604,2.84973763684183e-16,92.2479774130429,1.11628157430699e-07,91.8084966587174
8.92,0.0107828326247442,0.00574798001718194,0.00574798001718194,1.85340992010855e-05,2.5234905373317e-05,1.38562622979332,2.55517171858815e-16,92.2497190922665,1.1409944093995e-07,91.8097867683792
8.94,0.0107623534764509,0.00581014351246132,0.00581014351246132,1.84384538835415e-05,2.47299628726161e-05,1.3856257708133,2.49189067357068e-16,92.2514682963577,1.16612793719628e-07,91.8110974516412
8.96,0.010742628498544,0.00587248533808587,0.00587248533808587,1.83654417919794e-05,2.42601359898842e-05,1.38562534562537,1.66195804055799e-16,92.2532249682114,1.19161463548702e-07,91.8124285955693
8.98,0.0107236650798105,0.00593483283856908,0.00593483283856908,1.83164960804635e-05,2.38335227495945e-05,1.38562496380817,1.6233650669427e-16,92.2549890498826,1.21738622988577e-07,91.8137800847817
9,0.0107054702923093,0.00599702417956265,0.00599702417956265,1.8292287449954e-05,2.34569099728521e-05,1.38562463359126,3.44623968847031e-17,92.2567604825956,1.24337543444215e-07,91.8151518014652
9.02,0.0106880508845286,0.00605890843413369,0.00605890843413369,1.82929320507304e-05,2.31356484305945e-05,1.38562436169598,5.13993618755446e-16,92.2585392067517,1.26951705579626e-07,91.8165436253921
9.04,0.0106714132748051,0.00612034878399782,0.00612034878399782,1.83181999789413e-05,2.28735668850177e-05,1.38562415321832,2.46957043981868e-17,92.2603251619374,1.29574957949746e-07,91.8179554339374
9.06,0.0106555635450089,0.0061812256232831,0.0061812256232831,1.83676944653443e-05,2.2672925909184e-05,1.38562401155505,3.53928938441301e-16,92.2621182869302,1.32201608129382e-07,91.8193871020953
9.08,0.0106405074345185,0.00624143748508231,0.00624143748508231,1.84409787806382e-05,2.25344113771175e-05,1.38562393837391,5.3438493850783e-16,92.2639185197046,1.34826561094213e-07,91.8208385024977
9.1,0.0106262503344999,0.00630090203441153,0.00630090203441153,1.85376376218268e-05,2.24571665716766e-05,1.3856239336269,3.66865648814742e-16,92.2657257974366,1.37445389616696e-07,91.8223095054314
9.12,0.0106127972825237,0.00635955765126711,0.00635955765126711,1.86572705322598e-05,2.24388609095794e-05,1.38562399560521,2.86826267028913e-16,92.2675400565075,1.40054418644727e-07,91.823799978857
9.14,0.0106001529575081,0.00641736154525565,0.00641736154525565,1.87994251856941e-05,2.24757925011421e-05,1.38562412103295,4.88440960466021e-16,92.2693612325069,1.42650789911584e-07,91.8253097884266
9.16,0.0105883216750417,0.00647429211343837,0.00647429211343837,1.89634867498149e-05,2.25630209840233e-05,1.38562430519632,1.23608431045265e-16,92.2711892602354,1.45232460971602e-07,91.8268387975036
9.18,0.010577307383078,0.00653034635591951,0.00653034635591951,1.9148545102395e-05,2.26945264649725e-05,1.38562454210395,8.15135467768147e-17,92.2730240737061,1.47798259202514e-07,91.8283868671807
9.2,0.0105671136580173,0.00658554011932769,0.00658554011932769,1.93532638273106e-05,2.28633898862185e-05,1.38562482467332,5.09902483316444e-17,92.2748656061459,1.50347830213937e-07,91.8299538563002
9.22,0.0105577437012043,0.00663990622400149,0.00663990622400149,1.95757735720655e-05,2.30619897583217e-05,1.38562514493818,7.48414741632353e-17,92.2767137899968,1.5288162627544e-07,91.8315396214735
9.24,0.0105492003358428,0.00669349086481194,0.00669349086481194,1.98136079249375e-05,2.32822099655028e-05,1.38562549427095,2.66131684894604e-16,92.2785685569163,1.55400849421226e-07,91.8331440171007
9.26,0.0105414860043378,0.00674635372116008,0.00674635372116008,2.00636933106457e-05,2.35156532231162e-05,1.38562586361443,2.96131744557101e-16,92.2804298377783,1.57907381054223e-07,91.8347668953913
9.28,0.0105346027660896,0.00679856641877467,0.00679856641877467,2.03223967707248e-05,2.37538548195637e-05,1.38562624371669,2.23951837757774e-16,92.2822975626739,1.60403688406326e-07,91.8364081063847
9.3,0.0105285522957295,0.00685020644694104,0.00685020644694104,2.05856280936437e-05,2.39884914223776e-05,1.38562662536342,1.26749617827551e-16,92.2841716609123,1.6289273726675e-07,91.8380674979711
9.32,0.0105233358818181,0.00690135885338691,0.00690135885338691,2.08489867254546e-05,2.42115799973242e-05,1.3856269996021,2.45849753754916e-16,92.2860520610223,1.65377873369757e-07,91.8397449159126
9.34,0.0105189544260119,0.00695210994665234,0.00695210994665234,2.11079398711772e-05,2.44156623125935e-05,1.38562735795264,5.19259272631903e-17,92.2879386907535,1.67862725479735e-07,91.8414402038647
9.36,0.0105154084426944,0.0070025483977403,0.0070025483977403,2.13580163754564e-05,2.45939709619947e-05,1.38562769260007,5.50757629308019e-17,92.2898314770793,1.70351066045883e-07,91.8431532033981
9.38,0.0105126980590874,0.00705275987713082,0.00705275987713082,2.15950011177686e-05,2.50385031586031e-05,1.38562799656474,5.24242504060915e-16,92.2917303461992,1.72846712840797e-07,91.8448837540207
9.4,0.0105108230158256,0.00710282616778821,0.00710282616778821,2.1815116330172e-05,2.56287319937432e-05,1.38562826384693,1.95442090051453e-16,92.2936352235427,1.75353405526557e-07,91.8466316931999
9.42,0.0105097826680212,0.00715282359067269,0.00715282359067269,2.20151787519948e-05,2.61768490357195e-05,1.38562848954285,1.40958069153898e-16,92.2955460337738,1.77874704882498e-07,91.8483968563854
9.44,0.0105095759867947,0.00720282047378581,0.00720282047378581,2.21927245351111e-05,2.66802873962746e-05,1.38562866993028,7.69560561553849e-17,92.297462700796,1.80413888175677e-07,91.8501790770317
9.46,0.0105102015612743,0.00725287537101865,0.00725287537101865,2.23460967027852e-05,2.71375966833798e-05,1.38562880252263,9.66476085078058e-17,92.2993851477581,1.8297386044274e-07,91.8519781866217
9.48,0.010511657601068,0.00730303649650294,0.00730303649650294,2.24744927024523e-05,2.75484434164586e-05,1.38562888609103,2.41702037599492e-16,92.3013132970615,1.85557077825886e-07,91.85379401469
9.5,0.0105139419391978,0.00735334117932305,0.00735334117932305,2.25779719504049e-05,2.79135841936284e-05,1.38562892065505,9.22290116379347e-17,92.3032470703676,1.88165494052689e-07,91.8556263888466
9.52,0.0105170520354809,0.00740381327262973,0.00740381327262973,2.26574252651673e-05,2.82348131031007e-05,1.38562890744304,4.62014323915307e-17,92.3051863886059,1.90800486182877e-07,91.857475134801
9.54,0.0105209849803606,0.00745446609707522,0.00745446609707522,2.27145097716131e-05,2.85148854499706e-05,1.38562884882426,1.98052450630349e-16,92.3071311719836,1.93462850268857e-07,91.8593400763862
9.56,0.0105257374991759,0.0075052994898189,0.0075052994898189,2.27515542547126e-05,2.87574203963192e-05,1.38562874821513,7.55883070874643e-17,92.3090813399953,1.96152759407468e-07,91.8612210355838
9.58,0.0105313059568453,0.0075563020411194,0.0075563020411194,2.27714410646216e-05,2.89667855146725e-05,1.3856286099628,1.79161470206219e-17,92.3110368114329,1.98869777240562e-07,91.8631178325483
9.6,0.0105376863629716,0.00760745017909403,0.00760745017909403,2.27774715562046e-05,2.91479666452155e-05,1.38562843920954,9.78031290763402e-17,92.3129975043969,2.0161285602635e-07,91.8650302856325
9.62,0.0105448743773383,0.0076587116249882,0.0076587116249882,2.27732226027328e-05,2.93064266587706e-05,1.38562824174196,4.0951233181373e-16,92.3149633363077,2.04380373283841e-07,91.8669582114129
9.64,0.010552865315785,0.00771004346546122,0.00771004346546122,2.27624019486094e-05,2.94479569309392e-05,1.38562802382907,1.5328517645723e-16,92.3169342239167,2.07170171812437e-07,91.8689014247147
9.66,0.0105616541564573,0.00776139476257676,0.00776139476257676,2.27487099120909e-05,2.95785253399128e-05,1.38562779205361,4.27742147463618e-17,92.3189100833183,2.09979595372046e-07,91.8708597386389
9.68,0.0105712355463987,0.00781270868610009,0.00781270868610009,2.27357142691575e-05,2.9704124633767e-05,1.38562755314094,1.14298839842873e-16,92.3208908299621,2.12805576436884e-07,91.8728329645872
9.7,0.0105816038084739,0.00786392284406025,0.00786392284406025,2.27267438855707e-05,2.98306248163183e-05,1.38562731378973,3.15191824605231e-16,92.322876378664,2.15644697912437e-07,91.8748209122892
9.72,0.0105927529486052,0.00791497286492917,0.00791497286492917,2.27248050190989e-05,2.99636330540753e-05,1.38562708050859,1.57468562049654e-16,92.3248666436185,2.18493265460019e-07,91.8768233898284
9.74,0.0106046766633064,0.0079657908491335,0.0079657908491335,2.27325221755792e-05,3.01083642730848e-05,1.38562685946238,4.87371890662315e-17,92.3268615384101,2.21347405858183e-07,91.87884020367
9.76,0.0106173683474788,0.00801630946542087,0.00801630946542087,2.27521032638658e-05,3.02695252736296e-05,1.3856266563317,1.83978854145268e-16,92.3288609760248,2.2420314318459e-07,91.8808711586871
9.78,0.0106308211024684,0.00806646304037142,0.00806646304037142,2.2785326760963e-05,3.04512147837332e-05,1.38562647618864,2.8587344631293e-16,92.3308648688606,2.27056502963381e-07,91.8829160581889
9.8,0.0106450277443529,0.00811619003962476,0.00811619003962476,2.28335469229759e-05,3.06568413868114e-05,1.3856263233912,1.05462056820623e-16,92.3328731287387,2.29903589793546e-07,91.8849747039478
9.82,0.0106599808124334,0.00816543112569043,0.00816543112569043,2.28977120004127e-05,3.08890607940704e-05,1.38562620149848,3.60555503696918e-17,92.3348856669132,2.32740662084299e-07,91.8870468962274
9.84,0.0106756725779274,0.00821413389495063,0.00821413389495063,2.29783900252787e-05,3.11497333844724e-05,1.38562611320809,4.59942773586818e-16,92.336902394081,2.35564241988426e-07,91.8891324338109
9.86,0.0106920950528165,0.00826225277111393,0.00826225277111393,2.3075797102277e-05,3.14399024454737e-05,1.38562606031651,3.73348603486107e-16,92.3389232203913,2.38371157832689e-07,91.8912311140292
9.88,0.0107092399988485,0.00830974894999514,0.00830974894999514,2.31898241171853e-05,3.17597930039604e-05,1.38562604370279,3.51540189402076e-17,92.3409480554539,2.4115861740672e-07,91.8933427327894
9.9,0.010727098936663,0.00835659336050768,0.00835659336050768,2.33200592202069e-05,3.21088306522999e-05,1.38562606333515,4.02615329629402e-17,92.3429768083476,2.43924259554547e-07,91.8954670846039
9.92,0.0107456631550227,0.00840276298450472,0.00840276298450472,2.34658050971284e-05,3.24856793088024e-05,1.38562611829978,1.01111216595665e-16,92.3450093876286,2.46666195158515e-07,91.8976039626194
9.94,0.010764923720124,0.0084482469695454,0.0084482469695454,2.36260916268056e-05,3.28882964069077e-05,1.3856262068502,3.95253105392243e-16,92.3470457013371,2.4938303462262e-07,91.899753158646
9.96,0.0107848714849783,0.00849304066796133,0.00849304066796133,2.37996858578761e-05,3.33140036499202e-05,1.38562632647559,1.52497882209806e-16,92.3490856570053,2.52073892211985e-07,91.9019144631868
9.98,0.0108054970988271,0.00853714871240389,0.00853714871240389,2.39851020983536e-05,3.3759571123948e-05,1.38562647398569,3.38657833496082e-16,92.3511291616634,2.5473840244643e-07,91.9040876654676
10,0.010826791016591,0.00858058456492315,0.00858058456492315,2.41806152601747e-05,3.42213123261104e-05,1.38562664560968,2.73478115225035e-16,92.3531761218466,2.57376695510124e-07,91.9062725534668
10.02,0.0108487435083157,0.00862336869562711,0.00862336869562711,2.43842803936577e-05,3.46951874488077e-05,1.38562683710629,7.90140677541366e-17,92.3552264436017,2.5998938182234e-07,91.9084689139456
10.04,0.0108713446686062,0.00866552901142505,0.00866552901142505,2.45939607023398e-05,3.51769121664791e-05,1.385627043882,1.23673334400247e-16,92.3572800324926,2.62577507196233e-07,91.9106765324782
10.06,0.0108945844260342,0.00870709797284591,0.00870709797284591,2.4807365331793e-05,3.56620690953324e-05,1.38562726111425,1.21513221120044e-16,92.3593367936073,2.65142516676557e-07,91.9128951934826
10.08,0.0109184525524895,0.00874811504815863,0.00874811504815863,2.50220970805084e-05,3.61462191316164e-05,1.38562748387639,1.12885944498694e-16,92.3613966315639,2.67686191376211e-07,91.915124680251
10.1,0.0109429386724757,0.0087886214308704,0.0087886214308704,2.52357090301174e-05,3.66250099688159e-05,1.3856277072615,4.7531845313729e-16,92.363459450517,2.70210604117175e-07,91.9173647749809
10.12,0.0109680322723206,0.00882866188208902,0.00882866188208902,2.54457680581045e-05,3.70942792178308e-05,1.38562792650173,4.18889325896328e-16,92.3655251541642,2.72718027337234e-07,91.9196152588064
10.14,0.0109937227092898,0.00886828315299424,0.00886828315299424,2.56499224280067e-05,3.75501497917874e-05,1.38562813708071,5.14602144722741e-17,92.367593645753,2.75210888730909e-07,91.9218759118294
10.16,0.0110199992205995,0.00890753105821611,0.00890753105821611,2.58459701667279e-05,3.7989115462489e-05,1.38562833483631,2.31666242218393e-16,92.3696648280882,2.77691688317292e-07,91.924146513151
10.18,0.0110468509323033,0.0089464515353524,0.0089464515353524,2.60319247595508e-05,3.84081147908333e-05,1.38562851605155,1.70533111624245e-16,92.3717386035389,2.8016292466899e-07,91.9264268409032
10.2,0.0110742668680468,0.00898508883484658,0.00898508883484658,2.62060748253392e-05,3.88045919947899e-05,1.38562867753185,3.12712476448033e-16,92.3738148740466,2.82627042356272e-07,91.928716672281
10.22,0.0111022359576736,0.00902348363263373,0.00902348363263373,2.63670347822009e-05,3.91765436464908e-05,1.3856288166671,2.07123367854102e-16,92.3758935411337,2.85086349014906e-07,91.9310157835743
10.24,0.0111307470456867,0.0090616729975629,0.0090616729975629,2.65137840836578e-05,3.95225505072094e-05,1.38562893147757,2.38156748512832e-16,92.3779745059119,2.87542969058433e-07,91.9333239502001
10.26,0.0111597888995332,0.00909969071700653,0.00909969071700653,2.66456932524445e-05,3.98417941456231e-05,1.38562902064288,6.57061105124025e-17,92.3800576690913,2.8999879015799e-07,91.9356409467349
10.28,0.0111893502177292,0.00913756314450539,0.00913756314450539,2.6762535710355e-05,4.01340584192944e-05,1.38562908351407,2.56895308302175e-16,92.3821429309907,2.9245541068646e-07,91.9379665469474
10.3,0.0112194196377884,0.00917531325122463,0.00917531325122463,2.68644851259118e-05,4.03997162163883e-05,1.38562912010869,1.72823504056032e-16,92.3842301915469,2.94914112235133e-07,91.9403005238311
10.32,0.0112499857439782,0.0092129578109728,0.0092129578109728,2.69520987470938e-05,4.06397022310045e-05,1.38562913108989,1.32930084028232e-16,92.3863193503257,2.97375823933591e-07,91.9426426496369
10.34,0.0112810370748739,0.00925050642559287,0.00925050642559287,2.70262878414827e-05,4.08554728568156e-05,1.38562911773022,5.62293072341792e-17,92.3884103065325,2.99841116181575e-07,91.9449926959067
10.36,0.0113125621307151,0.00928796347644754,0.00928796347644754,2.70882769394603e-05,4.10489545608073e-05,1.38562908186167,1.93792760224811e-16,92.3905029590238,3.0231017702296e-07,91.9473504335062
10.38,0.0113445493805604,0.00932532799547393,0.00932532799547393,2.71395540224053e-05,4.12224823354013e-05,1.38562902581349,4.35181699061528e-17,92.3925972063187,3.04782830950142e-07,91.949715632658
10.4,0.0113769872692301,0.00936259217605531,0.00936259217605531,2.71818141401219e-05,4.13787300357349e-05,1.38562895233976,1.37032174899823e-16,92.3946929466108,3.07258527814267e-07,91.9520880629757
10.42,0.0114098642240441,0.00939974449370051,0.00939974449370051,2.72168991024492e-05,4.15206345358854e-05,1.38562886453877,7.21111007393836e-17,92.39679007778,3.09736386219974e-07,91.9544674934968
10.44,0.0114431686613447,0.00943676792428677,0.00943676792428677,2.7246735921818e-05,4.16513157397436e-05,1.38562876576639,1.88970767718661e-16,92.3988884974053,3.122151973827e-07,91.9568536927168
10.46,0.0114768889928033,0.00947364031898557,0.00947364031898557,2.72732765564176e-05,4.17739945242079e-05,1.3856286595458,1.6944735343927e-16,92.4009881027766,3.14693477684532e-07,91.9592464286229
10.48,0.0115110136315081,0.00951033821802694,0.00951033821802694,2.72984412265e-05,4.18919106668358e-05,1.38562854947587,3.20593919726288e-16,92.4030887909074,3.17169497121868e-07,91.9616454687281
10.5,0.011545530997847,0.00954683465776304,0.00954683465776304,2.73240671923738e-05,4.20082427736723e-05,1.38562843914043,3.00863270251123e-16,92.4051904585471,3.19641328968284e-07,91.9640505801049
10.52,0.0115804295251601,0.00958310006912383,0.00958310006912383,2.73518643895706e-05,4.21260320879746e-05,1.38562833202076,1.60896576519841e-16,92.4072930021934,3.22106895580091e-07,91.96646152942
10.54,0.0116156976651843,0.00961910448006829,0.00961910448006829,2.73833787892916e-05,4.22481119282114e-05,1.38562823141314,8.60161663275435e-17,92.4093963181047,3.24564031077629e-07,91.968878082968
10.56,0.0116513238932816,0.00965481800625294,0.00965481800625294,2.74199638144217e-05,4.23770443052085e-05,1.38562814035355,2.16518693718639e-16,92.4115003023118,3.2701051606105e-07,91.9713000067063
10.58,0.0116872967134532,0.00969021132984526,0.00969021132984526,2.74627596512048e-05,4.25150650538164e-05,1.38562806155094,3.20443699997747e-16,92.4136048506303,3.29444148006236e-07,91.9737270662894
10.6,0.0117236046631421,0.00972525560496725,0.00972525560496725,2.75126798899243e-05,4.26640385575716e-05,1.38562799733058,2.53372581020338e-17,92.4157098586717,3.31862774051933e-07,91.9761590271032
10.62,0.0117602363178286,0.00975992467983429,0.00975992467983429,2.75704046464688e-05,4.28254228943548e-05,1.38562794958857,2.24952904601774e-16,92.4178152218555,3.34264360913494e-07,91.9785956542999
10.64,0.0117971802954135,0.00979419429467727,0.00979419429467727,2.76363791641434e-05,4.30002459350654e-05,1.38562791975817,5.84681592945027e-17,92.41992083542,3.36647018508912e-07,91.9810367128329
10.66,0.0118344252604066,0.00982804422679934,0.00982804422679934,2.77108168856262e-05,4.31890926613221e-05,1.38562790878852,2.89693626658706e-16,92.4220265944334,3.39009054443318e-07,91.9834819674911
10.68,0.0118719599279089,0.00986145795336256,0.00986145795336256,2.77937060846489e-05,4.33921036693263e-05,1.38562791713591,3.079545426599e-16,92.4241323938041,3.4134899715285e-07,91.9859311829342
10.7,0.0119097730674006,0.00989442066554482,0.00989442066554482,2.78848193454515e-05,4.36089845727849e-05,1.38562794476731,1.70014701076147e-16,92.4262381282916,3.43665631102605e-07,91.9883841237276
10.72,0.0119478535063312,0.00992692455673095,0.00992692455673095,2.7983725420975e-05,4.38390257511134e-05,1.38562799117591,1.39297322981102e-16,92.4283436925161,3.45958023305646e-07,91.9908405543769
10.74,0.0119861901335332,0.00995896412851267,0.00995896412851267,2.808980323541e-05,4.4081131655993e-05,1.38562805540763,1.15347154418629e-16,92.4304489809689,3.48225511751076e-07,91.9933002393636
10.76,0.0120247719024376,0.0099905386677947,0.0099905386677947,2.82022580149581e-05,4.43338586730846e-05,1.38562813609795,3.75897672582859e-16,92.4325538880214,3.50467734816027e-07,91.9957629431799
10.78,0.0120635878341196,0.0100216520608686,0.0100216520608686,2.83201396732702e-05,4.45954603738308e-05,1.38562823151763,1.79161470206219e-16,92.4346583079353,3.52684627408352e-07,91.9982284303636
10.8,0.0121026270201628,0.0100523108013496,0.0100523108013496,2.84423636269009e-05,4.48639388230809e-05,1.38562833962591,1.48174226389121e-16,92.4367621348714,3.54876396376269e-07,92.0006964655337
10.82,0.0121418786253545,0.0100825276038518,0.0100825276038518,2.85677341966663e-05,4.51371005272261e-05,1.38562845812992,1.88460494687192e-16,92.4388652628988,3.57043522437022e-07,92.0031668134252
10.84,0.0121813318902198,0.0101123154044487,0.0101123154044487,2.86949706137626e-05,4.54126155016166e-05,1.38562858454828,2.68742205309329e-17,92.4409675860045,3.59186723050268e-07,92.0056392389244
10.86,0.0122209761333858,0.0101416923582093,0.0101416923582093,2.88227354947612e-05,4.56880779500235e-05,1.38562871627756,2.60061992379506e-16,92.4430689981017,3.61306941328314e-07,92.0081135071045
10.88,0.0122608007537987,0.0101706776492129,0.0101706776492129,2.89496654041807e-05,4.59610670073829e-05,1.38562885065962,1.38546388545712e-16,92.4451693930397,3.63405298784062e-07,92.0105893832603
10.9,0.0123007952327798,0.0101992929841092,0.0101992929841092,2.90744029112066e-05,4.62292060716685e-05,1.38562898504836,2.56926543673231e-16,92.4472686646124,3.65483068329844e-07,92.0130666329437
10.92,0.0123409491359483,0.0102275611746418,0.0102275611746418,2.91956293360815e-05,4.64902193193506e-05,1.38562911687411,1.48498814349589e-16,92.4493667065678,3.6754163473999e-07,92.015545021999
10.94,0.0123812521149916,0.0102555056681946,0.0102555056681946,2.93120972119324e-05,4.67419841083672e-05,1.38562924370419,3.61533463954695e-16,92.4514634126169,3.6958245655989e-07,92.018024316598
10.96,0.0124216939093053,0.0102831500859378,0.0102831500859378,2.94226613848079e-05,4.69825781101996e-05,1.38562936329837,2.55831036578363e-16,92.4535586764436,3.71607020782599e-07,92.0205042832754
10.98,0.0124622643474962,0.0103105183336627,0.0103105183336627,2.95263076426745e-05,4.7210320175628e-05,1.38562947365786,1.4670469361451e-16,92.4556523917142,3.73616811990357e-07,92.0229846889638
11,0.0125029533487709,0.010337632454013,0.010337632454013,2.96221778084135e-05,4.74238041265895e-05,1.385629573067,4.54625540269304e-16,92.4577444520868,3.7561326413821e-07,92.0254653010289
11.02,0.0125437509241889,0.0103645131138834,0.0103645131138834,2.97095903262846e-05,4.76219248433107e-05,1.38562966012667,1.53546710816417e-16,92.4598347512217,3.77597730659857e-07,92.0279458873051
11.04,0.0125846471778077,0.0103911798026031,0.0103911798026031,2.97880555741804e-05,4.78038962601346e-05,1.385629733779,1.1331166295921e-17,92.4619231827913,3.79571445894546e-07,92.0304262161299
11.06,0.0126256323077146,0.0104176493819418,0.0104176493819418,2.98572853125821e-05,4.79692610411142e-05,1.38562979332293,4.15658472099076e-16,92.4640096404906,3.81535511104327e-07,92.0329060563794
11.08,0.0126666966069497,0.0104439366464523,0.0104439366464523,2.99171959644594e-05,4.81178919604641e-05,1.38562983842062,3.0245937307082e-17,92.466094018048,3.83490852043636e-07,92.0353851775035
11.1,0.0127078304643274,0.0104700525769773,0.0104700525769773,2.99679056672155e-05,4.82499851937046e-05,1.38562986909466,1.26242109812076e-16,92.4681762092358,3.85438206423039e-07,92.0378633495602
11.12,0.0127490243651643,0.0104960067862409,0.0104960067862409,3.00097253038774e-05,4.83660459138502e-05,1.38562988571665,2.54825308708253e-16,92.4702561078816,3.87378121980574e-07,92.0403403432514
11.14,0.0127902688919005,0.0105218049394315,0.0105218049394315,3.00431439697379e-05,4.84668667748434e-05,1.38562988898743,3.06308483597932e-16,92.472333607879,3.89310920801634e-07,92.0428159299568
11.16,0.0128315547246494,0.0105474492182918,0.0105474492182918,3.00688095461856e-05,4.85535000116499e-05,1.38562987990996,1.1159904557703e-16,92.4744086031998,3.91236724391482e-07,92.0452898817695
11.18,0.0128728726416507,0.0105729404322281,0.0105729404322281,3.00875052309759e-05,4.8627224027209e-05,1.38562985975548,1.34311368887474e-16,92.4764809879046,3.93155432460043e-07,92.0477619715302
11.2,0.0129142135196448,0.0105982750087947,0.0105982750087947,3.01001229965088e-05,4.86895054381264e-05,1.38562983002421,2.04785557447375e-16,92.478550656155,3.95066751851731e-07,92.0502319728616
11.22,0.0129555683341683,0.0106234475158828,0.0106234475158828,3.01076350284549e-05,4.87419576391535e-05,1.38562979240151,1.58078907601313e-16,92.4806175022253,3.96970185937845e-07,92.0526996602037
11.24,0.0129969281597888,0.0106484506145712,0.0106484506145712,3.01110642091589e-05,4.87862970015573e-05,1.38562974871088,2.50249519529992e-16,92.4826814205142,3.9886507029669e-07,92.0551648088472
11.26,0.0130382841702509,0.0106732737145696,0.0106732737145696,3.01114546804627e-05,4.88242978411435e-05,1.38562970086492,4.21010394822311e-16,92.4847423055563,4.00750582356849e-07,92.0576271949685
11.28,0.0130796276385751,0.0106979062129348,0.0106979062129348,3.01098434290231e-05,4.88577472899099e-05,1.38562965081562,2.39232560870604e-16,92.4868000520343,4.02625768880521e-07,92.0600865956636
11.3,0.0131209499370829,0.0107223340592772,0.0107223340592772,3.01072337213914e-05,4.88884011737856e-05,1.38562960050511,1.83585876436006e-17,92.4888545547906,4.04489566214398e-07,92.0625427889821
11.32,0.0131622425373669,0.0107465440998188,0.0107465440998188,3.0104571061012e-05,4.89179419558283e-05,1.38562955181817,4.03570905331823e-16,92.4909057088389,4.06340838380604e-07,92.0649955539612
11.34,0.0132034970102116,0.0107705209176158,0.0107705209176158,3.01027221596201e-05,4.89479396901249e-05,1.38562950653749,5.20802394228882e-17,92.4929534093757,4.08178392988099e-07,92.0674446706596
11.36,0.0132447050254517,0.0107942515479964,0.0107942515479964,3.01024572634119e-05,4.89798168750166e-05,1.38562946630285,2.66011044958715e-16,92.4949975517919,4.10001026556072e-07,92.0698899201908
11.38,0.0132858583517933,0.0108177201589692,0.0108177201589692,3.01044359882087e-05,4.90148179366212e-05,1.38562943257497,1.29752986852654e-16,92.4970380316839,4.11807539461023e-07,92.0723310847568
11.4,0.0133269488565762,0.0108409138614076,0.0108409138614076,3.01091966880866e-05,4.90539839570481e-05,1.3856294066048,2.57924078291221e-16,92.4990747448648,4.13596763902258e-07,92.0747679476816
11.42,0.013367968505506,0.0108638196882802,0.0108638196882802,3.0117149255942e-05,4.909813310916e-05,1.38562938940896,2.72449169460883e-16,92.5011075873753,4.15367608743124e-07,92.0772002934439
11.44,0.0134089093623417,0.0108864253286634,0.0108864253286634,3.01285711886872e-05,4.91478471238427e-05,1.38562938175156,4.1172069894345e-16,92.5031364554945,4.17119060475334e-07,92.0796279077108
11.46,0.0134497635885412,0.0109087220910632,0.0109087220910632,3.01436066700011e-05,4.92034639254513e-05,1.38562938413281,3.06177464949739e-16,92.5051612457501,4.18850212148793e-07,92.0820505773699
11.48,0.0134905234428754,0.0109307003289055,0.0109307003289055,3.01622684311272e-05,4.92650764543079e-05,1.38562939678445,1.26686290510169e-17,92.5071818549291,4.20560291819266e-07,92.0844680905622
11.5,0.0135311812810176,0.0109523534740444,0.0109523534740444,3.01844421358819e-05,4.93325375192644e-05,1.38562941967188,1.45826871561025e-16,92.5091981800878,4.22248654833755e-07,92.0868802367147
11.52,0.0135717295550868,0.0109736782697182,0.0109736782697182,3.02098930568196e-05,4.94054703858993e-05,1.38562945250274,1.65178713960019e-17,92.5112101185613,4.23914815653306e-07,92.0892868065727
11.54,0.0136121608131778,0.0109946718198493,0.0109946718198493,3.02382748378664e-05,4.94832846804627e-05,1.38562949474167,4.53565228928501e-16,92.513217567974,4.25558445442197e-07,92.0916875922314
11.56,0.0136524676988575,0.0110153332721245,0.0110153332721245,3.02691401568082e-05,4.95651970684463e-05,1.38562954563045,2.56520187184616e-17,92.5152204262482,4.27179364835475e-07,92.0940823871681
11.58,0.0136926429506422,0.0110356645909265,0.0110356645909265,3.03019531143816e-05,4.96502560645151e-05,1.38562960421315,2.43718873639575e-16,92.5172185916142,4.28777553582235e-07,92.096470986274
11.6,0.0137326794014494,0.0110556698063405,0.0110556698063405,3.03361031688849e-05,4.97373702432746e-05,1.38562966936529,3.02618520344696e-16,92.5192119626193,4.3035314765264e-07,92.098853185885
11.62,0.0137725699780348,0.0110753534497209,0.0110753534497209,3.03709204309548e-05,4.98253390770476e-05,1.38562973982636,2.521661892427e-16,92.5212004381366,4.31906414165399e-07,92.1012287838133
11.64,0.013812307700404,0.011094723145666,0.011094723145666,3.04056920812839e-05,4.99128855595554e-05,1.38562981423466,1.69210397158558e-16,92.5231839173744,4.33437751869935e-07,92.1035975793782
11.66,0.0138518856812169,0.0111137865697539,0.0111137865697539,3.04396796434119e-05,4.99986897739557e-05,1.38562989116363,2.70676162540648e-16,92.5251622998847,4.34947672824162e-07,92.1059593734368
11.68,0.013891297125172,0.0111325536764651,0.0111325536764651,3.04721367837851e-05,5.00814225574686e-05,1.3856299691587,4.56773916332742e-17,92.5271354855726,4.36436782143602e-07,92.1083139684144
11.7,0.0139305353283787,0.0111510353750072,0.0111510353750072,3.05023272629721e-05,5.01597784361429e-05,1.38563004677375,2.15738978836366e-17,92.5291033747043,4.37905761607823e-07,92.1106611683348
11.72,0.0139695936777149,0.0111692419578369,0.0111692419578369,3.05295426185057e-05,5.02325070492748e-05,1.38563012260628,3.95557528768269e-16,92.5310658679167,4.39355341694934e-07,92.1130007788499
11.74,0.0140084656501855,0.0111871843137508,0.0111871843137508,3.05531191257534e-05,5.02984423338404e-05,1.38563019533045,2.8103234179731e-16,92.5330228662255,4.40786292902639e-07,92.1153326072694
11.76,0.0140471448122562,0.011204874901478,0.011204874901478,3.05724535755896e-05,5.03565288290098e-05,1.38563026372735,2.5159272148758e-16,92.5349742710343,4.42199389585954e-07,92.1176564625905
11.78,0.0140856248191941,0.0112223234205774,0.0112223234205774,3.05870174082408e-05,5.04058445272015e-05,1.38563032671168,1.02920428944548e-16,92.5369199841433,4.43595401278259e-07,92.1199721555266
11.8,0.0141238994143912,0.0112395424127407,0.0112395424127407,3.05963687907924e-05,5.04456198289205e-05,1.38563038335439,1.6233650669427e-16,92.5388599077581,4.44975058457667e-07,92.1222794985362
11.82,0.0141619624286861,0.0112565404429903,0.0112565404429903,3.06001622605239e-05,5.04752522336727e-05,1.38563043290084,1.4670469361451e-16,92.5407939444988,4.46339051100538e-07,92.1245783058511
11.84,0.0141998077796901,0.0112733263993135,0.0112733263993135,3.05981556501348e-05,5.04943165442473e-05,1.38563047478411,2.76077303574787e-16,92.5427219974086,4.47687996376497e-07,92.1268683935051
11.86,0.0142374294710925,0.011289909201394,0.011289909201394,3.05902140848414e-05,5.05025704473638e-05,1.38563050863336,1.27065780997271e-16,92.544643969963,4.49022430933823e-07,92.1291495793615
11.88,0.0142748215919816,0.0113062944817517,0.0113062944817517,3.05763109627882e-05,5.04999554828967e-05,1.38563053427708,2.76193546655127e-16,92.5465597660788,4.50342797398853e-07,92.1314216831405
11.9,0.014311978316149,0.0113224878941446,0.0113224878941446,3.05565259177369e-05,5.04865934960463e-05,1.3856305517414,1.34132007976536e-16,92.5484692901229,4.51649432321898e-07,92.1336845264468
11.92,0.0143488939014041,0.0113384931536008,0.0113384931536008,3.05310398888453e-05,5.04627787969447e-05,1.38563056124356,1.74533068367358e-16,92.5503724469219,4.52942562319921e-07,92.135937932796
11.94,0.0143855626888877,0.0113543127570522,0.0113543127570522,3.0500127508774e-05,5.04289663343371e-05,1.38563056318086,2.61753620360017e-16,92.5522691417711,4.54222297326254e-07,92.1381817276416
11.96,0.0144219791023777,0.011369946966556,0.011369946966556,3.046414712638e-05,5.03857562919041e-05,1.38563055811562,2.89111327322895e-16,92.5541592804432,4.55488635894394e-07,92.1404157384008
11.98,0.0144581376476056,0.0113853953614213,0.0113853953614213,3.04235288388012e-05,5.03338755812877e-05,1.38563054675636,1.57264587142728e-16,92.5560427691981,4.56741457483383e-07,92.1426397944807
12,0.0144940329115753,0.0114006555640721,0.0114006555640721,3.03787609784969e-05,5.0274156774277e-05,1.38563052993611,2.85001921755857e-16,92.5579195147919,4.57980533065412e-07,92.1448537273034
12.02,0.0145296595618767,0.0114157247534444,0.0114157247534444,3.03303755270116e-05,5.02075150616843e-05,1.38563050858813,1.80811119143634e-16,92.5597894244858,4.59205529947458e-07,92.1470573703314
12.04,0.0145650123460108,0.0114305980094574,0.0114305980094574,3.02789329378596e-05,5.01349238566373e-05,1.38563048372006,5.09902483316444e-17,92.5616524060552,4.60416027200525e-07,92.1492505590922
12.06,0.0146000860907143,0.0114452693131646,0.0114452693131646,3.02250068545871e-05,5.0057389681335e-05,1.38563045638681,4.55013702015256e-17,92.5635083677991,4.61611513730989e-07,92.1514331312026
12.08,0.0146348757012927,0.0114597326659742,0.0114597326659742,3.01691691651954e-05,4.99759269629863e-05,1.38563042766322,4.19119148148017e-16,92.5653572185486,4.6279141769259e-07,92.1536049263929
12.1,0.0146693761609521,0.0114739813896301,0.0114739813896301,3.01119758084225e-05,4.98915333675409e-05,1.38563039861696,2.66011044958715e-16,92.5671988676761,4.63955106968593e-07,92.1557657865304
12.12,0.0147035825301456,0.0114880066698794,0.0114880066698794,3.00539536779223e-05,4.98051662551902e-05,1.38563037028243,1.36739057612518e-16,92.5690332251036,4.65101913762143e-07,92.1579155556425
12.14,0.0147374899459126,0.0115018017507825,0.0115018017507825,2.99955889068332e-05,4.97177207943178e-05,1.38563034363619,1.43385153193536e-16,92.5708602013115,4.66231141346557e-07,92.1600540799395
12.16,0.0147710936212374,0.011515358154467,0.011515358154467,2.99373167604475e-05,4.96300102372782e-05,1.38563031957456,1.65178713960019e-17,92.5726797073473,4.67342090102168e-07,92.1621812078372
12.18,0.0148043888444089,0.0115286677129816,0.0115286677129816,2.98795132729312e-05,4.95427487630096e-05,1.38563029889388,3.30794376726089e-16,92.5744916548333,4.68434063302295e-07,92.1642967899786
12.2,0.0148373709783824,0.0115417235436771,0.0115417235436771,2.98224887267121e-05,4.94565372468614e-05,1.38563028227373,2.54793815745306e-16,92.5762959559749,4.69506386399785e-07,92.1664006792557
12.22,0.0148700354601537,0.0115545181161915,0.0115545181161915,2.97664829915166e-05,4.93718522114328e-05,1.38563027026353,2.43718873639575e-16,92.5780925235687,4.70558420045446e-07,92.1684927308305
12.24,0.0149023778001454,0.0115670449874154,0.0115670449874154,2.97116627141749e-05,4.92890381480482e-05,1.38563026327277,1.61493966854009e-16,92.5798812710098,4.71589572624297e-07,92.1705728021556
12.26,0.0149343935815863,0.0115792981330306,0.0115792981330306,2.9658120296054e-05,4.92083032967994e-05,1.38563026156491,5.50757629308019e-17,92.5816621122997,4.72599310381012e-07,92.1726407529948
12.28,0.0149660784599161,0.0115912731072331,0.0115912731072331,2.96058745750848e-05,4.9129718891594e-05,1.38563026525508,1.90872142496817e-16,92.5834349620532,4.73587164170214e-07,92.1746964454427
12.3,0.0149974281621806,0.0116029652743088,0.0116029652743088,2.9554873104586e-05,4.90532217911621e-05,1.38563027431149,1.94495434370594e-16,92.5851997355059,4.7455273958191e-07,92.1767397439439
12.32,0.0150284384864497,0.0116143721620299,0.0116143721620299,2.95049959081003e-05,4.89786203359266e-05,1.38563028856041,3.20493781063927e-17,92.5869563485208,4.75495718387986e-07,92.1787705153123
12.34,0.0150591053012387,0.011625491161589,0.011625491161589,2.94560605800595e-05,4.89056031987012e-05,1.38563030769446,2.80432058430936e-17,92.588704717595,4.76415865774665e-07,92.1807886287496
12.36,0.0150894245449316,0.0116363214069041,0.0116363214069041,2.94078285893996e-05,4.88337509241266e-05,1.38563033128404,1.92796389817532e-16,92.5904447598663,4.77313027449519e-07,92.1827939558628
12.38,0.0151193922252257,0.011646863046348,0.011646863046348,2.93600126412824e-05,4.87625498033495e-05,1.38563035879134,2.64194835429904e-16,92.5921763931197,4.78187126266329e-07,92.1847863706824
12.4,0.0151490044185701,0.0116571164877026,0.0116571164877026,2.9312284936432e-05,4.86914076767153e-05,1.38563038958666,1.75221383389052e-16,92.5938995357933,4.79038160296426e-07,92.1867657496789
12.42,0.0151782572696269,0.0116670836153974,0.0116670836153974,2.92642861569305e-05,4.86196712232712e-05,1.3856304229665,1.5582928709162e-16,92.5956141069844,4.79866202346528e-07,92.1887319717798
12.44,0.015207146990734,0.0116767668793176,0.0116767668793176,2.92156350001777e-05,4.85466442745608e-05,1.38563045817296,3.09306595447682e-16,92.5973200264554,4.80671386940318e-07,92.1906849183856
12.46,0.0152356698613759,0.0116861688563617,0.0116861688563617,2.91659380564044e-05,4.84716066706525e-05,1.38563049441392,1.51653596789605e-16,92.5990172146396,4.8145389826435e-07,92.1926244733854
12.48,0.0152638222276653,0.0116952937152163,0.0116952937152163,2.91147998233446e-05,4.83938331885536e-05,1.38563053088347,4.51419358836518e-16,92.6007055926467,4.82213979811325e-07,92.1945505231721
12.5,0.0152916005018391,0.0117041452802873,0.0117041452802873,2.90618326334372e-05,4.83126120731647e-05,1.3856305667821,5.67972944500759e-17,92.6023850822684,4.82951890021019e-07,92.196462956657
12.52,0.0153190011617524,0.0117127282786192,0.0117127282786192,2.90066662619434e-05,4.82272627284619e-05,1.38563060133615,2.68174260522258e-16,92.6040556059835,4.83667932174445e-07,92.198361665284
12.54,0.0153460207503906,0.0117210459743656,0.0117210459743656,2.89489569838482e-05,4.81371521614538e-05,1.38563063381606,1.18097174735911e-16,92.6057170869637,4.84362407623957e-07,92.2002465430433
12.56,0.0153726558753874,0.0117291040901528,0.0117291040901528,2.88883958535391e-05,4.80417098112085e-05,1.38563066355307,9.73095861665433e-17,92.6073694490784,4.85035625436534e-07,92.2021174864843
12.58,0.0153989032085518,0.0117369058932879,0.0117369058932879,2.88247159927277e-05,4.79404404409856e-05,1.38563068995385,1.20185167898973e-17,92.6090126169002,4.85687888411023e-07,92.2039743947286
12.6,0.0154247594854045,0.0117444558667881,0.0117444558667881,2.87576986965736e-05,4.78329348356787e-05,1.38563071251293,1.41582911531832e-16,92.6106465157097,4.86319478613231e-07,92.2058171694819
12.62,0.0154502215047257,0.0117517578765077,0.0117517578765077,2.86871782018294e-05,4.77188781076165e-05,1.38563073082259,2.6652338755817e-16,92.6122710715007,4.86930648214809e-07,92.2076457150454
12.64,0.0154752861281044,0.0117588142750862,0.0117588142750862,2.86130449864785e-05,4.75980554615063e-05,1.38563074458008,4.24446341580679e-16,92.6138862109852,4.87521608885652e-07,92.2094599383276
12.66,0.0154999502795077,0.011765628602145,0.011765628602145,2.85352475364894e-05,4.74703553650091e-05,1.38563075359203,7.91155630660524e-17,92.615491861598,4.88092539990681e-07,92.211259748854
12.68,0.0155242109448529,0.0117722018043687,0.0117722018043687,2.84537925365695e-05,4.73357701022969e-05,1.38563075777605,2.50569982613688e-16,92.6170879515021,4.8864355146323e-07,92.2130450587778
12.7,0.0155480651715867,0.0117785360182635,0.0117785360182635,2.83687435175793e-05,4.71943937863095e-05,1.38563075715958,1.43608843116107e-16,92.6186744095931,4.89174720449498e-07,92.2148157828886
12.72,0.0155715100682753,0.0117846311652896,0.0117846311652896,2.82802180207146e-05,4.70464179336272e-05,1.38563075187604,1.65954205143279e-16,92.620251165504,4.8968604839597e-07,92.2165718386225
12.74,0.0155945428042113,0.011790487523472,0.011790487523472,2.8188383404273e-05,4.6892124793585e-05,1.38563074215851,4.07449581182973e-16,92.62181814961,4.90177489979243e-07,92.2183131460695
12.76,0.0156171606090134,0.0117961035637423,0.0117961035637423,2.80934514401254e-05,4.67318786399051e-05,1.38563072833115,4.11174598297114e-16,92.6233752930328,4.90648932372982e-07,92.2200396279819
12.78,0.015639360772252,0.0118014779923876,0.0118014779923876,2.7995671903009e-05,4.65661153143948e-05,1.38563071079855,1.27758585929408e-16,92.6249225276455,4.91100210677167e-07,92.2217512097814
12.8,0.0156611406430683,0.0118066086697926,0.0118066086697926,2.78953253609385e-05,4.63953303067033e-05,1.38563069003355,1.79161470206219e-17,92.6264597860768,4.91531102132122e-07,92.2234478195662
12.82,0.0156824976298145,0.0118114915936492,0.0118114915936492,2.779271541128e-05,4.62200657216361e-05,1.38563066656358,1.11094559093961e-16,92.6279870017152,4.91941333350971e-07,92.2251293881171
12.84,0.0157034291996988,0.0118161241100142,0.0118161241100142,2.76881605980015e-05,4.60408964706449e-05,1.38563064095614,3.2566016377648e-16,92.6295041087134,4.92330588516428e-07,92.2267958489027
12.86,0.0157239328784329,0.0118205020116388,0.0118205020116388,2.75819862529114e-05,4.5858416049871e-05,1.38563061380371,1.79161470206219e-17,92.6310110419924,4.92698507452139e-07,92.2284471380855
12.88,0.0157440062499,0.0118246203414967,0.0118246203414967,2.74745164949151e-05,4.56732222728906e-05,1.38563058570839,1.58737467029893e-16,92.6325077372451,4.93044704909231e-07,92.2300831945257
12.9,0.0157636469558177,0.0118284750569665,0.0118284750569665,2.73660665917356e-05,4.54859032965604e-05,1.3856305572669,3.13302137718427e-16,92.6339941309405,4.93368758994384e-07,92.2317039597857
12.92,0.0157828526954216,0.0118320605938997,0.0118320605938997,2.72569358762999e-05,4.52970242801332e-05,1.38563052905596,4.25861953098025e-17,92.6354701603271,4.93670243956968e-07,92.2333093781331
12.94,0.0158016212251529,0.0118353714999529,0.0118353714999529,2.7147401374371e-05,4.51071149898397e-05,1.38563050161871,2.96565002644755e-16,92.6369357634365,4.93948719581441e-07,92.2348993965442
12.96,0.0158199503583506,0.0118384032644057,0.0118384032644057,2.70377122703946e-05,4.49166586202754e-05,1.38563047545231,1.14228610134342e-16,92.6383908790866,4.94203739866293e-07,92.2364739647058
12.98,0.015837837964955,0.0118411507768167,0.0118411507768167,2.69280853022978e-05,4.47260820730655e-05,1.38563045099703,2.65860168056465e-16,92.6398354468846,4.94434871828439e-07,92.2380330350173
13,0.0158552819712257,0.0118436084496662,0.0118436084496662,2.68187011550718e-05,4.45357478993103e-05,1.38563042862699,1.40958069153898e-16,92.6412694072303,4.94641692610233e-07,92.2395765625918
13.02,0.0158722803594559,0.011845772402047,0.011845772402047,2.67097018758566e-05,4.4345948042146e-05,1.38563040864291,1.36973601622985e-16,92.6426927013186,4.94823802497891e-07,92.2411045052569
13.04,0.0158888311677043,0.0118476375037273,0.0118476375037273,2.66011893239019e-05,4.41568994986596e-05,1.3856303912668,2.68622737774948e-16,92.6441052711421,4.94980825403655e-07,92.2426168235545
13.06,0.0159049324895318,0.0118491999279693,0.0118491999279693,2.64932246318683e-05,4.39687419406809e-05,1.38563037663871,2.89693626658706e-16,92.6455070594933,4.95112418026904e-07,92.2441134807406
13.08,0.0159205824737457,0.0118504561346084,0.0118504561346084,2.63858286418399e-05,4.37815373077743e-05,1.38563036481569,1.1331166295921e-17,92.646898009967,4.95218270336322e-07,92.2455944427842
13.1,0.0159357793241535,0.0118514026844383,0.0118514026844383,2.62789832638246e-05,4.35952713260246e-05,1.38563035577275,1.58078907601313e-16,92.6482780669623,4.95298117141822e-07,92.2470596783654
13.12,0.015950521299326,0.0118520371915521,0.0118520371915521,2.61726336799312e-05,4.34098568544705e-05,1.38563034940583,2.59629636315952e-16,92.6496471756839,4.95351729415603e-07,92.2485091588737
13.14,0.015964806712361,0.0118523570615306,0.0118523570615306,2.60666913256539e-05,4.32251389408389e-05,1.38563034553665,1.80500179757669e-16,92.6510052821444,4.9537891814946e-07,92.2499428584047
13.16,0.0159786339306659,0.0118523610898323,0.0118523610898323,2.59610375478369e-05,4.30409014000599e-05,1.38563034391926,1.55571590062152e-16,92.6523523331649,4.95379538694255e-07,92.2513607537574
13.18,0.0159920013757412,0.0118520470319417,0.0118520470319417,2.58555278503334e-05,4.28568747223856e-05,1.385630344248,1.64399564738579e-16,92.6536882763768,4.95353484973956e-07,92.2527628244295
13.2,0.0160049075229718,0.0118514152008524,0.0118514152008524,2.57499966202327e-05,4.26727450781872e-05,1.38563034616686,1.66629799350484e-16,92.6550130602228,4.95300693342942e-07,92.2541490526138
13.22,0.0160173509014254,0.0118504644693006,0.0118504644693006,2.56442622228325e-05,4.24881641647445e-05,1.38563034927963,3.884128117227e-17,92.6563266339573,4.95221130531914e-07,92.2555194231925
13.24,0.0160293300936675,0.0118491946682486,0.0118491946682486,2.55381323522522e-05,4.23027596350156e-05,1.3856303531609,3.0003529039748e-16,92.6576289476476,4.95114800398182e-07,92.2568739237319
13.26,0.0160408437355692,0.0118476069563768,0.0118476069563768,2.54314095123226e-05,4.21161458310504e-05,1.38563035736743,1.20185167898973e-17,92.6589199521742,4.94981726085611e-07,92.2582125444761
13.28,0.0160518905161371,0.0118457004366618,0.0118457004366618,2.53238965093528e-05,4.19279345575951e-05,1.38563036144958,3.85342962453262e-16,92.6601995992312,4.94821963043039e-07,92.2595352783406
13.3,0.0160624691773373,0.0118434767707761,0.0118434767707761,2.52154018242644e-05,4.17377456221057e-05,1.38563036496269,2.71150097966021e-16,92.6614678413269,4.94635582148545e-07,92.2608421209043
13.32,0.0160725785139389,0.0118409367034463,0.0118409367034463,2.51057447443685e-05,4.15452168960329e-05,1.38563036747789,2.929714625264e-16,92.6627246317834,4.9442265669103e-07,92.2621330704024
13.34,0.0160822173733589,0.0118380801233665,0.0118380801233665,2.49947601291152e-05,4.13500136580147e-05,1.38563036859236,1.06747765804682e-16,92.6639699247369,4.94183281656762e-07,92.2634081277175
13.36,0.0160913846555114,0.0118349095421682,0.0118349095421682,2.48823026976899e-05,4.11518370133646e-05,1.38563036793854,1.41128755072114e-16,92.6652036751378,4.93917545763884e-07,92.2646672963706
13.38,0.0161000793126743,0.0118314252310953,0.0118314252310953,2.47682507337286e-05,4.09504312051112e-05,1.38563036519226,1.464857312632e-16,92.66642583875,4.93625530980244e-07,92.2659105825119
13.4,0.0161083003493488,0.0118276265431055,0.0118276265431055,2.46525091182716e-05,4.07455896711539e-05,1.38563036007961,1.51017285185457e-16,92.6676363721511,4.93307319273692e-07,92.2671379949101
13.42,0.0161160468221408,0.0118235155795697,0.0118235155795697,2.45350116173613e-05,4.05371597289594e-05,1.38563035238233,1.65178713960019e-17,92.6688352327314,4.92962973325525e-07,92.2683495449425
13.44,0.0161233178396414,0.0118190917987786,0.0118190917987786,2.44157223749995e-05,4.03250458143045e-05,1.38563034194168,5.67972944500759e-17,92.6700223786939,4.92592541352129e-07,92.2695452465828
13.46,0.0161301125623144,0.0118143552503782,0.0118143552503782,2.42946365813825e-05,4.01092112303214e-05,1.3856303286608,1.63665743645962e-16,92.6711977690534,4.92196053247665e-07,92.2707251163904
13.48,0.0161364302023917,0.0118093062678659,0.0118093062678659,2.41717803130285e-05,3.98896784070679e-05,1.3856303125054,2.68742205309329e-17,92.6723613636355,4.9177351528027e-07,92.2718891734971
13.5,0.016142270023782,0.0118039434005211,0.0118039434005211,2.40472095648971e-05,3.96665277055952e-05,1.38563029350293,2.87245624337064e-16,92.6735131230764,4.91324909609891e-07,92.2730374395948
13.52,0.016147631341975,0.0117982659422951,0.0117982659422951,2.39210085208041e-05,3.9439894835791e-05,1.3856302717403,1.2579636074379e-16,92.6746530088214,4.90850195734778e-07,92.2741699389218
13.54,0.0161525135239629,0.0117922725424979,0.0117922725424979,2.37932871245287e-05,3.92099669823676e-05,1.38563024736008,1.31290033903057e-16,92.6757809831241,4.90349307598501e-07,92.2752866982489
13.56,0.0161569159881635,0.0117859619151272,0.0117859619151272,2.3664178047166e-05,3.89769777844329e-05,1.38563022055559,2.9165374312205e-16,92.6768970090452,4.89822148286147e-07,92.2763877468651
13.58,0.0161608382043522,0.0117793318485742,0.0117793318485742,2.35338331443545e-05,3.87412013043154e-05,1.38563019156473,4.92759188385788e-16,92.6780010504512,4.89268606900054e-07,92.277473116562
13.6,0.0161642796935999,0.0117723801313235,0.0117723801313235,2.34024195289281e-05,3.85029451783758e-05,1.38563016066302,2.99794480833239e-17,92.6790930720129,4.88688541201917e-07,92.2785428416188
13.62,0.0161672400282216,0.0117651042725443,0.0117651042725443,2.32701153751107e-05,3.82625431263328e-05,1.38563012815581,2.43685945331157e-17,92.6801730392042,4.88081798827987e-07,92.2795969587858
13.64,0.016169718831723,0.0117575012525927,0.0117575012525927,2.31371055853448e-05,3.80203470276008e-05,1.38563009437004,1.18909779560148e-16,92.6812409183003,4.87448206199314e-07,92.280635507268
13.66,0.016171715778766,0.0117495684200995,0.0117495684200995,2.3003577444757e-05,3.77767187684785e-05,1.38563005964565,3.16994313590014e-16,92.6822966763759,4.86787567557411e-07,92.2816585287077
13.68,0.0161732305951338,0.0117413025611841,0.0117413025611841,2.28697163849923e-05,3.75320220704634e-05,1.38563002432695,1.83585876436006e-17,92.6833402813031,4.86099697269232e-07,92.2826660671667
13.7,0.0161742630577024,0.0117327003936683,0.0117327003936683,2.27357019655878e-05,3.72866144950912e-05,1.38562998875415,1.65178713960019e-17,92.6843717017499,4.85384383664888e-07,92.2836581691087
13.72,0.0161748129944212,0.0117237584104598,0.0117237584104598,2.2601704169942e-05,3.70408398144839e-05,1.38562995325512,1.3220368468887e-16,92.6853909071775,4.84641424717766e-07,92.2846348833799
13.74,0.0161748802843051,0.0117144734377362,0.0117144734377362,2.24678801036291e-05,3.6795020935898e-05,1.38562991813784,1.29691126068756e-16,92.6863978678382,4.83870614061778e-07,92.28559626119
13.76,0.0161744648574229,0.0117048421682238,0.0117048421682238,2.2334371158306e-05,3.65494535272681e-05,1.38562988368341,1.42880570444356e-16,92.687392554773,4.8307175304546e-07,92.2865423560925
13.78,0.0161735666949049,0.011694861284351,0.011694861284351,2.22013006911599e-05,3.6304400487186e-05,1.38562985014004,3.19390183612006e-16,92.6883749398086,4.82244654107114e-07,92.2874732239647
13.8,0.0161721858289446,0.0116845278003306,0.0116845278003306,2.20687722534249e-05,3.60600873701156e-05,1.38562981771793,3.86341261956331e-17,92.689344995555,4.813891369175e-07,92.2883889229862
13.82,0.0161703223428202,0.0116738384382679,0.0116738384382679,2.19368683821165e-05,3.58166988505548e-05,1.38562978658528,2.22080742056839e-16,92.6903026954022,4.80505038505275e-07,92.2892895136185
13.84,0.016167976370917,0.0116627903446257,0.0116627903446257,2.18056499589159e-05,3.5574376290981e-05,1.38562975686546,7.22222975683325e-17,92.6912480135173,4.79592219525121e-07,92.290175058583
13.86,0.0161651480987524,0.0116513811851386,0.0116513811851386,2.167515612062e-05,3.53332164353404e-05,1.38562972863531,1.39585068222635e-16,92.6921809248411,4.78650549792835e-07,92.2910456228385
13.88,0.0161618377630201,0.0116396085203073,0.0116396085203073,2.15454046967947e-05,3.50932712340768e-05,1.38562970192469,4.33333785409995e-17,92.6931014050847,4.77679928054041e-07,92.291901273559
13.9,0.0161580456516256,0.0116274700235377,0.0116274700235377,2.14163931444674e-05,3.48545487756091e-05,1.38562967671719,1.45220290906747e-16,92.694009430726,4.76680280055534e-07,92.2927420801101
13.92,0.0161537721037443,0.0116149640458035,0.0116149640458035,2.12880999285525e-05,3.46170152634162e-05,1.38562965295196,1.64886964458281e-16,92.6949049790056,4.75651547937681e-07,92.2935681140258
13.94,0.0161490175098792,0.0116020886134304,0.0116020886134304,2.1160486305361e-05,3.43805979678979e-05,1.38562963052656,2.85676882847404e-16,92.6957880279231,4.745936984312e-07,92.2943794489842
13.96,0.0161437823119231,0.0115888430610976,0.0115888430610976,2.10334984519471e-05,3.41451890566447e-05,1.38562960930082,3.01129874884961e-16,92.6966585562332,4.73506730571786e-07,92.2951761607828
13.98,0.0161380670032323,0.0115752255514592,0.0115752255514592,2.09070698784803e-05,3.3910650173663e-05,1.38562958910147,3.24277311823604e-16,92.6975165434412,4.72390652074081e-07,92.2959583273141
14,0.016131872128711,0.0115612350538976,0.0115612350538976,2.07811240654332e-05,3.36768176469882e-05,1.38562956972749,4.25635771642875e-16,92.6983619697988,4.71245510672322e-07,92.2967260285393
14.02,0.0161251982848939,0.0115468716645874,0.0115468716645874,2.06555772560587e-05,3.34435081694728e-05,1.38562955095597,1.6911552168311e-16,92.6991948162997,4.70071359886712e-07,92.2974793464633
14.04,0.0161180461200439,0.0115321346222929,0.0115321346222929,2.05303413382129e-05,3.32105248073145e-05,1.38562953254839,3.00756562224978e-16,92.7000150646745,4.68868278309972e-07,92.2982183651079
14.06,0.0161104163342527,0.0115170232837923,0.0115170232837923,2.04053267500798e-05,3.29776631766698e-05,1.38562951425707,2.43685945331157e-17,92.7008226973868,4.67636361410556e-07,92.2989431704852
14.08,0.0161023096795517,0.0115015376314381,0.0115015376314381,2.02804453357085e-05,3.27447176282636e-05,1.3856294958317,1.6405752336547e-16,92.7016176976275,4.66375719603994e-07,92.2996538505704
14.1,0.0160937269600283,0.0114856778012853,0.0114856778012853,2.01556130905548e-05,3.25114872947729e-05,1.38562947702574,1.22630758712583e-16,92.7024000493105,4.65086470056112e-07,92.3003504952744
14.12,0.0160846690319545,0.011469443607518,0.011469443607518,2.0030752729123e-05,3.22777818497766e-05,1.38562945760256,2.90025844229635e-16,92.7031697370673,4.63768747290631e-07,92.3010331964155
14.14,0.0160751368039114,0.0114528355903221,0.0114528355903221,1.99057960152092e-05,3.20434268488157e-05,1.38562943734116,1.76317098392784e-16,92.7039267462416,4.62422687277763e-07,92.3017020476916
14.16,0.016065131236937,0.0114358533958274,0.0114358533958274,1.9780685799663e-05,3.18082685253351e-05,1.38562941604133,3.01555952034583e-16,92.7046710628846,4.61048438041818e-07,92.3023571446507
14.18,0.0160546533446721,0.0114184971419978,0.0114184971419978,1.96553777201846e-05,3.1572177948247e-05,1.38562939352822,1.41582911531832e-16,92.7054026737491,4.59646144231958e-07,92.3029985846624
14.2,0.0160437041935125,0.0114007675500578,0.0114007675500578,1.9529841524762e-05,3.13350544507429e-05,1.38562936965609,2.8037482155751e-16,92.7061215662845,4.58215945675706e-07,92.3036264668879
14.22,0.016032284902774,0.0113826639641331,0.0113826639641331,1.94040619844727e-05,3.10968282581925e-05,1.38562934431125,1.74118773278173e-16,92.706827728631,4.56757994254683e-07,92.3042408922505
14.24,0.0160203966448683,0.0113641865211439,0.0113641865211439,1.9278039386448e-05,3.08574622887026e-05,1.3856293174142,2.04275505453762e-17,92.7075211496138,4.55272434135887e-07,92.304841963405
14.26,0.0160080406454742,0.0113453350970625,0.0113453350970625,1.91517895943764e-05,3.06169530863709e-05,1.38562928892074,3.27454042048284e-16,92.7082018187379,4.53759404182517e-07,92.3054297847071
14.28,0.0159952181837335,0.0113261097874308,0.0113261097874308,1.90253436915408e-05,3.0375330905219e-05,1.38562925882233,1.96261557335472e-17,92.7088697261818,4.52219042775607e-07,92.3060044621824
14.3,0.0159819305924369,0.0113065098132348,0.0113065098132348,1.88987472151943e-05,3.0132658946469e-05,1.38562922714544,5.37484410618657e-17,92.7095248627921,4.50651474795607e-07,92.3065661034954
14.32,0.0159681792582364,0.0112865349340448,0.0112865349340448,1.87720590230708e-05,2.98890318024547e-05,1.38562919395012,3.00356069488097e-16,92.7101672200771,4.49056833319749e-07,92.3071148179175
14.34,0.0159539656218537,0.0112661850967674,0.0112661850967674,1.86453498301813e-05,2.96445731668982e-05,1.38562915932776,3.24203064012254e-16,92.7107967902013,4.47435234067372e-07,92.3076507162947
14.36,0.0159392911782985,0.0112454589788434,0.0112454589788434,1.85187004676699e-05,2.93994328821601e-05,1.38562912339818,1.69257814953284e-16,92.711413565979,4.45786797579452e-07,92.308173911016
14.38,0.0159241574771018,0.0112243563466719,0.0112243563466719,1.839219991838e-05,2.91537834113953e-05,1.38562908630601,4.84067636355823e-17,92.7120175408679,4.44111633307197e-07,92.3086845159802
14.4,0.0159085661225473,0.0112028761461494,0.0112028761461494,1.82659432010175e-05,2.89078158504097e-05,1.38562904821666,3.355871771955e-16,92.7126087089634,4.42409852148309e-07,92.3091826465632
14.42,0.0158925187739228,0.0111810174072807,0.0111810174072807,1.81400291610991e-05,2.86617355760299e-05,1.38562900931185,2.30137075393447e-17,92.713187064992,4.40681563071833e-07,92.3096684195844
14.44,0.015876017145773,0.011158779440629,0.011158779440629,1.80145582408753e-05,2.84157576551092e-05,1.38562896978483,4.83885247748759e-16,92.7137526043047,4.38926876011144e-07,92.3101419532736
14.46,0.015859063008162,0.0111361614798275,0.0111361614798275,1.78896302890425e-05,2.81701021307423e-05,1.38562892983553,2.56520187184616e-17,92.7143053228709,4.3714589511365e-07,92.310603367237
14.48,0.0158416581869447,0.0111131618934487,0.0111131618934487,1.77653424729144e-05,2.79249893024858e-05,1.38562888966556,4.19807860011738e-16,92.7148452172714,4.35338738991675e-07,92.3110527824227
14.5,0.0158238045640535,0.0110897797860034,0.0110897797860034,1.76417873483901e-05,2.76806351278136e-05,1.38562884947347,3.51540189402076e-17,92.7153722846922,4.33505524811049e-07,92.3114903210868
14.52,0.0158055040777817,0.011066015499312,0.011066015499312,1.75190511317826e-05,2.74372468376249e-05,1.38562880945003,1.00474289207885e-16,92.7158865229172,4.31646372148423e-07,92.3119161067588
14.54,0.0157867587230889,0.0110418665327907,0.0110418665327907,1.73972122118948e-05,2.71950188810433e-05,1.38562876977402,5.66558314796049e-18,92.7163879303218,4.29761417938345e-07,92.3123302642061
14.56,0.0157675705519071,0.011017332970294,0.011017332970294,1.72763399331636e-05,2.69541292834408e-05,1.3856287306083,3.03677370746887e-16,92.7168765058659,4.27850800561853e-07,92.3127329193994
14.58,0.0157479416734612,0.0109924143255548,0.0109924143255548,1.71564936665172e-05,2.67147365002884e-05,1.38562869209642,6.08318493387965e-16,92.7173522490864,4.25914671418409e-07,92.3131241994771
14.6,0.0157278742545943,0.0109671096021016,0.0109671096021016,1.70377221774907e-05,2.64769768278938e-05,1.38562865435984,4.38854183572088e-17,92.7178151600908,4.23953202158351e-07,92.3135042327098
14.62,0.0157073705201099,0.0109414181531721,0.0109414181531721,1.69200632939619e-05,2.62409624181004e-05,1.38562861749573,2.64650056321329e-16,92.7182652395495,4.21966565396348e-07,92.3138731484642
14.64,0.0156864327531143,0.0109153401196097,0.0109153401196097,1.68035438618572e-05,2.60067799346952e-05,1.38562858157544,1.24191340162272e-16,92.7187024886886,4.19954959301748e-07,92.3142310771672
14.66,0.0156650632953767,0.0108888753681236,0.0108888753681236,1.66881799784426e-05,2.57744898606305e-05,1.38562854664368,2.9165374312205e-17,92.7191269092826,4.17918589276355e-07,92.3145781502699
14.68,0.0156432645476989,0.0108620237228285,0.0108620237228285,1.65739774810372e-05,2.5544126464272e-05,1.38562851271833,8.01234452659818e-18,92.7195385036471,4.15857679044198e-07,92.3149145002107
14.7,0.0156210389702881,0.0108347850655775,0.0108347850655775,1.6460932660029e-05,2.53156983918146e-05,1.38562847979096,1.82885164427093e-16,92.7199372746306,4.1377247065153e-07,92.3152402603789
14.72,0.015598389083146,0.0108071606181626,0.0108071606181626,1.63490331777823e-05,2.50891898785355e-05,1.38562844782798,2.7830645446481e-16,92.7203232256075,4.11663221573842e-07,92.3155555650778
14.74,0.0155753174664697,0.0107791504575942,0.0107791504575942,1.62382591466067e-05,2.48645625018362e-05,1.38562841677239,1.65421445485469e-16,92.7206963604704,4.0953020471587e-07,92.3158605494879
14.76,0.0155518267610563,0.010750754857473,0.010750754857473,1.61285843475166e-05,2.46417574507607e-05,1.38562838654599,6.7155684443737e-17,92.7210566836218,4.07373705518604e-07,92.3161553496294
14.78,0.0155279196687254,0.0107219757863187,0.0107219757863187,1.60199775391154e-05,2.4420698213401e-05,1.38562835705219,3.71517131970723e-17,92.7214041999666,4.05194029673916e-07,92.3164401023251
14.8,0.015503598952744,0.0106928136927045,0.0106928136927045,1.59124038314963e-05,2.42012936220171e-05,1.38562832817907,1.6561537456201e-16,92.7217389149042,4.02991497338589e-07,92.3167149451631
14.82,0.0154788674382701,0.0106632695356756,0.0106632695356756,1.58058260862249e-05,2.39834411661644e-05,1.38562829980277,1.50751362659743e-16,92.7220608343205,4.00766437348353e-07,92.316980016459
14.84,0.0154537280128057,0.010633345340504,0.010633345340504,1.57002063062273e-05,2.37670304825688e-05,1.38562827179115,1.39585068222635e-16,92.7223699645796,3.98519196861164e-07,92.317235455218
14.86,0.0154281836266532,0.0106030419799858,0.0106030419799858,1.5595506986136e-05,2.35519469371503e-05,1.38562824400747,2.71859451952402e-16,92.7226663125161,3.96250132196087e-07,92.3174814010975
14.88,0.0154022372933944,0.0105723619163141,0.0105723619163141,1.54916923841449e-05,2.33380751977208e-05,1.38562821631411,2.15738978836366e-17,92.7229498854267,3.93959609315463e-07,92.3177179943689
14.9,0.0153758920903685,0.0105413059056136,0.0105413059056136,1.5388729697064e-05,2.31253027243028e-05,1.38562818857625,1.65032903679467e-16,92.723220691062,3.91648009610874e-07,92.3179453758797
14.92,0.0153491511591737,0.0105098765451771,0.0105098765451771,1.52865900994731e-05,2.29135230769284e-05,1.38562816066531,9.81307786677359e-18,92.7234787376187,3.89315715920392e-07,92.3181636870149
14.94,0.0153220177061702,0.0104780751015901,0.0104780751015901,1.51852496330879e-05,2.27026389778562e-05,1.3856281324622,2.82712031388956e-16,92.7237240337307,3.86963126029165e-07,92.3183730696596
14.96,0.0152944950030001,0.0104459046313266,0.0104459046313266,1.50846899215148e-05,2.24925650516017e-05,1.38562810386023,2.8925007634817e-16,92.7239565884614,3.8459064013316e-07,92.31857366616
14.98,0.0152665863871135,0.0104133664741951,0.0104133664741951,1.49848986983155e-05,2.22832301850495e-05,1.38562807476763,4.70089791106159e-16,92.7241764112948,3.8219866807162e-07,92.318765619285
15,0.0152382952623165,0.0103804633169515,0.0103804633169515,1.48858701368039e-05,2.20745794625721e-05,1.38562804510964,5.95250335168861e-16,92.7243835121278,3.79787617755131e-07,92.3189490721886
15.02,0.0152096250993157,0.0103471965032158,0.0103471965032158,1.4787604979597e-05,2.18665756388514e-05,1.3856280148301,9.52256276158012e-17,92.7245779012616,3.77357909630536e-07,92.3191241683703
15.04,0.0151805794362897,0.0103135693696682,0.0103135693696682,1.46901104634764e-05,2.16592001174298e-05,1.38562798389258,1.47141640802844e-16,92.724759589393,3.74909968966317e-07,92.3192910516376
15.06,0.0151511618794611,0.0102795828475712,0.0102795828475712,1.45934000546182e-05,2.14524534387639e-05,1.38562795228098,1.51017285185457e-16,92.7249285876066,3.72444221513116e-07,92.3194498660666
15.08,0.0151213761036853,0.0102452408308788,0.0102452408308788,1.44974930011245e-05,2.12463552695663e-05,1.38562791999955,1.46046821718546e-16,92.7250849073658,3.69961091575087e-07,92.3196007559642
15.1,0.0150912258530519,0.0102105448012739,0.0102105448012739,1.44024137230405e-05,2.10409439045378e-05,1.38562788707252,3.07746007309993e-16,92.7252285605051,3.67461019367783e-07,92.3197438658287
15.12,0.0150607149414964,0.0101754974055855,0.0101754974055855,1.43081910622941e-05,2.08362753140179e-05,1.38562785354317,1.40273248572763e-16,92.7253595592208,3.64944436909977e-07,92.3198793403121
15.14,0.0150298472534201,0.0101401011826973,0.0101401011826973,1.42148574216972e-05,2.06324217668641e-05,1.38562781947245,3.06779687423602e-16,92.7254779160636,3.62411790203187e-07,92.3200073241808
15.16,0.0149986267443311,0.0101043585625552,0.0101043585625552,1.41224478202865e-05,2.04294700769658e-05,1.38562778493724,3.06151254491706e-16,92.7255836439291,3.59863520909457e-07,92.3201279622772
15.18,0.0149670574414899,0.0100682720098889,0.0100682720098889,1.40309988989063e-05,2.02275195244628e-05,1.38562775002828,4.49048844979412e-16,92.7256767560503,3.57300078887615e-07,92.3202413994815
15.2,0.0149351434445672,0.0100318450066107,0.0100318450066107,1.39405479114948e-05,2.00266795156168e-05,1.38562771484772,2.93873967185874e-16,92.7257572659885,3.54721922193273e-07,92.3203477806727
15.22,0.0149028889263156,0.00999507904482192,0.00999507904482192,1.38511317276469e-05,1.98270670386247e-05,1.38562767950658,1.71752225550446e-16,92.7258251876252,3.5212950261391e-07,92.3204472506903
15.24,0.0148702981332571,0.0099579780195629,0.0099579780195629,1.37627858848754e-05,1.96288039906456e-05,1.38562764412199,8.83177008009623e-17,92.7258805351536,3.49523296045196e-07,92.3205399542959
15.26,0.0148373753863756,0.00992054449060659,0.00992054449060659,1.3675543716109e-05,1.94320144444315e-05,1.38562760881436,2.30137075393447e-17,92.7259233230698,3.46903763917885e-07,92.3206260361349
15.28,0.0148041250818219,0.00988278135468394,0.00988278135468394,1.35894355729929e-05,1.92368219162908e-05,1.38562757370454,1.74303025999862e-16,92.725953566165,3.44271389842264e-07,92.3207056406977
15.3,0.0147705516916346,0.00984469185286382,0.00984469185286382,1.35044881728896e-05,1.90433467150974e-05,1.38562753891109,2.90247111356407e-16,92.7259712795163,3.41626657910783e-07,92.3207789122821
15.32,0.0147366597644733,0.00980627935526784,0.00980627935526784,1.3420724073446e-05,1.88517034211966e-05,1.38562750454765,3.15039029011892e-16,92.7259764784786,3.38970064269984e-07,92.3208459949547
15.34,0.0147024539263576,0.00976754710350967,0.00976754710350967,1.33381612954303e-05,1.86619985673708e-05,1.3856274707205,2.88722475328058e-16,92.7259691786763,3.3630211037021e-07,92.320907032513
15.36,0.0146679388814221,0.00972849952045561,0.00972849952045561,1.32568130889675e-05,1.84743285631672e-05,1.38562743752637,1.58281833111818e-16,92.7259493959942,3.33623305858588e-07,92.3209621684471
15.38,0.0146331194126785,0.00968913922601805,0.00968913922601805,1.31766878457606e-05,1.8288777911657e-05,1.38562740505059,4.18736040985553e-16,92.7259171465698,3.30934170025519e-07,92.3210115459024
15.4,0.0145980003827944,0.00964947074080528,0.00964947074080528,1.30977891524714e-05,1.81054177577078e-05,1.38562737336549,2.68742205309329e-17,92.7258724467841,3.28235238554968e-07,92.3210553076411
15.42,0.0145625867348815,0.0096094977957202,0.0096094977957202,1.30201159700833e-05,1.79243047848665e-05,1.38562734252926,2.59629636315952e-17,92.7258153132535,3.25527039416284e-07,92.3210935960053
15.44,0.014526883493291,0.00956922525923374,0.00956922525923374,1.29436629308713e-05,1.77454804914934e-05,1.3856273125851,4.80740671595891e-17,92.7257457628211,3.22810126615652e-07,92.3211265528787
15.46,0.0144908957644196,0.00952865751806492,0.00952865751806492,1.28684207360719e-05,1.75689708437066e-05,1.38562728356084,1.37441488900543e-16,92.7256638125486,3.20085061873881e-07,92.32115431965
15.48,0.0144546287375341,0.00948779885247306,0.00948779885247306,1.27943766292384e-05,1.73947863060242e-05,1.38562725546892,1.74118773278173e-16,92.7255694797072,3.17352406911776e-07,92.3211770371751
15.5,0.0144180876855924,0.00944665451557791,0.00944665451557791,1.2721514937794e-05,1.72229222434872e-05,1.38562722830672,1.72637672277497e-16,92.7254627817697,3.14612739843709e-07,92.3211948457403
15.52,0.0143812779660863,0.00940522932230152,0.00940522932230152,1.26498176507702e-05,1.7053359666841e-05,1.38562720205731,1.61046131851761e-16,92.7253437364016,3.11866643605689e-07,92.3212078850251
15.54,0.0143442050218863,0.00936352806936108,0.00936352806936108,1.25792650240797e-05,1.68860663045667e-05,1.3856271766905,4.39913469421557e-16,92.725212361453,3.09114714634309e-07,92.321216294066
15.56,0.0143068743820961,0.00932155717846066,0.00932155717846066,1.2509836186384e-05,1.67209979526906e-05,1.38562715216418,4.77390521570991e-17,92.7250686749498,3.06357558527272e-07,92.3212202112194
15.58,0.0142692916629204,0.00927932186746051,0.00927932186746051,1.2441509732902e-05,1.65581000717285e-05,1.38562712842598,4.30472484001543e-16,92.7249126950857,3.03595781364442e-07,92.3212197741252
15.6,0.01423146256853,0.00923682809742744,0.00923682809742744,1.23742642901781e-05,1.63973095845815e-05,1.38562710541503,1.48282501322378e-16,92.7247444402134,3.00830000797614e-07,92.3212151196711
15.62,0.0141933928919488,0.0091940819174972,0.0091940819174972,1.23080790388939e-05,1.62385568178713e-05,1.38562708306399,1.22368726877461e-16,92.7245639288364,2.98060841228873e-07,92.3212063839563
15.64,0.0141550885159304,0.00915108926947005,0.00915108926947005,1.22429341807511e-05,1.60817675460834e-05,1.38562706130111,1.57926542353762e-16,92.7243711796007,2.95288939114396e-07,92.3211937022556
15.66,0.0141165554138587,0.0091078566672005,0.0091078566672005,1.21788113380139e-05,1.5926865069904e-05,1.38562704005241,2.07123367854102e-16,92.7241662112865,2.92514924160066e-07,92.3211772089842
15.68,0.014077799650637,0.00906439137274293,0.00906439137274293,1.21156938856994e-05,1.57737722965567e-05,1.38562701924377,1.88970767718661e-16,92.7239490427998,2.89739443911826e-07,92.321157037662
15.7,0.0140388273835955,0.00902069967884478,0.00902069967884478,1.20535672000666e-05,1.56224137539684e-05,1.38562699880305,4.60431035692019e-16,92.7237196931641,2.86963142058303e-07,92.3211333208788
15.72,0.0139996448633918,0.00897678859232568,0.00897678859232568,1.19924188263837e-05,1.54727174954683e-05,1.38562697866203,4.47903675515548e-17,92.7234781815126,2.84186676270875e-07,92.3211061902591
15.74,0.013960258434924,0.00893266564927983,0.00893266564927983,1.19322385644721e-05,1.5324616858603e-05,1.38562695875828,4.53423666743739e-16,92.7232245270795,2.81410696024133e-07,92.3210757764279
15.76,0.0139206745382392,0.00888833782284563,0.00888833782284563,1.18730184706902e-05,1.51780520283307e-05,1.38562693903676,2.46599347107868e-16,92.7229587491923,2.78635869114889e-07,92.3210422089762
15.78,0.0138808997094429,0.00884381307683582,0.00884381307683582,1.18147527790275e-05,1.50329713748398e-05,1.38562691945123,4.7437207399408e-16,92.7226808672637,2.7586285128586e-07,92.3210056164266
15.8,0.0138409405816124,0.0087990990670433,0.0087990990670433,1.17574377498571e-05,1.48893325435662e-05,1.38562689996541,1.83585876436006e-17,92.7223909007834,2.73092313226838e-07,92.3209661261998
15.82,0.0138008038857098,0.0087542035514292,0.0087542035514292,1.17010714510458e-05,1.47471032696522e-05,1.38562688055383,1.44666646912853e-16,92.7220888693104,2.70324922252467e-07,92.3209238645811
15.84,0.0137604964514879,0.00870913539876182,0.00870913539876182,1.16456534803433e-05,1.46062619121867e-05,1.38562686120246,1.64643444956823e-16,92.7217747924649,2.6756135628499e-07,92.3208789566868
15.86,0.0137200252083957,0.00866390196898087,0.00866390196898087,1.15911846406639e-05,1.44667976913482e-05,1.38562684190891,1.34191821583957e-16,92.7214486899205,2.64802285532032e-07,92.3208315264316
15.88,0.0136793971864778,0.00861851271201589,0.00861851271201589,1.15376665831414e-05,1.43287106466605e-05,1.38562682268248,8.01234452659818e-18,92.7211105813969,2.62048387915833e-07,92.3207816964956
15.9,0.0136386195172684,0.00857297620624411,0.00857297620624411,1.1485101427421e-05,1.41920113103655e-05,1.38562680354383,2.01944464079607e-16,92.7207604866515,2.59300343287288e-07,92.3207295882921
15.92,0.0135976994346807,0.00852730137631053,0.00852730137631053,1.14334913740335e-05,1.40567201170061e-05,1.38562678452442,2.27401009247535e-16,92.7203984254722,2.56558839694073e-07,92.3206753219357
15.94,0.0135566442758805,0.00848149793364141,0.00848149793364141,1.13828383276646e-05,1.39228665763103e-05,1.38562676566566,8.141504094412e-17,92.7200244176696,2.538245593979e-07,92.32061901621
15.96,0.0135154614821502,0.00843557436860992,0.00843557436860992,1.13331435393026e-05,1.38990372409165e-05,1.38562674701786,2.77786956326454e-16,92.71963848307,2.51098185624804e-07,92.3205607885367
15.98,0.0134741585997491,0.00838954191520212,0.00838954191520212,1.12844072821503e-05,1.39174160866951e-05,1.38562672863902,1.39929581461308e-16,92.7192406415073,2.48380416547895e-07,92.3205007549445
16,0.0134327432807432,0.00834340921136277,0.00834340921136277,1.12366285768e-05,1.39354617343379e-05,1.38562671059337,1.92504810363926e-16,92.718830912816,2.45671941179172e-07,92.3204390300379
16.02,0.0133912232838338,0.0082971869721256,0.0082971869721256,1.11898049705077e-05,1.39531051870367e-05,1.38562669294992,1.35382544310872e-16,92.7184093168239,2.42973454316595e-07,92.3203757269673
16.04,0.0133496064751567,0.00825088637033353,0.00825088637033353,1.11439323801123e-05,1.39702742962822e-05,1.38562667578081,3.96590820357235e-17,92.7179758733449,2.40285661365727e-07,92.3203109573985
16.06,0.0133079008290627,0.00820451714050974,0.00820451714050974,1.10990050061069e-05,1.39868953858979e-05,1.38562665915972,3.45670223816031e-16,92.7175306021718,2.3760925519587e-07,92.3202448314833
16.08,0.0132661144288813,0.00815809178307691,0.00815809178307691,1.10550153152282e-05,1.40028948762971e-05,1.38562664316023,1.71378037250709e-16,92.717073523069,2.34944943141239e-07,92.32017745783
16.1,0.0132242554676479,0.00811162083671685,0.00811162083671685,1.10119540956695e-05,1.40182008612211e-05,1.38562662785424,9.24896688085754e-17,92.7166046557661,2.32293433500373e-07,92.3201089434746
16.12,0.0131823322488101,0.00806511589552441,0.00806511589552441,1.0969810578683e-05,1.40327445972144e-05,1.38562661331051,1.69068063980005e-16,92.7161240199502,2.29655434089647e-07,92.3200393938517
16.14,0.0131403531869015,0.0080185900037777,0.0080185900037777,1.09285726215548e-05,1.40464618771929e-05,1.38562659959323,1.26432664048552e-16,92.7156316352596,2.27031652725433e-07,92.3199689127671
16.16,0.0130983268081837,0.00797205426984022,0.00797205426984022,1.0888226946988e-05,1.40592942574624e-05,1.38562658676084,3.74871562372308e-16,92.7151275212768,2.24422806385214e-07,92.3198976023691
16.18,0.0130562617512402,0.00792552227023085,0.00792552227023085,1.08487594236907e-05,1.40711901051027e-05,1.385626574865,1.50324908162764e-16,92.7146116975218,2.21829612528635e-07,92.3198255631216
16.2,0.0130141667675479,0.00787900660695904,0.00787900660695904,1.08101553806534e-05,1.40821054523954e-05,1.38562656394965,1.20983749228328e-16,92.7140841834456,2.19252781382884e-07,92.3197528937768
16.22,0.0129720507219914,0.00783252097237494,0.00783252097237494,1.07723999428089e-05,1.4092004634092e-05,1.38562655405047,4.63193907348465e-16,92.7135449984231,2.16693038122221e-07,92.3196796913487
16.24,0.0129299225933396,0.00778607952598477,0.00778607952598477,1.07354783742675e-05,1.41008607101867e-05,1.38562654519439,4.95276970240007e-16,92.7129941617476,2.14151099241959e-07,92.3196060510867
16.26,0.0128877914746576,0.00773969497709376,0.00773969497709376,1.06993764177537e-05,1.41086556544323e-05,1.38562653739945,6.29976161353266e-16,92.7124316926235,2.11627681719574e-07,92.3195320664498
16.28,0.0128456665736898,0.00769338299334976,0.00769338299334976,1.06640806201985e-05,1.41153803265848e-05,1.38562653067478,6.07724580438095e-16,92.7118576101602,2.0912351410447e-07,92.3194578290812
16.3,0.0128035572131606,0.00764715833331572,0.00764715833331572,1.06295786278614e-05,1.41210342148312e-05,1.38562652502089,4.4933468131961e-16,92.7112719333661,2.06639313856282e-07,92.3193834287835
16.32,0.0127614728310279,0.00760103548852256,0.00760103548852256,1.05958594521371e-05,1.41256249874822e-05,1.38562652043011,1.44444595136665e-16,92.7106746811424,2.04175800845464e-07,92.3193089534936
16.34,0.0127194229806652,0.00755503069962487,0.00755503069962487,1.0562913687536e-05,1.41291678421585e-05,1.38562651688726,5.43423645178765e-17,92.7100658722768,2.01733699281941e-07,92.3192344892591
16.36,0.0126774173309755,0.0075091587072727,0.0075091587072727,1.0530733684128e-05,1.41316846975492e-05,1.3856265143704,9.54781043141982e-17,92.7094455254375,1.99313725661019e-07,92.3191601202144
16.38,0.0126354656664286,0.00746343665892233,0.00746343665892233,1.04993136632058e-05,1.41332032339569e-05,1.38562651285187,2.77555756156289e-16,92.7088136591677,1.96916596477999e-07,92.3190859285574
16.4,0.0125935778870231,0.00741788034756457,0.00741788034756457,1.04686497848081e-05,1.41337558265953e-05,1.38562651229928,3.05941489989867e-16,92.7081702918795,1.94543031121167e-07,92.3190119945267
16.42,0.0125517640081632,0.00737250846726056,0.00737250846726056,1.04387401517924e-05,1.41333783842956e-05,1.38562651267672,4.16949968597378e-16,92.7075154418479,1.9219374174635e-07,92.318938396379
16.44,0.0125100341604392,0.00732733648127353,0.00732733648127353,1.04095847671178e-05,1.4132109143361e-05,1.38562651394596,2.06463675826453e-16,92.7068491272059,1.89869443402355e-07,92.3188652103679
16.46,0.01246839858933,0.00728238287340681,0.00728238287340681,1.03811854360857e-05,1.41299874309997e-05,1.38562651606767,2.50057044547384e-16,92.7061713659384,1.87570840530388e-07,92.3187925107216
16.48,0.012426867654792,0.00723766566156131,0.00723766566156131,1.0353545624035e-05,1.4127052436308e-05,1.38562651900267,3.47129683049186e-16,92.705482175877,1.85298645286272e-07,92.3187203696223
16.5,0.0123854518307496,0.00719320313750645,0.00719320313750645,1.03266702714364e-05,1.41233420265507e-05,1.38562652271308,8.05230659258805e-17,92.7047815746946,1.8305355584308e-07,92.318648857186
16.52,0.0123441617044777,0.00714901397112163,0.00714901397112163,1.03005655786865e-05,1.41188916245039e-05,1.38562652716348,1.72032332655087e-16,92.7040695799005,1.80836279534998e-07,92.3185780414417
16.54,0.0123030079758639,0.00710511818990995,0.00710511818990995,1.02752387580489e-05,1.4113733177501e-05,1.38562653232192,3.84342069951366e-16,92.7033462088346,1.78647510677786e-07,92.3185079883123
16.56,0.0122620014565533,0.00706153421988539,0.00706153421988539,1.02506977705214e-05,1.41078942423878e-05,1.38562653816086,1.16936318589005e-16,92.7026114786631,1.76487937319078e-07,92.3184387615957
16.58,0.0122211530689678,0.00701828246272076,0.00701828246272076,1.02269510510825e-05,1.41013972092541e-05,1.38562654465789,1.34311368887474e-16,92.7018654063735,1.74358253774632e-07,92.3183704229456
16.6,0.0121804738451836,0.00697538351926819,0.00697538351926819,1.02040072328976e-05,1.40942586728254e-05,1.38562655179643,2.55014184812288e-16,92.7011080087693,1.7225914664559e-07,92.3183030318537
16.62,0.0121399749256823,0.00693285755474395,0.00693285755474395,1.0181874875259e-05,1.4086488963283e-05,1.38562655956614,6.24603241320473e-16,92.700339302466,1.70191298675779e-07,92.3182366456323
16.64,0.0120996675579487,0.00689072543818003,0.00689072543818003,1.01605622081331e-05,1.40780918493899e-05,1.38562656796325,2.77555756156289e-17,92.6995593038859,1.68155384412244e-07,92.3181713193966
16.66,0.0120595630949184,0.00684900923150899,0.00684900923150899,1.01400769006835e-05,1.40690644148123e-05,1.38562657699069,2.74415489405283e-16,92.6987680292544,1.66152083223666e-07,92.3181071060484
16.68,0.0120196729932682,0.00680773066076752,0.00680773066076752,1.01204258562675e-05,1.40593970994196e-05,1.385626586658,4.363602569381e-16,92.697965494595,1.64182061942468e-07,92.3180440562599
16.7,0.0119800088115434,0.00676691157678475,0.00676691157678475,1.01016150483145e-05,1.40490739117816e-05,1.38562659698119,4.85854724703859e-16,92.6971517157254,1.62245989811892e-07,92.3179822184579
16.72,0.0119405822081144,0.00672657459463174,0.00672657459463174,1.00836493922458e-05,1.40380727882139e-05,1.38562660798231,1.99666596727684e-16,92.6963267082534,1.60344526914068e-07,92.3179216388089
16.74,0.0119014049389561,0.00668674288299022,0.00668674288299022,1.00665326693659e-05,1.40263661034812e-05,1.385626619689,2.5159272148758e-16,92.6954904875729,1.5847833140247e-07,92.3178623612043
16.76,0.0118624888552427,0.00664743912200401,0.00664743912200401,1.00502674956058e-05,1.40139212976287e-05,1.3856266321338,1.31656255071626e-16,92.6946430688597,1.56648061430572e-07,92.3178044272462
16.78,0.0118238459007594,0.00660868640837444,0.00660868640837444,1.00348553416075e-05,1.40007016138366e-05,1.38562664535349,8.09207131142367e-17,92.6937844670686,1.54854363097755e-07,92.3177478762339
16.8,0.0117854881091091,0.00657051041216887,0.00657051041216887,1.00202966038042e-05,1.39866669208732e-05,1.38562665938818,2.54510203717305e-16,92.6929146969288,1.53097882985562e-07,92.3176927451508
16.82,0.0117474276007258,0.00653293424257952,0.00653293424257952,1.00065907214732e-05,1.39717745966106e-05,1.38562667428051,9.10027404030511e-17,92.692033772941,1.51379262371735e-07,92.3176390686516
16.84,0.0117096765796738,0.00649598199869435,0.00649598199869435,9.99373634374808e-06,1.39559804539502e-05,1.38562669007465,1.96261557335472e-17,92.6911417093737,1.49699137230217e-07,92.3175868790506
16.86,0.0116722473302376,0.00645967911397167,0.00645967911397167,9.98173153006152e-06,1.39392396774074e-05,1.38562670681542,1.96261557335472e-17,92.6902385202603,1.48058137748983e-07,92.3175362063099
16.88,0.0116351522132875,0.00642405049715073,0.00642405049715073,9.9705739902038e-06,1.39215077519239e-05,1.38562672454735,9.51413198280327e-17,92.6893242193953,1.46456892187354e-07,92.3174870780284
16.9,0.0115984036624272,0.00638912174653387,0.00638912174653387,9.96026134863438e-06,1.39027413665893e-05,1.38562674331374,1.1499877804333e-16,92.6883988203319,1.44896015786231e-07,92.3174395194312
16.92,0.0115620141799029,0.00635491759313374,0.00635491759313374,9.95079142754904e-06,1.38828992544138e-05,1.38562676315585,1.35263943723665e-16,92.6874623363789,1.43376127643823e-07,92.3173935533602
16.94,0.011525996332279,0.00632146369382939,0.00632146369382939,9.94216254013544e-06,1.38619429710385e-05,1.38562678411213,2.929714625264e-16,92.6865147805975,1.41897837215068e-07,92.3173492002637
16.96,0.0114903627458793,0.00628878656848584,0.00628878656848584,9.93437378369433e-06,1.38398375773008e-05,1.38562680621752,1.79161470206219e-17,92.6855561657991,1.4046174479379e-07,92.3173064781883
16.98,0.0114551261019765,0.00625691184314715,0.00625691184314715,9.92742532437249e-06,1.38165522205469e-05,1.38562682950288,4.93914087963737e-17,92.6845865045425,1.39068448262994e-07,92.3172654027702
17,0.0114202991317339,0.00622586600885119,0.00622586600885119,9.92131866366862e-06,1.3792060602702e-05,1.3856268539945,2.6440736937774e-16,92.6836058091316,1.37718535862414e-07,92.3172259872275
17.02,0.011385894610898,0.00619567358535478,0.00619567358535478,9.91605687884493e-06,1.37663413195543e-05,1.38562687971378,1.39239702576162e-16,92.6826140916128,1.36412586670671e-07,92.3171882423527
17.04,0.0113519253542332,0.00616636176652803,0.00616636176652803,9.91164482940149e-06,1.37393780761386e-05,1.38562690667703,3.79382609657506e-16,92.681611363773,1.3515117639124e-07,92.3171521765061
17.06,0.0113184042096982,0.00613795575672524,0.00613795575672524,9.90808932430715e-06,1.37111597724449e-05,1.38562693489533,1.1331166295921e-17,92.6805976371373,1.33934874459469e-07,92.3171177956094
17.08,0.0112853440523645,0.0061104820860776,0.0061104820860776,9.9053992408518e-06,1.36816804525708e-05,1.38562696437465,1.25156822484232e-16,92.6795729229675,1.32764231506321e-07,92.3170851031402
17.1,0.0112527577780699,0.00608396650463509,0.00608396650463509,9.90358559851767e-06,1.36509391412964e-05,1.38562699511596,3.28506125590525e-16,92.6785372322594,1.31639797680595e-07,92.3170541001268
17.12,0.0112206582968118,0.00605843410499602,0.00605843410499602,9.90266157901156e-06,1.36189395567587e-05,1.38562702711555,2.78248780346594e-16,92.6774905757419,1.30562116380798e-07,92.3170247851434
17.14,0.0111890585258798,0.00603390938831574,0.00603390938831574,9.90264249415412e-06,1.35856897174325e-05,1.38562706036538,2.77555756156289e-17,92.6764329638751,1.29531717022692e-07,92.3169971543065
17.16,0.0111579713827234,0.00601041851545391,0.00601041851545391,9.90354570567538e-06,1.35512014602934e-05,1.38562709485364,1.65954205143279e-16,92.6753644068483,1.28549118896598e-07,92.3169712012707
17.18,0.0111274097775583,0.00598798527917535,0.00598798527917535,9.90539049185587e-06,1.35154898714962e-05,1.38562713056523,1.55571590062152e-16,92.6742849145795,1.2761483357822e-07,92.3169469172264
17.2,0.01109738660572,0.00596663486416097,0.00596663486416097,9.90819787443797e-06,1.3478572664205e-05,1.38562716748244,1.72777064849482e-16,92.6731944967136,1.26729362517824e-07,92.3169242908967
17.22,0.0110679147397581,0.00594638880198327,0.00594638880198327,9.91199040106675e-06,1.34404695051327e-05,1.3856272055856,5.65083343215321e-16,92.6720931626212,1.25893197522403e-07,92.316903308536
17.24,0.0110390070212826,0.0059272726748179,0.0059272726748179,9.91679189826387e-06,1.34012013128793e-05,1.38562724485379,1.6283008188824e-16,92.6709809213979,1.25106816898365e-07,92.3168839539287
17.26,0.0110106762525591,0.00590930706996057,0.00590930706996057,9.92262719548924e-06,1.33607895527188e-05,1.38562728526555,1.20451949953984e-16,92.6698577818634,1.24370693166154e-07,92.3168662083878
17.28,0.0109829351878714,0.0058925145720585,0.0058925145720585,9.92952182951933e-06,1.33192555322736e-05,1.38562732679957,4.11759678417994e-16,92.6687237525605,1.23685285827798e-07,92.3168500507552
17.3,0.0109557965246491,0.00587691695822,0.00587691695822,9.93750173720972e-06,1.32766197264989e-05,1.38562736943538,1.65372927682553e-16,92.6675788417546,1.23051043777719e-07,92.3168354574018
17.32,0.0109292728943657,0.00586253427212476,0.00586253427212476,9.94659294685919e-06,1.32329011464094e-05,1.38562741315396,2.55014184812288e-16,92.6664230574333,1.22468408677888e-07,92.3168224022282
17.34,0.0109033768532294,0.00584938475965451,0.00584938475965451,9.95682127353798e-06,1.31881167617642e-05,1.38562745793834,3.38894706878541e-16,92.6652564073059,1.21937803868054e-07,92.3168108566661
17.36,0.0108781208726628,0.00583748942871962,0.00583748942871962,9.96821202187103e-06,1.31422809865889e-05,1.38562750377412,1.72032332655087e-16,92.6640788988032,1.21459650759312e-07,92.3168007896803
17.38,0.010853517329589,0.00582686515514725,0.00582686515514725,9.98078971828849e-06,1.30954052581789e-05,1.38562755064984,2.80317572997126e-16,92.6628905390773,1.21034356297847e-07,92.3167921677713
17.4,0.0108295784965424,0.00581752855078337,0.00581752855078337,9.99457785957218e-06,1.30474976900441e-05,1.38562759855741,2.2662332591842e-17,92.6616913350018,1.20662315857916e-07,92.3167849549778
17.42,0.0108063165316026,0.00580949686554059,0.00580949686554059,1.00095986994436e-05,1.29985628272156e-05,1.38562764749228,3.95861718038393e-16,92.6604812931717,1.20343919027812e-07,92.3167791128806
17.44,0.010783743468186,0.00580278299210914,0.00580278299210914,1.00258730724811e-05,1.29486014976976e-05,1.3856276974536,1.72777064849482e-16,92.6592604199039,1.20079538037936e-07,92.3167746006064
17.46,0.0107618712046938,0.00579740144188642,0.00579740144188642,1.00434202542212e-05,1.28976107602874e-05,1.38562774844434,2.73008221209153e-16,92.6580287212374,1.19869542225709e-07,92.316771374833
17.48,0.0107407114940418,0.00579336674837839,0.00579336674837839,1.00622578698934e-05,1.28455839509822e-05,1.38562780047115,3.9391084759473e-16,92.6567862029337,1.19714284534983e-07,92.3167693897934
17.5,0.0107202759330882,0.00579068871319878,0.00579068871319878,1.00824018479425e-05,1.27925108275306e-05,1.38562785354427,3.92523114670944e-17,92.655532870478,1.19614114052308e-07,92.3167685972825
17.52,0.0107005759519805,0.0057893779696469,0.0057893779696469,1.01038664137064e-05,1.27383777863699e-05,1.38562790767732,5.13040374369232e-17,92.6542687290792,1.19569363470663e-07,92.3167689466628
17.54,0.0106816228034418,0.0057894431896628,0.0057894431896628,1.01266641355983e-05,1.26831681825923e-05,1.38562796288692,1.25413029144353e-16,92.6529937836716,1.19580355839756e-07,92.3167703848711
17.56,0.0106634275520111,0.00579089338977221,0.00579089338977221,1.01508060077043e-05,1.26268626954307e-05,1.38562801919241,1.59040497786839e-16,92.6517080389151,1.19647405048189e-07,92.3167728564259
17.58,0.0106460010632707,0.00579373514168698,0.00579373514168698,1.01763015740317e-05,1.25694397696829e-05,1.38562807661533,3.05941489989867e-16,92.6504114991971,1.19770819198596e-07,92.3167763034352
17.6,0.0106293539930732,0.00579797299966616,0.00579797299966616,1.02031590869987e-05,1.25108760935522e-05,1.38562813517901,2.73008221209153e-16,92.6491041686333,1.19950885178413e-07,92.3167806656049
17.62,0.0106134967768004,0.00580361175531282,0.00580361175531282,1.02313856942653e-05,1.24511471117916e-05,1.38562819490799,3.65858075126015e-16,92.6477860510692,1.2018789180373e-07,92.3167858802474
17.64,0.0105984396186737,0.00581065391623455,0.00581065391623455,1.02609876518593e-05,1.23902275634968e-05,1.38562825582754,2.82712031388956e-16,92.6464571500816,1.20482110050583e-07,92.3167918822913
17.66,0.010584192481142,0.00581910177794412,0.00581910177794412,1.02919705506438e-05,1.23280920150126e-05,1.38562831796309,4.62777927105281e-16,92.6451174689806,1.20833798358751e-07,92.3167986042911
17.68,0.0105707650743728,0.00582895516865276,0.00582895516865276,1.03243395547023e-05,1.22647153941724e-05,1.38562838133971,4.08551010907525e-17,92.6437670108106,1.21243205524741e-07,92.3168059764376
17.7,0.0105581668458756,0.00584021221640096,0.00584021221640096,1.03580996407526e-05,1.2200073501667e-05,1.3856284459816,2.14395727583462e-16,92.642405778353,1.21710573594771e-07,92.3168139265689
17.72,0.0105464069702811,0.00585287254368564,0.00585287254368564,1.0393255834125e-05,1.21341434859978e-05,1.38562851191162,1.7627157958516e-16,92.6410337741276,1.2223612388202e-07,92.316822380182
17.74,0.0105354943393014,0.00586693023425848,0.00586693023425848,1.04298134326984e-05,1.2066904279795e-05,1.38562857915082,2.04275505453762e-16,92.6396510003951,1.22820077699667e-07,92.3168312604446
17.76,0.0105254375519003,0.0058823825810087,0.0058823825810087,1.04677782116204e-05,1.19983369792909e-05,1.38562864771812,1.1331166295921e-17,92.6382574591592,1.23462631770546e-07,92.3168404882075
17.78,0.010516244904709,0.00589922152825338,0.00589922152825338,1.05071566062243e-05,1.19284251669516e-05,1.38562871762994,1.96261557335472e-17,92.6368531521687,1.24163980888837e-07,92.3168499820177
17.8,0.0105079243826924,0.00591744164419721,0.00591744164419721,1.05479558595423e-05,1.18571551592783e-05,1.38562878889994,2.74415489405283e-16,92.6354380809205,1.24924304419481e-07,92.3168596581321
17.82,0.0105004836501165,0.0059370337120103,0.0059370337120103,1.05901841471433e-05,1.18215739624006e-05,1.38562882448114,8.01234452659818e-18,92.6340122466618,1.25743756654909e-07,92.316869430531
17.84,0.010493930041826,0.0059579868276606,0.0059579868276606,1.06338506549612e-05,1.20337121842784e-05,1.38562861234292,1.69967494438815e-16,92.632575650393,1.2662250297732e-07,92.3168792109331
17.86,0.0104882705548678,0.00598029284044222,0.00598029284044222,1.0678965620703e-05,1.22472692540843e-05,1.38562839878585,2.73947203245971e-16,92.6311282928701,1.27560674535289e-07,92.3168889088103
17.88,0.0104835118404757,0.00600393788548301,0.00600393788548301,1.07255403439881e-05,1.24622432697841e-05,1.38562818381183,2.68861619758816e-16,92.6296701746083,1.2855839813792e-07,92.3168984314029
17.9,0.0104796601964557,0.00602890917015688,0.00602890917015688,1.07735871436223e-05,1.26786346761332e-05,1.38562796742043,2.82257510144227e-16,92.6282012958845,1.29615786611571e-07,92.3169076837361
17.92,0.0104767215599696,0.00605519359693437,0.00605519359693437,1.08231192896679e-05,1.28964460825998e-05,1.38562774960902,1.24385036157533e-16,92.6267216567408,1.30732936871199e-07,92.3169165686361
17.94,0.0104747015007746,0.00608277618028148,0.00608277618028148,1.08741508899843e-05,1.31156820109002e-05,1.38562753037309,3.14835186202447e-16,92.6252312569874,1.31909933295506e-07,92.3169249867472
17.96,0.0104736052149019,0.00611164143120876,0.00611164143120876,1.09266967527294e-05,1.33363486107818e-05,1.38562730970649,1.35263943723665e-16,92.6237300962064,1.33146844833956e-07,92.316932836549
17.98,0.0104734375188226,0.00614177221427415,0.00614177221427415,1.09807722172309e-05,1.35584533285105e-05,1.38562708760177,1.60246890531964e-17,92.622218173755,1.34443730310579e-07,92.3169400143748
18,0.0104742028440993,0.0061731520649518,0.0061731520649518,1.10363929617204e-05,1.37820045469361e-05,1.38562686405056,2.63921326008349e-16,92.620695488769,1.35800624441217e-07,92.3169464144295
18.02,0.0104759052325593,0.00620576227020923,0.00620576227020923,1.10935747935316e-05,1.40070112051305e-05,1.3856266390439,2.32496094101532e-16,92.619162040167,1.37217563870372e-07,92.3169519288084
18.04,0.0104785483319844,0.00623958464913263,0.00623958464913263,1.11523334336626e-05,1.42334824195789e-05,1.38562641257268,1.79161470206219e-17,92.6176178266536,1.38694557277051e-07,92.3169564475172
18.06,0.0104821353923445,0.00627459913489313,0.00627459913489313,1.12126842857407e-05,1.44614270860544e-05,1.38562618462802,1.40616075760831e-16,92.6160628467238,1.40231606107805e-07,92.3169598584907
18.08,0.0104866692625808,0.00631078623133921,0.00631078623133921,1.12746422166894e-05,1.46908535123558e-05,1.38562595520159,3.30357427920038e-17,92.6144970986669,1.41828695897785e-07,92.3169620476142
18.1,0.0104921523879488,0.00634812502412546,0.00634812502412546,1.13382213333638e-05,1.49217690512682e-05,1.38562572428605,2.70527887447329e-16,92.6129205805703,1.43485796752907e-07,92.3169628987433
18.12,0.0104985868079289,0.0063865955986779,0.0063865955986779,1.14034347797066e-05,1.51541797739352e-05,1.38562549187533,1.82885164427093e-16,92.6113332903244,1.45202867689319e-07,92.3169622937253
18.14,0.0105059741547123,0.00642617638091163,0.00642617638091163,1.14702945476311e-05,1.53880901732073e-05,1.38562525796493,1.25413029144353e-16,92.6097352256262,1.46979856151244e-07,92.316960112421
18.16,0.0105143156522627,0.00646684456211582,0.00646684456211582,1.15388113091593e-05,1.56235029069585e-05,1.3856250225522,3.10006297073016e-16,92.6081263839843,1.48816688849866e-07,92.3169562327266
18.18,0.0105236121159526,0.00650857964683045,0.00650857964683045,1.16089942756501e-05,1.58604185898081e-05,1.38562478563651,3.98045018507023e-16,92.6065067627235,1.50713287192569e-07,92.3169505305957
18.2,0.0105338639527868,0.00655135924238887,0.00655135924238887,1.16808510867411e-05,1.60988356345815e-05,1.38562454721947,3.67171752872013e-17,92.6048763589889,1.52669554264518e-07,92.3169428800632
18.22,0.0105450711621947,0.0065951597073837,0.0065951597073837,1.17543877288182e-05,1.63387501452839e-05,1.38562430730496,8.21020998839574e-17,92.6032351697512,1.5468538157895e-07,92.3169331532674
18.24,0.0105572333373981,0.00663995935734793,0.00663995935734793,1.18296084834612e-05,1.65801558615897e-05,1.38562406589924,2.82257510144227e-16,92.6015831918112,1.56760646184191e-07,92.3169212204748
18.26,0.0105703496673367,0.00668573543518569,0.00668573543518569,1.19065159157494e-05,1.68230441626172e-05,1.38562382301094,5.7777838054666e-17,92.5999204218051,1.58895220789096e-07,92.3169069501035
18.28,0.0105844189391648,0.00673246493812755,0.00673246493812755,1.19851108907685e-05,1.70674041197749e-05,1.38562357865098,3.4629645951195e-16,92.5982468562093,1.6108895206568e-07,92.3168902087483
18.3,0.01059943954128,0.0067801251425503,0.0067801251425503,1.20653926215784e-05,1.73132225966821e-05,1.38562333283251,1.7627157958516e-16,92.5965624913454,1.63341682346485e-07,92.3168708612051
18.32,0.0106154094668952,0.00682869389264194,0.00682869389264194,1.21473587481013e-05,1.756048439705e-05,1.38562308557071,5.88784672006416e-17,92.5948673233861,1.65653241909963e-07,92.316848770497
18.34,0.0106323263181282,0.00687814696092185,0.00687814696092185,1.22310054439603e-05,1.78091724529761e-05,1.38562283688265,7.03080378804153e-17,92.5931613483598,1.68023447533982e-07,92.3168237978995
18.36,0.0106501873106017,0.0069284626761074,0.0069284626761074,1.23163275433239e-05,1.80592680443237e-05,1.38562258678706,4.44667075039019e-16,92.5914445621563,1.70452100085009e-07,92.3167958029668
18.38,0.0106689892785223,0.00697961778668006,0.00697961778668006,1.24033186927701e-05,1.83107510516312e-05,1.38562233530405,2.3138896355264e-16,92.5897169605326,1.72938993679219e-07,92.3167646435584
18.4,0.0106887286802426,0.0070315899298328,0.0070315899298328,1.24919715148133e-05,1.85636002254519e-05,1.38562208245488,4.35476637556287e-16,92.5879785391182,1.75483907967877e-07,92.3167301758662
18.42,0.0107094016042622,0.00708435633938138,0.00708435633938138,1.2582277783432e-05,1.88177934714595e-05,1.38562182826163,2.96565002644755e-16,92.5862292934207,1.7808660717301e-07,92.3166922544414
18.44,0.0107310037756739,0.00713789449886574,0.00713789449886574,1.26742286061733e-05,1.90733081386618e-05,1.38562157274696,1.37149246407634e-16,92.5844692188319,1.8074684828419e-07,92.3166507322227
18.46,0.0107535305630011,0.00719218301838374,0.00719218301838374,1.27678146098861e-05,1.93301213136099e-05,1.38562131593379,2.54510203717305e-16,92.5826983106336,1.83464371897424e-07,92.3166054605638
18.48,0.0107769769854338,0.0072471998552939,0.0072471998552939,1.28630261212219e-05,1.95882101008404e-05,1.385621057845,1.30185189290517e-16,92.5809165640034,1.86238909447608e-07,92.3165562892623
18.5,0.0108013377204177,0.00730292261031633,0.00730292261031633,1.29598533393863e-05,1.98475518864427e-05,1.38562079850322,1.59040497786839e-16,92.5791239740209,1.89070177422563e-07,92.3165030665881
18.52,0.0108266071115902,0.00735933014745839,0.00735933014745839,1.30582864988955e-05,2.0108124584084e-05,1.38562053793052,4.72388698943643e-16,92.5773205356735,1.91957883631166e-07,92.3164456393127
18.54,0.0108527791770194,0.00741640084638388,0.00741640084638388,1.31583160189644e-05,2.03699068577201e-05,1.38562027614824,2.99794480833239e-17,92.5755062438631,1.94901714184925e-07,92.3163838527384
18.56,0.0108798476177355,0.00747411356668737,0.00747411356668737,1.32599326283116e-05,2.063287830123e-05,1.3856200131768,1.01665254806537e-16,92.5736810934121,1.97901351820202e-07,92.3163175507284
18.58,0.0109078058265245,0.00753244721256151,0.00753244721256151,1.33631274776788e-05,2.08970195987312e-05,1.3856197490355,1.79161470206219e-17,92.5718450790695,2.00956461915468e-07,92.316246575737
18.6,0.0109366468969539,0.00759138151681571,0.00759138151681571,1.34678922218481e-05,2.11623126318283e-05,1.38561948374247,2.6440736937774e-16,92.5699981955178,2.04066698759425e-07,92.3161707688393
18.62,0.010966363632611,0.00765089631092545,0.00765089631092545,1.35742190817381e-05,2.14287405577718e-05,1.38561921731454,3.38515629906568e-16,92.5681404373792,2.07231697836394e-07,92.3160899697629
18.64,0.0109969485565262,0.00771097063866094,0.00771097063866094,1.36821008802195e-05,2.16962878427651e-05,1.38561894976726,1.26432664048552e-16,92.5662717992221,2.10451091255546e-07,92.3160040169182
18.66,0.0110283939207546,0.00777158500577176,0.00777158500577176,1.37915310542786e-05,2.1964940257968e-05,1.38561868111484,9.10027404030511e-17,92.564392275568,2.13724492321671e-07,92.3159127474304
18.68,0.0110606917160841,0.00783271942985068,0.00783271942985068,1.39025036399063e-05,2.22346848313126e-05,1.38561841137027,3.67171752872013e-17,92.5625018608979,2.17051497945988e-07,92.3158159971707
18.7,0.0110938336818627,0.00789435485751809,0.00789435485751809,1.40150132378428e-05,2.25055097691218e-05,1.38561814054533,1.28447654151087e-16,92.5606005496594,2.20431700218083e-07,92.3157136007882
18.72,0.0111278113159019,0.00795647213320624,0.00795647213320624,1.41290549563714e-05,2.27774043417561e-05,1.38561786865076,6.30892638917295e-17,92.5586883362731,2.2386466567286e-07,92.3156053917426
18.74,0.0111626158844426,0.00801905237842297,0.00801905237842297,1.42446243343441e-05,2.30503587375086e-05,1.38561759569636,1.9560625815268e-16,92.5567652151398,2.27349962773882e-07,92.3154912023366
18.76,0.0111982384321547,0.00808207667647393,0.00808207667647393,1.43617172518225e-05,2.33243638965153e-05,1.38561732169121,2.88221751899302e-16,92.5548311806475,2.30887132983539e-07,92.3153708637482
18.78,0.0112346697921586,0.00814552688985654,0.00814552688985654,1.4480329822833e-05,2.35994113182425e-05,1.38561704664378,3.19390183612006e-16,92.5528862271781,2.34475713906912e-07,92.3152442060644
18.8,0.0112719005960279,0.00820938501842383,0.00820938501842383,1.46004582843878e-05,2.38754928616469e-05,1.38561677056224,2.87105906626411e-16,92.5509303491146,2.38115224344698e-07,92.3151110583142
18.82,0.011309921283776,0.00827363342344626,0.00827363342344626,1.47220988717556e-05,2.41526005255732e-05,1.38561649345458,1.55571590062152e-16,92.5489635408485,2.41805177311626e-07,92.3149712485021
18.84,0.0113487221137855,0.0083382537731796,0.0083382537731796,1.48452476977129e-05,2.44307262347032e-05,1.38561621532887,1.43552953313206e-16,92.5469857967865,2.45545063160731e-07,92.3148246036422
18.86,0.0113882931726739,0.0084032295498675,0.0084032295498675,1.49699006288817e-05,2.47098616223962e-05,1.38561593619348,1.02608074873846e-16,92.5449971113582,2.49334368869899e-07,92.3146709497919
18.88,0.0114286243850717,0.00846854387880761,0.00846854387880761,1.50960531678688e-05,2.49899978235213e-05,1.38561565605728,1.02608074873846e-16,92.5429974790229,2.53172563094794e-07,92.3145101120865
18.9,0.0114697055233086,0.00853417976232966,0.00853417976232966,1.5223700340301e-05,2.52711252750615e-05,1.38561537492983,5.88184678206395e-16,92.5409868942774,2.57059104847807e-07,92.3143419147736
18.92,0.0115115262169597,0.00860012030288218,0.00860012030288218,1.53528365934329e-05,2.55532335375896e-05,1.38561509282156,5.83307486244101e-17,92.5389653516631,2.60993443015885e-07,92.3141661812477
18.94,0.0115540759622892,0.00866635000905704,0.00866635000905704,1.54834557074404e-05,2.58363111362847e-05,1.38561480974397,2.50826058288707e-16,92.5369328457735,2.64975009610247e-07,92.3139827340853
18.96,0.0115973441315238,0.00873285312012015,0.00873285312012015,1.56155507178013e-05,2.61203454232639e-05,1.38561452570968,1.1331166295921e-17,92.5348893712618,2.69003231338309e-07,92.3137913950799
18.98,0.0116413199819746,0.0087996131655815,0.0087996131655815,1.57491138577721e-05,2.64053224705574e-05,1.38561424073263,1.60647008234791e-16,92.532834922848,2.73077519960407e-07,92.3135919852776
19,0.011685992664989,0.00886661513420646,0.00886661513420646,1.58841365140156e-05,2.66912269879516e-05,1.38561395482811,2.41702037599492e-16,92.530769495327,2.77197274700623e-07,92.3133843250123
19.02,0.0117313512347219,0.00893384436300142,0.00893384436300142,1.60206092049807e-05,2.69780422774701e-05,1.38561366801282,1.11022302462516e-16,92.5286930835759,2.81361887550578e-07,92.3131682339415
19.04,0.0117773846567167,0.00900128583974223,0.00900128583974223,1.61585215708952e-05,2.7265750208505e-05,1.38561338030489,4.44667075039019e-16,92.5266056825618,2.85570738929964e-07,92.3129435310823
19.06,0.0118240818162773,0.00906892405880025,0.00906892405880025,1.62978623858728e-05,2.75543312295845e-05,1.38561309172387,1.41526221675092e-16,92.5245072873491,2.89823193829229e-07,92.3127100348473
19.08,0.0118714315266514,0.00913674623401835,0.00913674623401835,1.64386195847019e-05,2.78437644070095e-05,1.3856128022907,1.68068356681677e-16,92.5223978931078,2.94118620613969e-07,92.312467563081
19.1,0.0119194225369807,0.00920473717285076,0.00920473717285076,1.65807803086088e-05,2.81340274930209e-05,1.38561251202761,2.50826058288707e-16,92.5202774951206,2.98456362577261e-07,92.312215933096
19.12,0.0119680435400421,0.00927288321906275,0.00927288321906275,1.67243309606802e-05,2.8425097013951e-05,1.38561222095809,2.53372581020338e-17,92.5181460887914,3.02835761083527e-07,92.3119549617094
19.14,0.0120172831797703,0.00934117130180655,0.00934117130180655,1.68692572785681e-05,2.87169483861316e-05,1.38561192910672,4.21619892636652e-16,92.5160036696523,3.0725614640742e-07,92.3116844652796
19.16,0.0120671300585359,0.00940958794815843,0.00940958794815843,1.70155444144108e-05,2.90095560453452e-05,1.38561163649906,4.17411622145613e-16,92.5138502333721,3.11716838698151e-07,92.3114042597431
19.18,0.0121175727442077,0.00947811933797683,0.00947811933797683,1.71631770230822e-05,2.93028935915984e-05,1.38561134316151,1.40616075760831e-16,92.5116857757637,3.16217148943821e-07,92.3111141606513
19.2,0.0121685997769774,0.00954675288335253,0.00954675288335253,1.73121393587751e-05,2.95969339485502e-05,1.38561104912115,1.50324908162764e-16,92.5095102927923,3.20756378007088e-07,92.3108139832074
19.22,0.0122201996759459,0.00961547680708506,0.00961547680708506,1.74624153727651e-05,2.98916495256041e-05,1.38561075440558,5.97497459429394e-16,92.5073237805831,3.25333821928969e-07,92.3105035423039
19.24,0.0122723609454816,0.00968427770651094,0.00968427770651094,1.76139888118027e-05,3.01870123828873e-05,1.38561045904272,1.25413029144353e-16,92.5051262354293,3.29948760356915e-07,92.3101826525593
19.26,0.012325072081329,0.0097531439003782,0.0097531439003782,1.7766843316875e-05,3.04829943971185e-05,1.3856101630607,3.10420190844885e-16,92.5029176537999,3.34600470527552e-07,92.3098511283556
19.28,0.0123783215765063,0.0098220626977276,0.0098220626977276,1.79209625152312e-05,3.07795674172606e-05,1.38560986648768,1.79161470206219e-17,92.500698032348,3.39288219552066e-07,92.3095087838759
19.3,0.0124320979269437,0.00989102290261134,0.00989102290261134,1.80763301089444e-05,3.10767034157333e-05,1.38560956935169,2.78248780346594e-16,92.4984673679183,3.44011258148075e-07,92.3091554331415
19.32,0.0124863896369071,0.00996001253074544,0.00996001253074544,1.82329299554678e-05,3.13743746260808e-05,1.38560927168048,1.39239702576162e-16,92.4962256575554,3.487688408905e-07,92.3087908900497
19.34,0.0125411852241832,0.010029020436036,0.010029020436036,1.83907461346848e-05,3.16725536597673e-05,1.38560897350144,2.82712031388956e-16,92.4939728985115,3.53560200174731e-07,92.3084149684113
19.36,0.0125964732250406,0.0100980353438062,0.0100980353438062,1.85497630090861e-05,3.19712136107597e-05,1.38560867484149,2.53372581020338e-17,92.491709088255,3.58384568396151e-07,92.3080274819882
19.38,0.0126522421989622,0.0101670458552991,0.0101670458552991,1.87099652692085e-05,3.22703281370185e-05,1.38560837572697,4.58947206387783e-16,92.4894342244775,3.63241166378214e-07,92.3076282445309
19.4,0.0127084807331684,0.0102360414488435,0.0102360414488435,1.88713379688954e-05,3.2569871524224e-05,1.38560807618358,4.02615329629402e-16,92.4871483051028,3.68129206265419e-07,92.3072170698167
19.42,0.0127651774469006,0.0103050111771538,0.0103050111771538,1.90338665420508e-05,3.28698187190835e-05,1.38560777623638,1.20983749228328e-16,92.4848513282942,3.73047891041154e-07,92.306793771687
19.44,0.0128223209955215,0.0103739447352466,0.0103739447352466,1.91975368134523e-05,3.31701453528677e-05,1.38560747590975,1.12743681122073e-16,92.4825432924629,3.77996417420673e-07,92.3063581640854
19.46,0.0128799000743832,0.0104428314268008,0.0104428314268008,1.93623349876198e-05,3.34708277272e-05,1.38560717522737,9.87828175927473e-17,92.4802241962757,3.82973969100806e-07,92.305910061095
19.48,0.0129379034225013,0.0105116608700123,0.0105116608700123,1.95282476340854e-05,3.37718427945166e-05,1.38560687421231,1.40158786498563e-16,92.4778940386633,3.87979724956742e-07,92.3054492769769
19.5,0.0129963198260221,0.0105804233313175,0.0105804233313175,1.96952616529939e-05,3.40731681043316e-05,1.385606572887,4.35181699061528e-16,92.475552818828,3.93012853738226e-07,92.3049756262074
19.52,0.0130551381215104,0.0106491086086822,0.0106491086086822,1.98633642368652e-05,3.43747817432849e-05,1.38560627127336,4.21010394822311e-16,92.4732005362518,3.98072516962545e-07,92.3044889235159
19.54,0.0131143471990347,0.0107177067260579,0.0107177067260579,2.00325428180505e-05,3.46766622500994e-05,1.38560596939285,3.14631211327649e-16,92.4708371907045,4.03157867468033e-07,92.3039889839228
19.56,0.0131739360050703,0.0107862084998564,0.0107862084998564,2.0202785012929e-05,3.49787885249864e-05,1.38560566726658,1.99022509253512e-16,92.4684627822512,4.08268049414074e-07,92.3034756227772
19.58,0.0132338935452324,0.0108546038342871,0.0108546038342871,2.03740785564251e-05,3.52811397217323e-05,1.38560536491538,1.65954205143279e-16,92.4660773112609,4.13402197798935e-07,92.3029486557946
19.6,0.0132942088868261,0.0109228834507411,0.0109228834507411,2.05464112351275e-05,3.55836951373423e-05,1.38560506235996,2.92093643437091e-16,92.4636807784139,4.18559448103045e-07,92.3024078990944
19.62,0.0133548711612352,0.01099103866247,0.01099103866247,2.07197708171012e-05,3.58864340952447e-05,1.38560475962101,2.84522855547804e-16,92.4612731847098,4.23738916038113e-07,92.3018531692376
19.64,0.0134158695661503,0.0110590593780013,0.0110590593780013,2.08941449800735e-05,3.61893358253873e-05,1.38560445671928,2.929714625264e-16,92.4588545314756,4.28939720690989e-07,92.3012842832647
19.66,0.0134771933676364,0.0111269372874764,0.0111269372874764,2.10695212447904e-05,3.64923793527705e-05,1.38560415367575,1.2944338730182e-16,92.4564248203733,4.3416096668361e-07,92.3007010587324
19.68,0.0135388319020453,0.0111946628122567,0.0111946628122567,2.12458869067019e-05,3.67955433826506e-05,1.38560385051172,2.49414388525818e-16,92.453984053408,4.39401762977379e-07,92.3001033137518
19.7,0.0136007745777998,0.0112622276013865,0.0112622276013865,2.14232289750816e-05,3.7098806198177e-05,1.3856035472489,1.1331166295921e-17,92.4515322329353,4.44661197800654e-07,92.2994908670253
19.72,0.0136630108770198,0.0113296231748133,0.0113296231748133,2.16015341167041e-05,3.74021455655793e-05,1.38560324390954,1.36209856952169e-16,92.4490693616697,4.49938362756935e-07,92.2988635378841
19.74,0.0137255303570258,0.0113968408620276,0.0113968408620276,2.17807886080472e-05,3.77055386537872e-05,1.38560294051645,1.68068356681677e-16,92.4465954426918,4.55232338842116e-07,92.2982211463251
19.76,0.0137883226517014,0.0114638720924801,0.0114638720924801,2.19609782951226e-05,3.80089619671509e-05,1.38560263709313,1.76635401601925e-16,92.4441104794563,4.60542208016411e-07,92.2975635130481
19.78,0.013851377472754,0.0115307085809635,0.0115307085809635,2.21420885599578e-05,3.83123912894856e-05,1.38560233366381,2.69338748119512e-16,92.4416144757996,4.65867039703774e-07,92.2968904594926
19.8,0.0139146846108301,0.0115973418780338,0.0115973418780338,2.23241043003158e-05,3.86158016509874e-05,1.38560203025345,2.9165374312205e-16,92.4391074359477,4.71205899953008e-07,92.296201807875
19.82,0.0139782339365424,0.0116637644669401,0.0116637644669401,2.25070099166917e-05,3.89191673080269e-05,1.38560172688779,2.88221751899302e-16,92.4365893645234,4.76557853848582e-07,92.2954973812247
19.84,0.0140420154013692,0.0117299681511768,0.0117299681511768,2.26907893076958e-05,3.9222461737376e-05,1.38560142359336,4.31477957672733e-17,92.4340602665542,4.81921962135489e-07,92.2947770034211
19.86,0.0141060190384637,0.0117959451844353,0.0117959451844353,2.28754258785475e-05,3.95256576537495e-05,1.38560112039745,2.59382252137511e-16,92.4315201474798,4.87297273504621e-07,92.29404049923
19.88,0.0141702349633566,0.0118616875191587,0.0118616875191587,2.30609025543875e-05,3.98287270355624e-05,1.38560081732807,2.70527887447329e-16,92.4289690131594,4.92682846290142e-07,92.2932876943397
19.9,0.0142346533745741,0.0119271880967295,0.0119271880967295,2.32472018057324e-05,4.01316411726693e-05,1.38560051441393,5.13040374369232e-17,92.4264068698796,4.98077716646676e-07,92.2925184153971
19.92,0.0142992645541528,0.0119924388435358,0.0119924388435358,2.34343056777437e-05,4.04343707207655e-05,1.38560021168438,2.99794480833239e-17,92.4238337243614,5.03480937604577e-07,92.2917324900437
19.94,0.0143640588680891,0.0120574329941728,0.0120574329941728,2.36221958281419e-05,4.07368857713308e-05,1.38559990916933,2.82257510144227e-16,92.4212495837678,5.0889154290764e-07,92.2909297469516
19.96,0.0144290267666923,0.0121221621684904,0.0121221621684904,2.38108535702607e-05,4.10391559311218e-05,1.38559960689917,5.13040374369232e-17,92.4186544557108,5.1430857160346e-07,92.2901100158587
19.98,0.0144941587848694,0.0121866201811305,0.0121866201811305,2.40002599193504e-05,4.13411504074368e-05,1.38559930490469,1.3455014484288e-16,92.4160483482593,5.19731055989331e-07,92.2892731276045
20,0.0145594455423327,0.0122507995014142,0.0122507995014142,2.41903956427632e-05,4.16428381011524e-05,1.385599003217,2.99794480833239e-17,92.4134312699455,5.25158032702019e-07,92.288418914165
20.02,0.0146248777437476,0.0123146930330246,0.0123146930330246,2.43812413098571e-05,4.19441876990945e-05,1.3855987018674,3.92523114670944e-17,92.4108032297729,5.30588522949042e-07,92.2875472086878
20.04,0.0146904461788117,0.0123782944250121,0.0123782944250121,2.45727773447144e-05,4.22451677719593e-05,1.38559840088733,2.87775932990671e-16,92.4081642372228,5.36021555652535e-07,92.2866578455271
20.06,0.0147561417222658,0.0124415960005986,0.0124415960005986,2.47649840740598e-05,4.25457468644641e-05,1.38559810030824,5.70003843511714e-16,92.4055143022613,5.41456155877316e-07,92.2857506602782
20.08,0.0148219553338682,0.0125045916454287,0.0125045916454287,2.49578417782558e-05,4.2845893590604e-05,1.38559780016151,1.66533453693773e-16,92.402853435347,5.46891345795219e-07,92.2848254898116
20.1,0.0148878780582898,0.0125672747946757,0.0125672747946757,2.51513307321538e-05,4.31455767120337e-05,1.38559750047839,3.89238344666173e-16,92.4001816474372,5.52326144202922e-07,92.2838821723077
20.12,0.01495390102498,0.01262963841381,0.01262963841381,2.53454312477613e-05,4.34447652188918e-05,1.38559720128988,4.30360619696132e-16,92.397498949995,5.57759569897102e-07,92.2829205472902
20.14,0.0150200154479776,0.012691675898667,0.012691675898667,2.55401237086146e-05,4.37434283977467e-05,1.3855969026267,4.16949968597378e-16,92.3948053549961,5.631906407101e-07,92.2819404556601
20.16,0.015086212625677,0.0127533817777016,0.0127533817777016,2.57353885978164e-05,4.4041535886663e-05,1.38559660451922,1.35263943723665e-16,92.3921008749356,5.68618370134782e-07,92.2809417397287
20.18,0.0151524839405489,0.0128147489812723,0.0128147489812723,2.59312065221439e-05,4.43390577247182e-05,1.38559630699738,4.21619892636652e-16,92.3893855228347,5.74041769253186e-07,92.2799242432514
20.2,0.0152188208588382,0.0128757711708971,0.0128757711708971,2.61275582249803e-05,4.46359643813121e-05,1.38559601009072,1.28447654151087e-16,92.3866593122471,5.79459852522494e-07,92.27888781146
20.22,0.0152852149302079,0.0129364427765844,0.0129364427765844,2.63244245985915e-05,4.49322267839225e-05,1.38559571382832,1.34072167684476e-16,92.3839222572654,5.84871631989063e-07,92.2778322910957
20.24,0.0153516577873655,0.0129967571264822,0.0129967571264822,2.65217866836484e-05,4.52278163241004e-05,1.38559541823878,1.23348476118107e-16,92.3811743725282,5.90276113913281e-07,92.2767575304414
20.26,0.01541814114564,0.0130567087317006,0.0130567087317006,2.67196256652128e-05,4.55227048559159e-05,1.38559512335025,4.07449581182973e-16,92.3784156732256,5.95672309859332e-07,92.2756633793534
20.28,0.0154846568025599,0.0131162912291444,0.0131162912291444,2.69179228615648e-05,4.58168646824131e-05,1.38559482919042,1.58028135508273e-16,92.3756461751062,6.0105922705192e-07,92.2745496892938
20.3,0.0155511966373717,0.0131754989487225,0.0131754989487225,2.71166597064963e-05,4.61102685296311e-05,1.38559453578657,5.13040374369232e-17,92.3728658944829,6.06435872715746e-07,92.2734163133616
20.32,0.0156177526105622,0.0132343258496609,0.0132343258496609,2.73158177282605e-05,4.64028895148516e-05,1.38559424316559,1.79161470206219e-17,92.3700748482393,6.11801253111177e-07,92.2722631063238
20.34,0.015684316763342,0.0132927664866797,0.0132927664866797,2.75153785218458e-05,4.66947011021901e-05,1.385593951354,3.1646225226421e-16,92.3672730538353,6.17154382213197e-07,92.2710899246465
20.36,0.015750881217118,0.0133508149579466,0.0133508149579466,2.7715323718416e-05,4.69856770533017e-05,1.38559366037805,1.19917792333295e-16,92.3644605293137,6.22494260496198e-07,92.2698966265254
20.38,0.0158174381729384,0.0134084655656721,0.0134084655656721,2.79156349526558e-05,4.72757913734245e-05,1.38559337026373,1.33111064485123e-16,92.3616372933057,6.27819897595679e-07,92.2686830719159
20.4,0.0158839799109404,0.0134657131077686,0.0134657131077686,2.81162938269905e-05,4.75650182523157e-05,1.38559308103685,4.18333400865849e-16,92.3588033650368,6.33130301218481e-07,92.2674491225634
20.42,0.0159504987897522,0.0135225517606967,0.0135225517606967,2.83172818768344e-05,4.78533320056318e-05,1.3855927927231,2.85423959484098e-16,92.3559587643325,6.38424482446586e-07,92.2661946420322
20.44,0.0160169872459202,0.0135789761375975,0.0135789761375975,2.85185805330373e-05,4.81407070116457e-05,1.38559250534809,1.68068356681677e-16,92.3531035116237,6.43701446576005e-07,92.2649194957356
20.46,0.0160834377932936,0.0136349810369944,0.0136349810369944,2.87201710888403e-05,4.8427117655514e-05,1.38559221893745,2.65376785532872e-16,92.3502376279527,6.48960212885495e-07,92.2636235509641
20.48,0.0161498430224131,0.0136905612244167,0.0136905612244167,2.89220346653037e-05,4.87125382704345e-05,1.38559193351683,5.58340272890538e-16,92.3473611349782,6.54199789081878e-07,92.262306676914
20.5,0.016216195599885,0.0137457110072273,0.0137457110072273,2.9124152182669e-05,4.89969430887971e-05,1.38559164911201,2.74415489405283e-16,92.3444740549812,6.59419191068755e-07,92.2609687447162
20.52,0.0162824882677565,0.0138004257474361,0.0138004257474361,2.93265043313406e-05,4.92803061928893e-05,1.38559136574891,1.45330766609988e-16,92.3415764108695,6.64617436678378e-07,92.2596096274633
20.54,0.0163487138428769,0.0138547000504397,0.0138547000504397,2.95290715511792e-05,4.95626014800354e-05,1.38559108345362,1.19917792333295e-16,92.3386682261834,6.69793548082469e-07,92.2582292002375
20.56,0.0164148652162502,0.0139085292456512,0.0139085292456512,2.97318340109154e-05,4.98438026270698e-05,1.38559080225247,2.98076446739867e-16,92.3357495251007,6.74946542631109e-07,92.2568273401374
20.58,0.0164809353523987,0.0139619078046948,0.0139619078046948,2.99347715962673e-05,5.01238830714623e-05,1.38559052217203,1.23608431045265e-16,92.3328203324417,6.80075450692795e-07,92.2554039263052
20.6,0.016546917288705,0.0140148313325395,0.0140148313325395,3.01378638996758e-05,5.04028159937775e-05,1.38559024323911,4.03888928159214e-16,92.3298806736737,6.85179299743039e-07,92.2539588399523
20.62,0.0166128041347635,0.0140672944459829,0.0140672944459829,3.03410902186022e-05,5.06805743165639e-05,1.38558996548079,2.53372581020338e-17,92.3269305749163,6.90257118221675e-07,92.252491964386
20.64,0.0166785890717313,0.0141192927780434,0.0141192927780434,3.05444295555418e-05,5.09571307052425e-05,1.3855896889244,5.65310512407699e-16,92.3239700629457,6.95307948551284e-07,92.2510031850344
20.66,0.0167442653516704,0.0141708215174401,0.0141708215174401,3.07478606256583e-05,5.12324575832057e-05,1.38558941359752,4.37388890053766e-16,92.3209991651994,7.00330827368479e-07,92.2494923894722
20.68,0.016809826296893,0.0142218759020479,0.0142218759020479,3.09513618679667e-05,5.15065271533555e-05,1.38558913952795,1.73518600724112e-16,92.3180179097807,7.05324803846125e-07,92.2479594674446
20.7,0.0168752652993142,0.0142724515484062,0.0142724515484062,3.11549114609293e-05,5.17793114265253e-05,1.38558886674368,1.52023548612203e-16,92.3150263254629,7.10288921371119e-07,92.2464043108927
20.72,0.0169405758197985,0.014322543832786,0.014322543832786,3.13584873421292e-05,5.20507822585614e-05,1.38558859527284,4.10588684450383e-16,92.3120244416938,7.15222240206088e-07,92.2448268139766
20.74,0.0170057513875144,0.0143721481981787,0.0143721481981787,3.15620672309451e-05,5.23209113916234e-05,1.38558832514371,5.56497560693187e-16,92.3090122885998,7.20123812899035e-07,92.2432268730991
20.76,0.0170707855992777,0.0144212605559666,0.0144212605559666,3.17656286549011e-05,5.25896705030338e-05,1.3855880563846,2.80317572997126e-16,92.3059898969895,7.24992709838019e-07,92.2416043869292
20.78,0.0171356721189275,0.0144698761934338,0.0144698761934338,3.19691489765177e-05,5.28570312543497e-05,1.38558778902385,1.60246890531964e-17,92.3029572983584,7.29828000446767e-07,92.2399592564242
20.8,0.017200404676671,0.0145179907115782,0.0145179907115782,3.2172605422843e-05,5.31229653459864e-05,1.38558752308976,4.21619892636652e-16,92.2999145248921,7.34628757524153e-07,92.2382913848524
20.82,0.0172649770684605,0.0145656005938822,0.0145656005938822,3.23759751153528e-05,5.33874445716176e-05,1.38558725861053,4.35771376431015e-16,92.2968616094702,7.39394062547993e-07,92.2366006778145
20.84,0.0173293831553589,0.0146127009208859,0.0146127009208859,3.25792350987551e-05,5.36504408710226e-05,1.38558699561423,1.5391211231077e-16,92.2937985856701,7.44123004710722e-07,92.2348870432656
20.86,0.0173936168629181,0.0146592882504386,0.0146592882504386,3.27823623723133e-05,5.39119263880394e-05,1.38558673412871,1.40158786498563e-16,92.29072548777,7.48814677544247e-07,92.2331503915354
20.88,0.0174576721805543,0.0147053584613798,0.0147053584613798,3.29853339146723e-05,5.41718735158625e-05,1.38558647418159,4.12694081310412e-16,92.2876423507531,7.5346817940211e-07,92.2313906353491
20.9,0.0175215431609473,0.0147509068616533,0.0147509068616533,3.31881267122912e-05,5.44302549490006e-05,1.38558621580015,1.3738309013483e-16,92.2845492103097,7.58082620691943e-07,92.2296076898476
20.92,0.0175852239194159,0.0147959302893328,0.0147959302893328,3.33907177809448e-05,5.4687043723467e-05,1.38558595901138,2.94283281605688e-16,92.2814461028416,7.62657110857052e-07,92.2278014726066
20.94,0.0176487086333366,0.0148404244847817,0.0148404244847817,3.35930841887731e-05,5.49422132589683e-05,1.38558570384184,3.92523114670944e-17,92.2783330654641,7.67190770430505e-07,92.2259719036562
20.96,0.0177119915415392,0.0148843859667106,0.0148843859667106,3.37952030712888e-05,5.51957373859935e-05,1.38558545031772,2.40370335797945e-17,92.2752101360095,7.71682725249171e-07,92.2241189054993
20.98,0.0177750669437231,0.0149278107741675,0.0149278107741675,3.39970516473844e-05,5.54475903764562e-05,1.38558519846473,1.72777064849482e-16,92.2720773530297,7.76132107418044e-07,92.22224240313
21,0.0178379291998727,0.0149706951781761,0.0149706951781761,3.41986072289803e-05,5.56977469603481e-05,1.38558494830814,2.95589278916485e-16,92.268934755799,7.8053806688218e-07,92.2203423240512
21.02,0.0179005727296941,0.0150130356527671,0.0150130356527671,3.43998472289335e-05,5.59461823410601e-05,1.38558469987276,1.44666646912853e-16,92.2657823843163,7.84899741532535e-07,92.2184185982921
21.04,0.0179629920120451,0.0150548285803074,0.0150548285803074,3.46007491628736e-05,5.61928721978244e-05,1.3855844531829,2.9165374312205e-16,92.2626202793081,7.89216297707731e-07,92.2164711584248
21.06,0.0180251815843744,0.0150960705170506,0.0150960705170506,3.48012906499812e-05,5.64377926890458e-05,1.38558420826241,1.37149246407634e-16,92.2594484822302,7.93486888245797e-07,92.2144999395807
21.08,0.0180871360421813,0.0151367578523938,0.0151367578523938,3.50014494093889e-05,5.66809204431973e-05,1.38558396513466,3.98528572058684e-16,92.2562670352706,7.97710693468102e-07,92.2125048794665
21.1,0.0181488500384644,0.0151768870019446,0.0151768870019446,3.52012032534041e-05,5.69222325474961e-05,1.38558372382255,4.3958499870543e-16,92.2530759813507,8.01886890320864e-07,92.2104859183796
21.12,0.0182103182831923,0.0152164546453804,0.0152164546453804,3.54005300781429e-05,5.71617065299179e-05,1.38558348434857,5.66558314796049e-17,92.2498753641282,8.06014666357904e-07,92.2084429992227
21.14,0.01827153554278,0.0152554580562279,0.0152554580562279,3.55994078530797e-05,5.73993203396572e-05,1.38558324673476,1.68068356681677e-16,92.2466652279982,8.10093217329828e-07,92.2063760675186
21.16,0.0183324966395683,0.0152938933058732,0.0152938933058732,3.57978146060831e-05,5.76350523189273e-05,1.38558301100278,1.1331166295921e-17,92.2434456180952,8.14121752487826e-07,92.2042850714242
21.18,0.0183931964513103,0.0153317573693262,0.0153317573693262,3.59957284108819e-05,5.78688811780914e-05,1.38558277717392,5.3676728633583e-16,92.2402165802947,8.18099484940397e-07,92.2021699617434
21.2,0.0184536299106786,0.0153690469982337,0.0153690469982337,3.61931273680946e-05,5.81007859610239e-05,1.38558254526914,1.52023548612203e-16,92.2369781612147,8.2202563647499e-07,92.2000306919408
21.22,0.0185137920047647,0.0154057592902009,0.0154057592902009,3.63899895934235e-05,5.83307460220173e-05,1.38558231530908,2.68622737774948e-16,92.2337304082168,8.25899439486655e-07,92.1978672181537
21.24,0.0185736777746,0.0154418908810526,0.0154418908810526,3.65862931991023e-05,5.85587409889232e-05,1.38558208731411,4.37242090623535e-16,92.2304733694076,8.29720134085062e-07,92.1956794992043
21.26,0.0186332823146652,0.0154774389616203,0.0154774389616203,3.67820162794104e-05,5.87847507362849e-05,1.38558186130437,2.79629676075559e-16,92.2272070936399,8.33486978702109e-07,92.1934674966112
21.28,0.0186926007724421,0.015512400659354,0.015512400659354,3.69771368962212e-05,5.90087553555829e-05,1.38558163729975,1.31656255071626e-16,92.2239316305134,8.37199229358871e-07,92.1912311746003
21.3,0.018751628347934,0.0155467729207498,0.0155467729207498,3.7171633068089e-05,5.92307351343635e-05,1.38558141531997,6.70360838422379e-17,92.2206470303757,8.40856158469993e-07,92.1889705001153
21.32,0.0188103602932252,0.0155805530268583,0.0155805530268583,3.73654827576049e-05,5.94506705291487e-05,1.38558119538457,3.08657309296824e-16,92.217353344323,8.44457051950708e-07,92.1866854428281
21.34,0.0188687919120313,0.0156137380050095,0.0156137380050095,3.75586638627467e-05,5.96685421483389e-05,1.38558097751295,1.37149246407634e-16,92.2140506242006,8.4800119716274e-07,92.1843759751479
21.36,0.0189269185592644,0.0156463254690057,0.0156463254690057,3.7751154211732e-05,5.98843307386687e-05,1.38558076172436,1.28447654151087e-16,92.2107389226036,8.51487904129512e-07,92.1820420722302
21.38,0.0189847356405996,0.0156783124961794,0.0156783124961794,3.79429315587758e-05,6.00980171752141e-05,1.38558054803793,1.79161470206219e-17,92.2074182928768,8.54916483356611e-07,92.1796837119856
21.4,0.0190422386120664,0.0157096962582421,0.0157096962582421,3.81339735829107e-05,6.03095824558419e-05,1.38558033647265,3.30357427920038e-17,92.2040887891153,8.58286262225359e-07,92.1773008750877
21.42,0.0190994229796169,0.0157404744823364,0.0157404744823364,3.8324257889341e-05,6.05190077000994e-05,1.3855801270474,3.30357427920038e-17,92.2007504661646,8.61596575349536e-07,92.1748935449808
21.44,0.0191562842987425,0.015770644520226,0.015770644520226,3.85137620148257e-05,6.07262741565417e-05,1.38557991978095,1.53075627245853e-16,92.1974033796202,8.64846774218654e-07,92.1724617078865
21.46,0.0192128181740638,0.0158002042274837,0.0158002042274837,3.87024634327934e-05,6.09313632071729e-05,1.38557971469189,3.18080995573679e-16,92.1940475858279,8.68036217554685e-07,92.1700053528106
21.48,0.0192690202589465,0.0158291505072958,0.0158291505072958,3.8890339564691e-05,6.1134256384987e-05,1.38557951179872,5.99588961666477e-17,92.1906831418831,8.71164282401828e-07,92.167524471549
21.5,0.0193248862551124,0.0158574818923256,0.0158574818923256,3.90773677894402e-05,6.13349353879578e-05,1.38557931111971,2.90661533219975e-16,92.1873101056305,8.74230347250772e-07,92.1650190586934
21.52,0.0193804119122762,0.0158851957072292,0.0158851957072292,3.92635254582263e-05,6.1533382101242e-05,1.385579112673,1.96261557335472e-17,92.1839285356637,8.77233814218235e-07,92.1624891116357
21.54,0.0194355930277731,0.0159122894526485,0.0159122894526485,3.94487899097523e-05,6.17295786218275e-05,1.38557891647648,5.45898855156812e-16,92.1805384913245,8.80174089278249e-07,92.1599346305735
21.56,0.0194904254461954,0.0159387613515092,0.0159387613515092,3.96331384860285e-05,6.19235072831792e-05,1.38557872254782,2.52611319667252e-16,92.1771400327019,8.8305059672707e-07,92.1573556185132
21.58,0.019544905059052,0.0159646089267687,0.0159646089267687,3.98165485494943e-05,6.21151506825512e-05,1.38557853090442,1.26686290510169e-16,92.1737332206314,8.85862764718268e-07,92.1547520812741
21.6,0.0195990278044123,0.0159898304650314,0.0159898304650314,3.99989975015448e-05,6.23044917100746e-05,1.38557834156339,1.61841426228473e-16,92.1703181166939,8.88610048406586e-07,92.1521240274913
21.62,0.0196527896665727,0.0160144240311002,0.0160144240311002,4.01804628012508e-05,6.24915135793991e-05,1.38557815454152,1.37149246407634e-16,92.1668947832144,8.912919039111e-07,92.1494714686178
21.64,0.0197061866757316,0.0160383871962696,0.0160383871962696,4.03609219834855e-05,6.26761998558933e-05,1.38557796985525,3.30357427920038e-17,92.1634632832609,8.93907804708783e-07,92.1467944189273
21.66,0.0197592149076599,0.0160617185387926,0.0160617185387926,4.05403526747459e-05,6.28585344821797e-05,1.38557778752062,1.40616075760831e-16,92.1600236806428,8.96457239705853e-07,92.144092895515
21.68,0.0198118704833815,0.0160844158683816,0.0160844158683816,4.07187326132037e-05,6.30385018089985e-05,1.38557760755329,1.46211567198694e-16,92.1565760399096,8.98939703594496e-07,92.141366918299
21.7,0.0198641495688722,0.0161064777243919,0.0161064777243919,4.08960396622091e-05,6.32160866167464e-05,1.38557742996849,2.72419713904338e-16,92.1531204263489,9.01354713246435e-07,92.1386165100209
21.72,0.0199160483747504,0.0161279022853896,0.0161279022853896,4.10722518254731e-05,6.33912741381248e-05,1.38557725478096,1.64399564738579e-16,92.1496569059849,9.03701793730183e-07,92.1358416962454
21.74,0.0199675631559847,0.0161486875063144,0.0161486875063144,4.12473472606527e-05,6.35640500779022e-05,1.38557708200502,1.5053828642228e-16,92.1461855455763,9.05980481204022e-07,92.1330425053604
21.76,0.0200186902115913,0.0161688322687543,0.0161688322687543,4.14213042896081e-05,6.37344006277907e-05,1.38557691165447,1.29195173483207e-16,92.1427064126143,9.08190332559279e-07,92.1302189685756
21.78,0.0200694258843708,0.0161883350011987,0.0161883350011987,4.15941014083655e-05,6.39023124797689e-05,1.38557674374262,3.3993498887763e-17,92.1392195753206,9.10330914330563e-07,92.1273711199214
21.8,0.0201197665606117,0.0162071938836229,0.0162071938836229,4.17657172947477e-05,6.40677728342975e-05,1.38557657828227,3.92523114670944e-17,92.1357251026448,9.12401804142252e-07,92.1244989962468
21.82,0.0201697086698302,0.0162254076569141,0.0162254076569141,4.19361308138966e-05,6.42307694074251e-05,1.38557641528569,4.60274150786893e-17,92.1322230642623,9.14402598423117e-07,92.121602637217
21.84,0.0202192486845015,0.0162429747440216,0.0162429747440216,4.21053210206779e-05,6.43912904279009e-05,1.38557625476467,3.30357427920038e-17,92.1287135305717,9.16332907102519e-07,92.1186820853105
21.86,0.0202683831197998,0.0162598940132194,0.0162598940132194,4.22732671633928e-05,6.4549324640728e-05,1.38557609673046,4.08551010907525e-17,92.125196572692,9.18192347824441e-07,92.1157373858157
21.88,0.0203171085333414,0.0162761640139068,0.0162761640139068,4.2439948682053e-05,6.47048612980594e-05,1.3855759411938,4.07134339680317e-16,92.12167226246,9.1998055559077e-07,92.1127685868273
21.9,0.0203654215249479,0.0162917835817056,0.0162917835817056,4.26053452075461e-05,6.48578901520924e-05,1.38557578816495,2.93955875665335e-16,92.1181406724272,9.21697186618604e-07,92.1097757392415
21.92,0.0204133187363853,0.016306751255454,0.016306751255454,4.27694365589054e-05,6.50084014459651e-05,1.38557563765366,3.0245937307082e-16,92.1146018758572,9.2334189953586e-07,92.1067588967517
21.94,0.0204607968511489,0.016321066595569,0.016321066595569,4.29322027384439e-05,6.51563858977688e-05,1.3855754896692,1.1911206455961e-16,92.1110559467223,9.24914374185671e-07,92.1037181158427
21.96,0.0205078525942178,0.0163347276355934,0.0163347276355934,4.30936239269391e-05,6.53018346885581e-05,1.38557534422041,4.60274150786893e-17,92.1075029597,9.26414304876086e-07,92.1006534557852
21.98,0.020554482731836,0.0163477339647366,0.0163477339647366,4.32536804778004e-05,6.54447394434765e-05,1.38557520131566,2.74882977801086e-16,92.1039429901703,9.27841394111942e-07,92.09756497863
22,0.0206006840712834,0.0163600844711698,0.0163600844711698,4.34123529107079e-05,6.55850922159917e-05,1.38557506096289,4.02615329629402e-16,92.1003761142117,9.29195369470601e-07,92.0944527492003
22.02,0.0206464534606715,0.0163717782125747,0.0163717782125747,4.35696219048887e-05,6.57228854701319e-05,1.38557492316963,1.48606852788289e-16,92.0968024085978,9.30475962386737e-07,92.0913168350854
22.04,0.0206917877887284,0.016382814103672,0.016382814103672,4.37254682932166e-05,6.58581120625001e-05,1.38557478794304,7.43034263941447e-17,92.0932219507934,9.31682923581581e-07,92.0881573066329
22.06,0.0207366839845874,0.0163931915610443,0.0163931915610443,4.38798730550021e-05,6.59907652242886e-05,1.38557465528988,5.43482709756427e-16,92.0896348189512,9.3281602016994e-07,92.0849742369405
22.08,0.0207811390175995,0.0164029098124088,0.0164029098124088,4.4032817311355e-05,6.61208385461798e-05,1.38557452521656,2.40370335797945e-17,92.0860410919073,9.33875034695864e-07,92.0817677018472
22.1,0.0208251498971253,0.0164119680745621,0.0164119680745621,4.4184282320833e-05,6.62483259650237e-05,1.38557439772914,1.53075627245853e-16,92.0824408491775,9.34859754525047e-07,92.0785377799252
22.12,0.0208687136723496,0.0164203658860368,0.0164203658860368,4.4334249474322e-05,6.63732217471846e-05,1.38557427283335,4.18333400865849e-16,92.078834170953,9.35769999328164e-07,92.0752845524693
22.14,0.0209118274320984,0.0164281021076838,0.0164281021076838,4.44827002937546e-05,6.64955204814355e-05,1.38557415053462,1.79161470206219e-17,92.0752211380963,9.36605582507763e-07,92.0720081034881
22.16,0.0209544883046542,0.0164351770306554,0.0164351770306554,4.46296164277603e-05,6.66152170636369e-05,1.38557403083804,2.87329422352462e-16,92.0716018321364,9.37366353628683e-07,92.0687085196931
22.18,0.0209966934575728,0.016441589336245,0.016441589336245,4.47749796545516e-05,6.67323066962933e-05,1.38557391374841,2.60986057800978e-16,92.067976335265,9.38052164184424e-07,92.065385890488
22.2,0.0210384400975213,0.0164473387579581,0.0164473387579581,4.49187718811308e-05,6.68467848803367e-05,1.38557379927022,1.5391211231077e-16,92.0643447303314,9.38662882544221e-07,92.0620403079576
22.22,0.0210797254701028,0.0164524253040117,0.0164524253040117,4.50609751464028e-05,6.69586474151274e-05,1.38557368740769,1.55571590062152e-16,92.0607071008381,9.39198397810362e-07,92.0586718668563
22.24,0.0211205468596962,0.0164568485924572,0.0164568485924572,4.52015716235057e-05,6.70678903953448e-05,1.38557357816471,2.93409387229021e-16,92.0570635309356,9.39658608728411e-07,92.0552806645959
22.26,0.0211609015892827,0.0164606082280371,0.0164606082280371,4.53405436271332e-05,6.71745102192034e-05,1.38557347154488,1.34072167684476e-16,92.0534141054181,9.40043426098035e-07,92.0518668012332
22.28,0.0212007870203122,0.0164637037799059,0.0164637037799059,4.54778736172157e-05,6.72785035873424e-05,1.38557336755151,1.40844163624868e-16,92.0497589097179,9.40352791577391e-07,92.048430379457
22.3,0.0212402005525293,0.0164661352241816,0.0164661352241816,4.56135442075927e-05,6.7379867513484e-05,1.38557326618759,2.75815577521096e-16,92.0460980299007,9.4058664344949e-07,92.0449715045752
22.32,0.0212791396238393,0.0164679026115753,0.0164679026115753,4.57475381746031e-05,6.74785993326488e-05,1.38557316745577,1.35263943723665e-16,92.0424315526602,9.40744943623376e-07,92.0414902845005
22.34,0.0213176017101561,0.0164690057796631,0.0164690057796631,4.58798384630995e-05,6.7574696706485e-05,1.3855730713584,1.32627901132216e-16,92.0387595653131,9.4082767040167e-07,92.0379868297368
22.36,0.0213555843252652,0.0164694445299723,0.0164694445299723,4.60104281996133e-05,6.766815764081e-05,1.38557297789746,1.5160067283169e-16,92.035082155793,9.40834816069745e-07,92.0344612533645
22.38,0.0213930850206782,0.0164692193582055,0.0164692193582055,4.61392906999337e-05,6.77589804918277e-05,1.38557288707461,7.60117743061015e-17,92.0313994126456,9.40766387860059e-07,92.0309136710254
22.4,0.0214301013855141,0.0164683298387667,0.0164683298387667,4.62664094800659e-05,6.78471639814493e-05,1.38557279889112,2.63921326008349e-16,92.027711425023,9.40622406023496e-07,92.0273442009079
22.42,0.0214666310463474,0.0164667766607939,0.0164667766607939,4.63917682661578e-05,6.79327072070635e-05,1.3855727133479,4.10432299495386e-16,92.0240182826776,9.40402915401301e-07,92.0237529637306
22.44,0.0215026716671038,0.0164645599463776,0.0164645599463776,4.65153510043469e-05,6.8015609655081e-05,1.38557263044545,2.63921326008349e-16,92.0203200759566,9.40107958423902e-07,92.020140082727
22.46,0.0215382209489224,0.0164616796045857,0.0164616796045857,4.66371418712726e-05,6.80958712115931e-05,1.38557255018389,1.41526221675092e-16,92.0166168957961,9.39737610791039e-07,92.0165056836284
22.48,0.0215732766300408,0.0164581363056615,0.0164581363056615,4.67571252822833e-05,6.81734921730293e-05,1.38557247256293,1.41979106741989e-16,92.0129088337152,9.39291951095435e-07,92.0128498946473
22.5,0.0216078364856715,0.0164539302193751,0.0164539302193751,4.68752859004389e-05,6.82484732541511e-05,1.38557239758185,2.53372581020338e-17,92.0091959818097,9.38771080109355e-07,92.0091728464605
22.52,0.0216418983278971,0.0164490618343676,0.0164490618343676,4.69916086446933e-05,6.83208155976001e-05,1.3855723252395,6.70360838422379e-17,92.0054784327462,9.38175107284019e-07,92.0054746721909
22.54,0.0216754600055548,0.0164435318479332,0.0164435318479332,4.71060786953862e-05,6.83905207781166e-05,1.38557225553432,1.34311368887474e-16,92.0017562797556,9.37504166661003e-07,92.0017555073902
22.56,0.0217085194041236,0.0164373405901114,0.0164373405901114,4.72186815023963e-05,6.84575908089791e-05,1.38557218846429,1.29195173483207e-16,91.998029616627,9.36758393246217e-07,91.9980154900203
22.58,0.0217410744456304,0.016430488422482,0.016430488422482,4.73294027880818e-05,6.85220281431143e-05,1.38557212402696,4.08393845673432e-16,91.9942985377012,9.35937949046749e-07,91.9942547604346
22.6,0.0217731230885369,0.0164229762709868,0.0164229762709868,4.74382285528623e-05,6.85838356755397e-05,1.38557206221943,1.40158786498563e-16,91.9905631378642,9.35043003302147e-07,91.9904734613591
22.62,0.0218046633276441,0.0164148050501911,0.0164148050501911,4.75451450771366e-05,6.86430167400331e-05,1.38557200303836,2.71238868666702e-16,91.9868235125405,9.34073745502847e-07,91.9866717378734
22.64,0.0218356931940006,0.0164059748638724,0.0164059748638724,4.76501389228229e-05,6.86995751078001e-05,1.38557194647999,1.45330766609988e-16,91.9830797576867,9.33030375264725e-07,91.9828497373902
22.66,0.0218662107548039,0.0163964870258096,0.0163964870258096,4.77531969347065e-05,6.87535149803686e-05,1.38557189254012,3.58322940412438e-17,91.9793319697844,9.31913106186416e-07,91.9790076096364
22.68,0.0218962141133054,0.0163863424621485,0.0163863424621485,4.78543062404731e-05,6.88048409860365e-05,1.38557184121412,3.98528572058684e-16,91.9755802458338,9.30722173563928e-07,91.9751455066319
22.7,0.0219257014087309,0.016375541599367,0.016375541599367,4.79534542493656e-05,6.88535581692129e-05,1.38557179249693,2.53372581020338e-17,91.9718246833464,9.29457815104093e-07,91.9712635826694
22.72,0.0219546708161885,0.0163640856101427,0.0163640856101427,4.80506286507289e-05,6.88996719817592e-05,1.38557174638312,1.4175284507353e-16,91.9680653803382,9.28120295514922e-07,91.9673619942934
22.74,0.0219831205465896,0.0163519755470266,0.0163519755470266,4.81458174114362e-05,6.89431882723301e-05,1.38557170286683,3.58322940412438e-17,91.9643024353227,9.26709881433083e-07,91.9634409002787
22.76,0.0220110488465539,0.0163392122309137,0.0163392122309137,4.82390087731564e-05,6.89841132748281e-05,1.38557166194183,3.67171752872013e-17,91.9605359473036,9.25226863121278e-07,91.9595004616092
22.78,0.0220384539983535,0.016325797255113,0.016325797255113,4.83301912491979e-05,6.90224535959683e-05,1.38557162360151,2.84522855547804e-16,91.9567660157679,9.23671537592503e-07,91.9555408414558
22.8,0.0220653343198155,0.0163117312461965,0.0163117312461965,4.84193536206063e-05,6.90582162017339e-05,1.3855715878389,4.30360619696132e-16,91.9529927406781,9.22044224039295e-07,91.9515622051542
22.82,0.0220916881642609,0.0162970156046552,0.0162970156046552,4.8506484932652e-05,6.90914084060523e-05,1.3855715546467,2.68383643167915e-16,91.9492162224656,9.20345250333143e-07,91.9475647201826
22.84,0.0221175139204277,0.0162816513000108,0.0162816513000108,4.85915744916343e-05,6.91220378561397e-05,1.38557152401725,1.43552953313206e-16,91.9454365620225,9.18574956399634e-07,91.9435485561388
22.86,0.0221428100124021,0.0162656401016402,0.0162656401016402,4.86746118612116e-05,6.9150112522065e-05,1.38557149594258,4.06424152288729e-16,91.9416538606947,9.16733697593604e-07,91.9395138847176
22.88,0.0221675748995454,0.0162489828785824,0.0162489828785824,4.87555868584228e-05,6.91756406818733e-05,1.38557147041442,4.3503415482977e-16,91.9378682202742,9.14821841806148e-07,91.9354608796868
22.9,0.0221918070764425,0.0162316816612034,0.0162316816612034,4.88344895519267e-05,6.91986309120374e-05,1.38557144742419,1.2944338730182e-16,91.9340797429913,9.12839770911116e-07,91.9313897168644
22.92,0.0222155050728174,0.0162137371528268,0.0162137371528268,4.89113102589546e-05,6.92190920763558e-05,1.38557142696303,1.49038223369933e-16,91.9302885315072,9.10787887033242e-07,91.9273005740942
22.94,0.0222386674534936,0.016195151198427,0.016195151198427,4.8986039544e-05,6.9237033316405e-05,1.38557140902179,1.60447074108492e-16,91.926494688906,9.08666593743754e-07,91.9231936312221
22.96,0.0222612928183218,0.0161759252820956,0.0161759252820956,4.90586682161158e-05,6.92524640431014e-05,1.38557139359106,4.21619892636652e-16,91.9226983186874,9.06476314382601e-07,91.9190690700717
22.98,0.0222833798021273,0.016156060886499,0.016156060886499,4.91291873293517e-05,6.92653939280419e-05,1.38557138066117,2.53878820448181e-16,91.9188995247581,9.042174833795e-07,91.9149270744196
23,0.0223049270746468,0.0161355599903857,0.0161355599903857,4.91975881826062e-05,6.92758328997289e-05,1.3855713702222,1.77902919461046e-16,91.9150984114246,9.01890549146925e-07,91.9107678299708
23.02,0.0223259333404861,0.0161144240772655,0.0161144240772655,4.9263862319586e-05,6.92837911364652e-05,1.38557136226397,1.5328517645723e-16,91.911295083385,8.99495971187116e-07,91.9065915243337
23.04,0.0223463973390622,0.016092654449912,0.016092654449912,4.93280015308964e-05,6.92892790645772e-05,1.38557135677604,3.86341261956332e-16,91.9074896457207,8.97034222020743e-07,91.9023983469943
23.06,0.0223663178445482,0.0160702531595458,0.0160702531595458,4.93899978548758e-05,6.92923073539742e-05,1.38557135374775,3.92523114670944e-17,91.9036822038889,8.94505790079882e-07,91.8981884892917
23.08,0.0223856936658376,0.0160472225801922,0.0160472225801922,4.9449843580728e-05,6.92928869183707e-05,1.38557135316818,5.74323603736361e-16,91.8998728637138,8.91911172957724e-07,91.8939621443914
23.1,0.0224045236464849,0.0160235638879191,0.0160235638879191,4.95075312505792e-05,6.92910289135096e-05,1.38557135502619,1.39008982115133e-16,91.8960617313791,8.8925087789074e-07,91.8897195072601
23.12,0.0224228066646656,0.0159992791028842,0.0159992791028842,4.95630536630339e-05,6.92867447371626e-05,1.38557135931036,1.19381244709818e-16,91.8922489134195,8.86525429473298e-07,91.8854607746391
23.14,0.0224405416331372,0.0159743705944355,0.0159743705944355,4.96164038768244e-05,6.92800460315723e-05,1.38557136600907,4.67195954995211e-17,91.8884345167122,8.83735362907375e-07,91.8811861450185
23.16,0.0224577274991942,0.0159488398049791,0.0159488398049791,4.96675752159688e-05,6.92709446852291e-05,1.38557137511042,2.99580265385498e-16,91.8846186484691,8.80881218216585e-07,91.8768958186102
23.18,0.0224743632446214,0.0159226892346933,0.0159226892346933,4.97165612706008e-05,6.92594528317603e-05,1.38557138660227,3.30357427920038e-17,91.8808014162279,8.77963557604082e-07,91.8725899973216
23.2,0.0224904478856677,0.0158959206855284,0.0158959206855284,4.97633559037048e-05,6.92455828548155e-05,1.38557140047225,1.1331166295921e-16,91.8769829278444,8.74982948576823e-07,91.8682688847283
23.22,0.0225059804730015,0.0158685365653188,0.0158685365653188,4.9807953254977e-05,6.92293473900651e-05,1.38557141670771,1.10151525861604e-16,91.8731632914833,8.71939970213696e-07,91.8639326860476
23.24,0.0225209600916798,0.0158405388354553,0.0158405388354553,4.985034774326e-05,6.9210759324978e-05,1.38557143529578,5.53548059478135e-16,91.8693426156103,8.68835214612015e-07,91.8595816081108
23.26,0.0225353858611021,0.0158119296762312,0.0158119296762312,4.98905340713195e-05,6.91898318023743e-05,1.3855714562233,8.05230659258805e-17,91.8655210089833,8.65669281101554e-07,91.8552158593361
23.28,0.0225492569349987,0.0157827114203524,0.0157827114203524,4.99285072293891e-05,6.91665782213136e-05,1.38557147947688,1.34311368887474e-16,91.8616985806441,8.62442786369983e-07,91.8508356497009
23.3,0.0225625725013805,0.0157528867865881,0.0157528867865881,4.99642624977651e-05,6.9141012236873e-05,1.38557150504287,4.60274150786893e-17,91.8578754399096,8.59156347104974e-07,91.8464411907143
23.32,0.0225753317825226,0.0157224574008156,0.0157224574008156,4.99977954494435e-05,6.9113147760147e-05,1.38557153290734,1.42880570444356e-16,91.8540516963633,8.55810600727244e-07,91.842032695389
23.34,0.0225875340349292,0.015691426434139,0.015691426434139,5.00291019529137e-05,6.90829989582475e-05,1.38557156305614,2.8888919027333e-16,91.8502274598466,8.52406189961313e-07,91.8376103782135
23.36,0.0225991785493115,0.0156597955702406,0.0156597955702406,5.00581781728652e-05,6.90505802511954e-05,1.38557159547485,1.32385658188203e-16,91.8464028404501,8.48943767174977e-07,91.833174455124
23.38,0.0226102646505535,0.0156275679298218,0.0156275679298218,5.00850205711696e-05,6.90159063088114e-05,1.38557163014879,6.65555322425615e-17,91.8425779485051,8.45423996307966e-07,91.828725143476
23.4,0.0226207916977031,0.0155947456090475,0.0155947456090475,5.0109625909366e-05,6.89789920496064e-05,1.38557166706305,3.20493781063927e-17,91.8387528945748,8.41847545157318e-07,91.824262662016
23.42,0.0226307590839295,0.0155613317776463,0.0155613317776463,5.01319912467898e-05,6.89398526343421e-05,1.38557170620247,2.50569982613688e-16,91.8349277894453,8.38215101770953e-07,91.819787230853
23.44,0.0226401662365225,0.0155273280625501,0.0155273280625501,5.01521139400247e-05,6.88985034587031e-05,1.38557174755164,1.34311368887474e-16,91.8311027441172,8.34527353714629e-07,91.8152990714301
23.46,0.02264901261686,0.0154927379665112,0.0154927379665112,5.01699916433751e-05,6.88549601506327e-05,1.38557179109495,2.67184960789251e-16,91.8272778697964,8.30785002536852e-07,91.8107984064955
23.48,0.0226572977203939,0.0154575638248716,0.0154575638248716,5.01856223056235e-05,6.88092385607852e-05,1.38557183681654,1.60246890531964e-17,91.8234532778857,8.26988759429406e-07,91.8062854600736
23.5,0.022665021076626,0.0154218084240409,0.0154218084240409,5.01990041688145e-05,6.87613547538657e-05,1.38557188470035,1.49897240416619e-16,91.8196290799756,8.23139333173253e-07,91.8017604574364
23.52,0.0226721822491026,0.0153854743444179,0.0153854743444179,5.02101357668785e-05,6.8711325002857e-05,1.3855719347301,2.6910028968576e-16,91.8158053878358,8.19237455211056e-07,91.7972236250745
23.54,0.0226787808353931,0.0153485646238505,0.0153485646238505,5.02190159204934e-05,6.86591657765856e-05,1.38557198688933,4.60274150786893e-17,91.8119823134059,8.15283858914134e-07,91.7926751906676
23.56,0.0226848164670726,0.0153110821453045,0.0153110821453045,5.02256437361957e-05,6.86048937312833e-05,1.38557204116137,2.80317572997126e-16,91.8081599687869,8.11279286814915e-07,91.7881153830559
23.58,0.0226902888097206,0.0152730295883491,0.0152730295883491,5.02300186026653e-05,6.85485257025942e-05,1.3855720975294,1.40616075760831e-16,91.804338466232,8.07224482410155e-07,91.7835444322102
23.6,0.0226951975628981,0.0152344098343653,0.0152344098343653,5.02321401870529e-05,6.84900786920295e-05,1.38557215597641,1.61046131851761e-16,91.8005179181378,8.03120210893981e-07,91.7789625692033
23.62,0.0226995424601427,0.0151952260181208,0.0151952260181208,5.02320084329798e-05,6.84295698611948e-05,1.38557221648524,2.78017964230265e-16,91.7966984370355,7.98967230710225e-07,91.7743700261799
23.64,0.0227033232689632,0.0151554813157335,0.0151554813157335,5.02296235543803e-05,6.83670165162464e-05,1.38557227903859,2.87105906626411e-16,91.7928801355817,7.94766316214124e-07,91.7697670363279
23.66,0.0227065397908282,0.0151151782230138,0.0151151782230138,5.02249860348478e-05,6.83024361036733e-05,1.385572343619,1.72591183069093e-16,91.7890631265498,7.9051824368957e-07,91.7651538338482
23.68,0.0227091918611555,0.0150743199497395,0.0150743199497395,5.02180966242958e-05,6.82358461974175e-05,1.3855724102089,2.8888919027333e-16,91.7852475228205,7.86223800992383e-07,91.7605306539255
23.7,0.0227112793493155,0.0150329099455253,0.0150329099455253,5.02089563335625e-05,6.81672644893272e-05,1.38557247879061,4.53246651836839e-17,91.7814334373734,7.81883777907039e-07,91.7558977326991
23.72,0.0227128021586221,0.0149909508346222,0.0149909508346222,5.01975664351962e-05,6.8096708784271e-05,1.38557254934632,2.61354769156666e-16,91.7776209832778,7.77498975789941e-07,91.7512553072322
23.74,0.0227137602263337,0.0149484461609174,0.0149484461609174,5.01839284573981e-05,6.80241969868156e-05,1.38557262185812,1.32142971168015e-16,91.7738102736836,7.73070191175856e-07,91.7466036154837
23.76,0.0227141535236385,0.0149053991306813,0.0149053991306813,5.01680441845276e-05,6.79497470976731e-05,1.385572696308,8.62955915345466e-17,91.7700014218125,7.68598243743408e-07,91.7419428962771
23.78,0.0227139820556756,0.014861812314631,0.014861812314631,5.01499156543197e-05,6.78733772061513e-05,1.3855727726779,1.60246890531964e-17,91.7661945409491,7.64083945938766e-07,91.7372733892717
23.8,0.0227132458615156,0.0148176900501038,0.0148176900501038,5.01295451554976e-05,6.77951054819381e-05,1.38557285094962,1.30185189290517e-16,91.7623897444316,7.59528114065404e-07,91.7325953349327
23.82,0.0227119450141761,0.0147730348667378,0.0147730348667378,5.01069352273223e-05,6.7714950171105e-05,1.38557293110493,6.40987562127855e-17,91.7585871456433,7.54931581302529e-07,91.7279089745014
23.84,0.022710079620617,0.0147278500587093,0.0147278500587093,5.00820886583958e-05,6.76329295916656e-05,1.38557301312551,1.75541673428835e-16,91.7547868580031,7.50295177454198e-07,91.7232145499651
23.86,0.0227076498217491,0.0146821394741377,0.0146821394741377,5.00550084856589e-05,6.75490621266928e-05,1.38557309699298,1.25156822484232e-16,91.750988994957,7.45619739556924e-07,91.7185123040282
23.88,0.0227046557924322,0.0146359063297224,0.0146359063297224,5.00256979956039e-05,6.74633662254287e-05,1.38557318268888,1.60246890531964e-17,91.747193669969,7.40906107540199e-07,91.7138024800816
23.9,0.0227010977414952,0.0145891537516092,0.0145891537516092,4.99941607210475e-05,6.73758603937369e-05,1.38557327019471,1.52023548612203e-16,91.7434009965118,7.36155131941119e-07,91.7090853221735
23.92,0.0226969759117233,0.0145418856522795,0.0145418856522795,4.99604004443707e-05,6.72865631961006e-05,1.38557335949191,3.58322940412438e-17,91.7396110880586,7.31367655099988e-07,91.7043610749796
23.94,0.022692290579889,0.0144941047581163,0.0144941047581163,4.99244211954911e-05,6.71954932516261e-05,1.38557345056185,3.58322940412438e-17,91.7358240580734,7.26544538643663e-07,91.699629983773
23.96,0.0226870420567486,0.0144458154419357,0.0144458154419357,4.98862272535676e-05,6.71026692313781e-05,1.38557354338587,1.7627157958516e-16,91.7320400200025,7.21686637448704e-07,91.6948922943952
23.98,0.0226812306870584,0.0143970207393374,0.0143970207393374,4.98458231463496e-05,6.70081098570474e-05,1.38557363794525,3.58322940412438e-17,91.7282590872657,7.16794812659798e-07,91.6901482532258
24,0.0226748568495811,0.0143477243594571,0.0143477243594571,4.98032136521058e-05,6.69118339007291e-05,1.3855737342212,3.58322940412438e-17,91.7244813732468,7.11869927832447e-07,91.6853981071534
24.02,0.0226679209571086,0.0142979301624593,0.0142979301624593,4.97584037987507e-05,6.68138601800372e-05,1.38557383219492,1.68068356681677e-16,91.7207069912857,7.06912853272444e-07,91.6806421035457
24.04,0.0226604234564723,0.0142476412425988,0.0142476412425988,4.97113988646606e-05,6.67142075589933e-05,1.38557393184754,1.60246890531964e-17,91.7169360546684,7.01924459767742e-07,91.6758804902198
24.06,0.0226523648285558,0.0141968617899419,0.0141968617899419,4.9662204379137e-05,6.66128949449174e-05,1.38557403316016,5.99588961666477e-17,91.7131686766191,6.96905618588455e-07,91.6711135154132
24.08,0.0226437455883158,0.0141455947666656,0.0141455947666656,4.9610826122298e-05,6.65099412870962e-05,1.38557413611381,7.16645880824876e-17,91.709404970291,6.9185720823715e-07,91.6663414277541
24.1,0.0226345662848055,0.0140938442650732,0.0140938442650732,4.95572701251158e-05,6.64053655730079e-05,1.38557424068953,3.80902510463205e-16,91.7056450487572,6.8678010818072e-07,91.6615644762319
24.12,0.0226248275011833,0.0140416144654409,0.0140416144654409,4.95015426699832e-05,6.62991868285445e-05,1.38557434686827,2.81232151521661e-16,91.7018890250024,6.81675197403887e-07,91.6567829101677
24.14,0.0226145298547446,0.0139889088574685,0.0139889088574685,4.94436502888021e-05,6.61914241122386e-05,1.38557445463099,2.72419713904338e-16,91.698137011914,6.76543355373538e-07,91.6519969791857
24.16,0.0226036739969403,0.0139357307254467,0.0139357307254467,4.93835997639244e-05,6.60820965134867e-05,1.38557456395859,1.37849587538812e-16,91.6943891222731,6.71385469753337e-07,91.6472069331832
24.18,0.0225922606133954,0.0138820840906354,0.0138820840906354,4.93213981262649e-05,6.59712231489973e-05,1.38557467483195,2.49285658510262e-16,91.6906454687461,6.66202424349636e-07,91.6424130223021
24.2,0.0225802904239433,0.013827973199661,0.013827973199661,4.92570526544207e-05,6.58588231576829e-05,1.38557478723194,3.22092263703522e-16,91.6869061638757,6.6099510634393e-07,91.6376154968993
24.22,0.0225677641826466,0.0137734015512674,0.0137734015512674,4.91905708728422e-05,6.57449156962198e-05,1.38557490113941,6.60714855840077e-17,91.6831713200727,6.55764401953381e-07,91.6328146075181
24.24,0.0225546826778293,0.0137183729454521,0.0137183729454521,4.9121960550907e-05,6.5629519935051e-05,1.38557501653517,1.33111064485123e-16,91.6794410496068,6.50511198841639e-07,91.6280106048592
24.26,0.022541046732093,0.0136628914907587,0.0136628914907587,4.90512297014692e-05,6.55126550530571e-05,1.38557513340005,5.68142463365748e-16,91.6757154645983,6.45236384672352e-07,91.6232037397517
24.28,0.022526857202368,0.0136069610494004,0.0136069610494004,4.8978386577195e-05,6.53943402317836e-05,1.38557525171487,1.25156822484232e-16,91.6719946770095,6.39940852412964e-07,91.6183942631246
24.3,0.0225121149799275,0.0135505852872955,0.0135505852872955,4.89034396690543e-05,6.52745946478905e-05,1.38557537146045,5.55111512312578e-17,91.668278798636,6.34625488280621e-07,91.6135824259782
24.32,0.0224968209904325,0.0134937686975893,0.0134937686975893,4.88263977039172e-05,6.51534374682683e-05,1.38557549261763,3.62951247684984e-16,91.6645679410983,6.29291179938958e-07,91.6087684793554
24.34,0.0224809761939591,0.0134365148292419,0.0134365148292419,4.8747269642685e-05,6.50308878455963e-05,1.38557561516726,2.50826058288707e-16,91.6608622158335,6.23938818426752e-07,91.6039526743132
24.36,0.0224645815850427,0.013378827602999,0.013378827602999,4.86660646761274e-05,6.49069649072409e-05,1.38557573909019,2.87105906626411e-16,91.6571617340863,6.18569289478974e-07,91.5991352618947
24.38,0.0224476381927033,0.0133207115669091,0.0133207115669091,4.85827922230801e-05,6.47816877528129e-05,1.38557586436735,3.0782422462154e-16,91.6534666069011,6.13183487509539e-07,91.5943164931006
24.4,0.0224301470805017,0.013262169932774,0.013262169932774,4.84974619279622e-05,6.46550754459518e-05,1.38557599097966,1.7034478123921e-16,91.6497769451132,6.07782288610134e-07,91.5894966188614
24.42,0.0224121093465613,0.0132032075842496,0.0132032075842496,4.84100836568857e-05,6.45271470065545e-05,1.3855761189081,1.1331166295921e-16,91.646092859341,6.02366581890863e-07,91.5846758900089
24.44,0.0223935261236283,0.0131438279822738,0.0131438279822738,4.83206674958972e-05,6.43979214063339e-05,1.3855762481337,1.79876688499943e-16,91.6424144599769,5.969372554975e-07,91.579854557249
24.46,0.0223743985791071,0.0130840356411319,0.0130840356411319,4.82292237477834e-05,6.4267417561048e-05,1.38557637863754,2.59382252137511e-16,91.6387418571799,5.91495187450373e-07,91.5750328711334
24.48,0.0223547279151074,0.0130238341949945,0.0130238341949945,4.81357629303767e-05,6.41356543258365e-05,1.38557651040078,1.36915003288059e-16,91.6350751608665,5.86041262037937e-07,91.5702110820324
24.5,0.0223345153684875,0.012963228346843,0.012963228346843,4.80402957716422e-05,6.40026504858948e-05,1.38557664340462,2.61354769156666e-16,91.6314144807032,5.80576356316184e-07,91.5653894401071
24.52,0.0223137622109121,0.0129022214937875,0.0129022214937875,4.79428332110711e-05,6.38684247553645e-05,1.38557677763035,4.80740671595891e-17,91.6277599260979,5.75101347823266e-07,91.5605681952823
24.54,0.0222924697488979,0.0128408186491793,0.0128408186491793,4.78433863943648e-05,6.37329957684507e-05,1.38557691305933,3.76494945393561e-16,91.624111606192,5.69617112650841e-07,91.5557475972192
24.56,0.0222706393238644,0.0127790232599297,0.0127790232599297,4.77419666736811e-05,6.35963820774244e-05,1.38557704967302,4.80740671595891e-17,91.6204696298522,5.64124515318628e-07,91.5509278952882
24.58,0.0222482723121903,0.0127168394912239,0.0127168394912239,4.76385856045043e-05,6.34586021459604e-05,1.38557718745296,1.64204199767915e-16,91.6168341056627,5.58624437222079e-07,91.5461093385424
24.6,0.0222253701252748,0.0126542719861275,0.0126542719861275,4.7533254943502e-05,6.33196743440312e-05,1.38557732638076,8.01234452659818e-17,91.6132051419167,5.53117736612774e-07,91.5412921756902
24.62,0.0222019342095853,0.0125913248657104,0.0125913248657104,4.74259866491443e-05,6.31796169463517e-05,1.38557746643816,1.26178527783459e-16,91.609582846609,5.47605283314225e-07,91.5364766550693
24.64,0.0221779660467272,0.0125280020081882,0.0125280020081882,4.73167928788189e-05,6.3038448128605e-05,1.38557760760697,1.44222201478767e-16,91.6059673274279,5.4208793364935e-07,91.5316630246197
24.66,0.0221534671535022,0.0124643082428328,0.0124643082428328,4.72056859896249e-05,6.28961859632238e-05,1.38557774986914,1.7627157958516e-16,91.6023586917474,5.36566543941064e-07,91.5268515318577
24.68,0.0221284390819669,0.0124002469068028,0.0124002469068028,4.70926785352362e-05,6.27528484173911e-05,1.38557789320668,4.53246651836839e-17,91.5987570466191,5.31041973887425e-07,91.5220424238498
24.7,0.0221028834195088,0.012335823205325,0.012335823205325,4.69777832667936e-05,6.26084533492666e-05,1.38557803760175,3.9055556787155e-16,91.5951624987647,5.25515070168061e-07,91.5172359471864
24.72,0.0220768017889073,0.012271040519648,0.012271040519648,4.68610131325902e-05,6.24630185084296e-05,1.38557818303659,1.12172823372375e-16,91.5915751545685,5.19986674640962e-07,91.5124323479561
24.74,0.0220501958484078,0.012205903972934,0.012205903972934,4.67423812763567e-05,6.23165615303289e-05,1.38557832949357,3.58322940412438e-17,91.5879951200692,5.14457633021421e-07,91.5076318717202
24.76,0.0220230672917845,0.0121404169057627,0.0121404169057627,4.66219010377164e-05,6.21690999360602e-05,1.38557847695517,2.60370378581033e-16,91.5844225009528,5.08928790060401e-07,91.5028347634869
24.78,0.0219954178484309,0.0120745845115308,0.0120745845115308,4.64995859529499e-05,6.20206511328103e-05,1.38557862540397,1.61841426228473e-16,91.5808574025447,5.03400970740143e-07,91.4980412676863
24.8,0.0219672492834206,0.0120084105195369,0.0120084105195369,4.63754497533353e-05,6.18712324083059e-05,1.38557877482269,2.81232151521661e-16,91.5772999298024,4.97875002453706e-07,91.4932516281449
24.82,0.0219385633975983,0.0119418993531286,0.0119418993531286,4.6249506366236e-05,6.17208609334785e-05,1.38557892519417,9.34391909990421e-17,91.5737501873079,4.92351717897943e-07,91.4884660880608
24.84,0.0219093620276536,0.0118750556285453,0.0118750556285453,4.61217699149169e-05,6.15695537586891e-05,1.38557907650134,7.16645880824876e-17,91.5702082792603,4.86831930965319e-07,91.4836848899792
24.86,0.0218796470462081,0.0118078829270114,0.0118078829270114,4.59922547173578e-05,6.141732781062e-05,1.38557922872729,3.20894148216985e-16,91.5666743094686,4.81316459405601e-07,91.478908275767
24.88,0.0218494203618971,0.0117403866223004,0.0117403866223004,4.58609752881402e-05,6.12641998951613e-05,1.38557938185521,8.62955915345466e-17,91.5631483813443,4.75806106985804e-07,91.4741364865893
24.9,0.021818683919467,0.0116725700620319,0.0116725700620319,4.57279463369501e-05,6.11101866920816e-05,1.38557953586841,1.41526221675092e-16,91.5596305978942,4.70301685669724e-07,91.4693697628843
24.92,0.0217874396998507,0.0116044379644883,0.0116044379644883,4.55931827687418e-05,6.09553047550282e-05,1.38557969075035,3.99333193455369e-16,91.5561210617129,4.64803987170274e-07,91.4646083443399
24.94,0.0217556897202804,0.0115359949437028,0.0115359949437028,4.54566996849341e-05,6.07995705097508e-05,1.38557984648459,9.20548301573787e-17,91.5526198749763,4.59313803682525e-07,91.4598524698695
24.96,0.0217234360343698,0.0114672450626603,0.0114672450626603,4.53185123818446e-05,6.06430002523251e-05,1.38558000305485,7.34343505744026e-17,91.549127139434,4.53831926919381e-07,91.4551023775883
24.98,0.0216906807322201,0.0113981928410752,0.0113981928410752,4.51786363503694e-05,6.04856101455997e-05,1.38558016044496,2.78017964230265e-16,91.5456429564024,4.48359136539648e-07,91.45035830479
25,0.0216574259405141,0.0113288421766375,0.0113288421766375,4.50370872765041e-05,6.03274162189749e-05,1.38558031863888,2.42497548376522e-16,91.5421674267579,4.42896208826981e-07,91.4456204879234
25.02,0.0216236738226298,0.0112591981397211,0.0112591981397211,4.48938810394958e-05,6.01684343628506e-05,1.38558047762074,3.20493781063927e-17,91.5387006509298,4.37443908493102e-07,91.4408891625692
25.04,0.0215894265787427,0.0111892645355379,0.0111892645355379,4.47490337154365e-05,6.00086803317357e-05,1.38558063737477,1.02608074873846e-16,91.5352427288935,4.32003001696219e-07,91.4361645634174
25.06,0.0215546864459347,0.0111190458977774,0.0111190458977774,4.46025615715897e-05,5.98481697355879e-05,1.38558079788537,1.67302665425354e-16,91.5317937601639,4.26574242058278e-07,91.4314469242443
25.08,0.0215194556983072,0.0110485469850383,0.0110485469850383,4.44544810687205e-05,5.96869180398141e-05,1.38558095913706,1.40616075760831e-16,91.5283538437883,4.21158380308238e-07,91.4267364778902
25.1,0.0214837366471051,0.0109777714280363,0.0109777714280363,4.43048088614239e-05,5.95249405630494e-05,1.38558112111454,1.17756934401283e-16,91.5249230783402,4.15756160424764e-07,91.4220334562371
25.12,0.021447531640823,0.0109067239998206,0.0109067239998206,4.41535617954663e-05,5.93622524722726e-05,1.38558128380263,9.34391909990421e-17,91.5215015619122,4.10368316261076e-07,91.4173380901865
25.14,0.0214108430653384,0.0108354091070109,0.0108354091070109,4.40007569092537e-05,5.91988687810296e-05,1.38558144718632,8.77708367144175e-17,91.5180893921099,4.04995576848753e-07,91.4126506096378
25.16,0.0213736733440343,0.0107638311174102,0.0107638311174102,4.38464114322346e-05,5.90348043465472e-05,1.38558161125076,1.07496882123731e-16,91.5146866660452,3.99638664951242e-07,91.4079712434663
25.18,0.0213360249379226,0.0106919943597937,0.0106919943597937,4.36905427848758e-05,5.88700738655135e-05,1.38558177598124,1.02608074873846e-16,91.5112934803297,3.94298294170874e-07,91.4033002195019
25.2,0.0212979003457842,0.0106199030550199,0.0106199030550199,4.35331685784904e-05,5.87046918718581e-05,1.38558194136323,1.51176614174929e-16,91.5079099310686,3.88975173770503e-07,91.3986377645081
25.22,0.0212593021043005,0.0105475620044703,0.0105475620044703,4.33743066145308e-05,5.85386727325332e-05,1.38558210738237,1.73333514163998e-16,91.5045361138546,3.83670003851868e-07,91.3939841041606
25.24,0.0212202327881967,0.0104749750802514,0.0104749750802514,4.32139748858818e-05,5.83720306477353e-05,1.38558227402445,2.52865328097104e-16,91.5011721237611,3.78383471498284e-07,91.3893394630267
25.26,0.0211806950103712,0.0104021466653791,0.0104021466653791,4.30521915751529e-05,5.82047796444662e-05,1.38558244127546,4.81807799815938e-16,91.4978180553363,3.73116272472009e-07,91.3847040645447
25.28,0.0211406914220632,0.0103290815669072,0.0103290815669072,4.28889750552525e-05,5.80369335754227e-05,1.38558260912153,3.89238344666173e-16,91.4944740025973,3.6786907071249e-07,91.3800781310036
25.3,0.0211002247129833,0.010255783646142,0.010255783646142,4.27243438907768e-05,5.7868506116554e-05,1.38558277754899,1.52023548612203e-16,91.4911400590237,3.62642547517067e-07,91.3754618835228
25.32,0.0210592976114792,0.0101822577184831,0.0101822577184831,4.25583168379628e-05,5.76995107655076e-05,1.38558294654434,3.58322940412438e-17,91.487816317552,3.57437355253249e-07,91.3708555420321
25.34,0.0210179128846889,0.0101085080026793,0.0101085080026793,4.23909128438185e-05,5.75299608369662e-05,1.38558311609427,1.32142971168015e-16,91.4845028705693,3.52254150628018e-07,91.3662593252524
25.36,0.0209760733387045,0.0100345388989832,0.0100345388989832,4.22221510495992e-05,5.73598694630917e-05,1.38558328618564,1.17756934401283e-16,91.4811998099077,3.47093581669404e-07,91.3616734506757
25.38,0.020933781818731,0.00996035433820155,0.00996035433820155,4.20520507898641e-05,5.71892495913051e-05,1.38558345680551,1.07496882123731e-16,91.4779072268382,3.41956282422687e-07,91.3570981345463
25.4,0.0208910412092684,0.0098859587972715,0.0098859587972715,4.18806315944844e-05,5.70181139809556e-05,1.38558362794112,6.40987562127855e-17,91.4746252120656,3.36842885004486e-07,91.3525335918415
25.42,0.0208478544342693,0.00981135691225946,0.00981135691225946,4.17079131904896e-05,5.68464752050968e-05,1.3855837995799,9.20548301573787e-17,91.4713538557222,3.31754005620015e-07,91.3479800362527
25.44,0.0208042244573328,0.00973655318597276,0.00973655318597276,4.15339155023497e-05,5.66743456460461e-05,1.38558397170946,4.80740671595891e-17,91.4680932473625,3.2669026095665e-07,91.3434376801671
25.46,0.0207601542818783,0.00966155119157894,0.00966155119157894,4.13586586557625e-05,5.65017374976051e-05,1.3855841443176,8.62955915345466e-17,91.4648434759577,3.21652250826031e-07,91.3389067346493
25.48,0.0207156469513355,0.00958635597030592,0.00958635597030592,4.11821629772408e-05,5.63286627603965e-05,1.38558431739234,2.03330509613075e-16,91.4616046298902,3.16640574557634e-07,91.3343874094228
25.5,0.0206707055493287,0.00951097144624931,0.00951097144624931,4.10044489992742e-05,5.61551332463051e-05,1.38558449092186,3.11143180124304e-16,91.4583767969482,3.11655816533852e-07,91.3298799128528
25.52,0.0206253331998833,0.00943540235265111,0.00943540235265111,4.08255374607506e-05,5.59811605735927e-05,1.38558466489453,3.62951247684984e-16,91.4551600643203,3.06698556797607e-07,91.3253844519276
25.54,0.0205795330676201,0.00935965247418904,0.00935965247418904,4.06454493102377e-05,5.5806756169785e-05,1.38558483929893,2.61354769156666e-16,91.4519545185904,3.01769359962573e-07,91.3209012322422
25.56,0.0205333083579604,0.0092837264935227,0.0092837264935227,4.04642057081503e-05,5.56319312681186e-05,1.38558501412383,1.64984271616033e-16,91.4487602457325,2.96868792088919e-07,91.3164304579803
25.58,0.0204866623173351,0.00920762816874004,0.00920762816874004,4.02818280309025e-05,5.54566969113157e-05,1.38558518935819,4.37388890053766e-16,91.4455773311053,2.91997401878911e-07,91.3119723318976
25.6,0.020439598233407,0.00913136233122706,0.00913136233122706,4.00983378739805e-05,5.52810639493639e-05,1.38558536499115,2.48770072315066e-16,91.4424058594477,2.87155733213179e-07,91.3075270553051
25.62,0.0203921194352797,0.00905493332165605,0.00905493332165605,3.99137570529233e-05,5.51050430384059e-05,1.38558554101206,1.35973995551052e-16,91.4392459148732,2.82344316471765e-07,91.3030948280527
25.64,0.0203442292937311,0.00897834468578819,0.00897834468578819,3.97281076109956e-05,5.49286446447361e-05,1.38558571741046,7.34343505744026e-17,91.4360975808654,2.77563682516872e-07,91.2986758485127
25.66,0.0202959312214424,0.00890160159761633,0.00890160159761633,3.95414118175479e-05,5.47518790396939e-05,1.38558589417606,4.53246651836839e-17,91.4329609402731,2.72814340995496e-07,91.2942703135636
25.68,0.0202472286732267,0.00882470758559835,0.00882470758559835,3.93536921779148e-05,5.45747563061028e-05,1.3855860712988,1.39700000369091e-16,91.4298360753054,2.68096807340599e-07,91.289878418575
25.7,0.0201981251462794,0.00874766679429175,0.00874766679429175,3.91649714319483e-05,5.43972863327191e-05,1.38558624876877,2.70527887447329e-16,91.4267230675269,2.63411568055311e-07,91.2855003573911
25.72,0.0201486241804175,0.00867048430662881,0.00867048430662881,3.89752725604468e-05,5.42194788171191e-05,1.38558642657628,4.12927351652907e-16,91.4236219978535,2.58759120250369e-07,91.2811363223163
25.74,0.0200987293583369,0.00859316355720499,0.00859316355720499,3.87846187896512e-05,5.40413432654763e-05,1.38558660471184,1.54536504782533e-16,91.4205329465472,2.54139935963988e-07,91.2767865040994
25.76,0.0200484443058582,0.00851570929688475,0.00851570929688475,3.85930335931922e-05,5.38628889901194e-05,1.38558678316611,1.25156822484232e-16,91.4174559932123,2.49554492056022e-07,91.2724510919189
25.78,0.0199977726922077,0.00843812514869807,0.00843812514869807,3.84005407002923e-05,5.36841251155273e-05,1.38558696192999,1.06295761943136e-16,91.4143912167902,2.45003243688954e-07,91.2681302733686
25.8,0.0199467182302685,0.00836041560509252,0.00836041560509252,3.82071640977919e-05,5.35050605727783e-05,1.38558714099453,5.99588961666477e-17,91.4113386955559,2.40486646507431e-07,91.263824234443
25.82,0.0198952846768674,0.0082825850132533,0.0082825850132533,3.80129280346303e-05,5.33257040999935e-05,1.385587320351,7.16645880824876e-17,91.4082985071128,2.36005139280364e-07,91.2595331595233
25.84,0.0198434758330494,0.00820463761329917,0.00820463761329917,3.78178570273375e-05,5.31460642436699e-05,1.38558749999086,1.50324908162764e-16,91.4052707283893,2.31559154026373e-07,91.2552572313633
25.86,0.0197912955443672,0.00812657650226084,0.00812657650226084,3.76219758655971e-05,5.29661493580136e-05,1.38558767990574,1.15555676109332e-16,91.4022554356339,2.27149119388931e-07,91.2509966310758
25.88,0.0197387477011675,0.0080484070207646,0.0080484070207646,3.74253096164031e-05,5.27859676044962e-05,1.3855878600875,1.88247472696781e-16,91.399252704412,2.22775444242795e-07,91.2467515381194
25.9,0.0196858362389017,0.00797013265659014,0.00797013265659014,3.7227883630465e-05,5.26055269522985e-05,1.38558804052815,2.2662332591842e-16,91.3962626096008,2.1843853746272e-07,91.2425221302848
25.92,0.0196325651384161,0.00789175800145746,0.00789175800145746,3.70297235459894e-05,5.2424835174758e-05,1.38558822121993,4.07921986653156e-16,91.3932852253863,2.14138792494224e-07,91.2383085836824
25.94,0.0195789384262767,0.00781328647458441,0.00781328647458441,3.68308552965188e-05,5.2243899854032e-05,1.38558840215525,5.7777838054666e-17,91.390320625259,2.09876592175218e-07,91.2341110727289
25.96,0.0195249601750812,0.00773472299671595,0.00773472299671595,3.66313051159962e-05,5.20627283777664e-05,1.38558858332672,6.60714855840077e-17,91.38736888201,2.05652317414959e-07,91.2299297701356
25.98,0.0194706345037834,0.00765607092576877,0.00765607092576877,3.64310995438978e-05,5.1881327938208e-05,1.38558876472716,5.48830978810566e-16,91.3844300677277,2.01466331764808e-07,91.2257648468955
26,0.0194159655780229,0.00757733457358031,0.00757733457358031,3.62302654328361e-05,5.16997055324264e-05,1.38558894634957,7.51624540813822e-17,91.3815042537937,1.97318994918816e-07,91.2216164722717
26.02,0.0193609576104666,0.00749851823572867,0.00749851823572867,3.60288299540934e-05,5.15178679627581e-05,1.38558912818714,2.75699175077625e-16,91.3785915108791,1.93210657892086e-07,91.2174848137852
26.04,0.0193056148611519,0.00741962560168494,0.00741962560168494,3.58268206060071e-05,5.13358218368065e-05,1.38558931023327,2.80317572997126e-16,91.3756919089417,1.8914165385966e-07,91.213370037204
26.06,0.0192499416378344,0.00734066076532143,0.00734066076532143,3.56242652192313e-05,5.11535735656654e-05,1.38558949248154,8.01234452659818e-17,91.3728055172219,1.85112315514419e-07,91.209272306531
26.08,0.0191939422963487,0.00726162739405834,0.00726162739405834,3.54211919665028e-05,5.09711293663617e-05,1.38558967492574,1.1666149724882e-16,91.3699324042393,1.81122961566494e-07,91.2051917839936
26.1,0.0191376212409761,0.00718253073551107,0.00718253073551107,3.52176293660008e-05,5.07884952567483e-05,1.38558985755985,6.79869977755259e-17,91.3670726377898,1.77173905904376e-07,91.2011286300327
26.12,0.0190809829248108,0.00710337319071626,0.00710337319071626,3.50136062948986e-05,5.06056770630536e-05,1.38559004037804,2.05840857889096e-16,91.3642262849422,1.73265447469483e-07,91.1970830032917
26.14,0.0190240318501423,0.00702415980979544,0.00702415980979544,3.48091519931172e-05,5.04226804136643e-05,1.38559022337469,4.80740671595891e-17,91.3613934120348,1.69397877488612e-07,91.1930550606068
26.16,0.0189667725688431,0.0069448936677053,0.0069448936677053,3.46042960731429e-05,5.02395107415676e-05,1.38559040654436,1.12172823372375e-16,91.3585740846724,1.65571481402594e-07,91.1890449569963
26.18,0.0189092096827553,0.00686557978506152,0.00686557978506152,3.43990685305003e-05,5.00561732863503e-05,1.38559058988182,1.79161470206219e-16,91.3557683677235,1.6178652922302e-07,91.1850528456513
26.2,0.0188513478440978,0.00678622105302227,0.00678622105302227,3.41934997493493e-05,4.98726730915333e-05,1.38559077338201,1.60246890531964e-17,91.3529763253172,1.58043289514993e-07,91.1810788779254
26.22,0.018793191755871,0.00670682136812339,0.00670682136812339,3.3987620516445e-05,4.96890150085694e-05,1.38559095704009,7.51624540813822e-17,91.3501980208401,1.54342013485718e-07,91.1771232033258
26.24,0.0187347461722729,0.00662738618766512,0.00662738618766512,3.37814620266985e-05,4.95052036943999e-05,1.38559114085141,4.80740671595891e-17,91.3474335169336,1.50682950413746e-07,91.173185969504
26.26,0.0186760158991124,0.00654791789345573,0.00654791789345573,3.35750558956291e-05,4.93212436152302e-05,1.38559132481149,2.50826058288707e-16,91.3446828754915,1.4706633414839e-07,91.1692673222465
26.28,0.0186170057942543,0.00646842039244848,0.00646842039244848,3.33684341671029e-05,4.91371390420881e-05,1.38559150891606,1.33111064485123e-16,91.3419461576567,1.43492395645978e-07,91.1653674054668
26.3,0.0185577207680409,0.00638889847017479,0.00638889847017479,3.31616293289495e-05,4.89528940612605e-05,1.38559169316104,4.80740671595891e-17,91.3392234238189,1.39961349951439e-07,91.1614863611963
26.32,0.0184981657837449,0.00630935455364641,0.00630935455364641,3.29546743184604e-05,4.87685125660775e-05,1.38559187754254,5.7777838054666e-17,91.3365147336122,1.36473406323733e-07,91.1576243295764
26.34,0.0184383458580146,0.00622979388474081,0.00622979388474081,3.274760253523e-05,4.85839982606873e-05,1.38559206205684,3.79551788087166e-16,91.3338201459123,1.33028765342877e-07,91.1537814488501
26.36,0.0183782660613375,0.00615021960598888,0.00615021960598888,3.25404478543631e-05,4.83993546647188e-05,1.38559224670044,1.02608074873846e-16,91.3311397188345,1.2962762035643e-07,91.1499578553551
26.38,0.0183179315184967,0.00607063562495752,0.00607063562495752,3.23332446359565e-05,4.82145851106175e-05,1.38559243146999,2.60370378581033e-16,91.3284735097308,1.26270153622186e-07,91.146153683515
26.4,0.0182573474090548,0.00599104557010171,0.00599104557010171,3.21260277382653e-05,4.80296927463097e-05,1.38559261636236,1.40616075760831e-16,91.3258215751882,1.22956537272502e-07,91.1423690658332
26.42,0.0181965189678198,0.00591145345021979,0.00591145345021979,3.19188325296742e-05,4.78446805383115e-05,1.38559280137456,1.64984271616033e-16,91.323183971026,1.19686937171606e-07,91.1386041328851
26.44,0.0181354514853443,0.00583186324296579,0.00583186324296579,3.17116948994003e-05,4.76595512683975e-05,1.38559298650383,9.20548301573787e-17,91.3205607522942,1.1646150664747e-07,91.1348590133113
26.46,0.0180741503084118,0.00575227844917502,0.00575227844917502,3.15046512730977e-05,4.74743075402628e-05,1.38559317174756,2.2662332591842e-16,91.3179519732709,1.1328039565292e-07,91.1311338338116
26.48,0.0180126208405387,0.00567270276613073,0.00567270276613073,3.12977386224369e-05,4.72889517766362e-05,1.38559335710333,8.1710202181505e-17,91.3153576874607,1.101437406402e-07,91.1274287191377
26.5,0.0179508685424784,0.00559313964535205,0.00559313964535205,3.10909944807417e-05,4.7103486224831e-05,1.38559354256888,2.35513868802566e-16,91.3127779475926,1.0705167131126e-07,91.1237437920876
26.52,0.0178888989327394,0.00551359313413013,0.00551359313413013,3.08844569535648e-05,4.69179129538588e-05,1.38559372814215,8.01234452659818e-17,91.3102128056182,1.04004310135597e-07,91.1200791734999
26.54,0.0178267175881017,0.00543406758368069,0.00543406758368069,3.06781647341027e-05,4.67322338595366e-05,1.38559391382124,1.32142971168015e-16,91.3076623127098,1.0100176849294e-07,91.1164349822475
26.56,0.017764330144144,0.0053545658337795,0.0053545658337795,3.04721571131631e-05,4.65464506611557e-05,1.38559409960444,2.72890621280712e-16,91.3051265192589,9.80441539057129e-08,91.1128113352325
26.58,0.017701742295774,0.00527509124055737,0.00527509124055737,3.02664739969756e-05,4.63605649094756e-05,1.38559428549019,2.05216149747693e-16,91.3026054748743,9.51315536454605e-08,91.1092083473808
26.6,0.0176389597977739,0.00519564876806034,0.00519564876806034,3.00611559163488e-05,4.61745779811729e-05,1.38559447147712,2.78479405152325e-16,91.3000992283806,9.22640646270049e-08,91.1056261316374
26.62,0.0175759884653326,0.00511624183594732,0.00511624183594732,2.98562440425865e-05,4.59884910850583e-05,1.38559465756402,2.36601698465703e-16,91.297607827817,8.9441761585637e-08,91.1020647989612
26.64,0.0175128341746059,0.00503687292106712,0.00503687292106712,2.96517801994845e-05,4.58023052605228e-05,1.38559484374984,8.62955915345466e-17,91.2951313204352,8.66647149171751e-08,91.0985244583207
26.66,0.0174495028632672,0.00495754708411182,0.00495754708411182,2.94478068768067e-05,4.56160213793133e-05,1.38559503003372,1.64204199767915e-16,91.2926697526987,8.39329863384915e-08,91.0950052166895
26.68,0.0173860005310623,0.00487826821964739,0.00487826821964739,2.9244367244817e-05,4.54296401490861e-05,1.38559521641495,2.05840857889096e-16,91.2902231702809,8.12466332269861e-08,91.0915071790426
26.7,0.0173223332403825,0.0047990381239765,0.0047990381239765,2.90415051647564e-05,4.52431621109639e-05,1.38559540289299,8.62955915345466e-17,91.2877916180643,7.86057009059662e-08,91.0880304483517
26.72,0.0172585071168258,0.00471986249629109,0.00471986249629109,2.88392652043971e-05,4.50565876435327e-05,1.38559558946746,3.47037201448224e-16,91.2853751401391,7.6010226984121e-08,91.0845751255824
26.74,0.0171945283497744,0.00464074412442294,0.00464074412442294,2.86376926469981e-05,4.48699169608435e-05,1.38559577613814,2.88444402957535e-16,91.2829737798022,7.34602442485034e-08,91.0811413096903
26.76,0.0171304031929638,0.00456168758546437,0.00456168758546437,2.84368335084779e-05,4.46831501181855e-05,1.38559596290498,1.19917792333295e-16,91.2805875795561,7.09557724677465e-08,91.0777290976178
26.78,0.0170661379650694,0.00448269550042152,0.00448269550042152,2.82367345446462e-05,4.44962870089771e-05,1.38559614976809,4.50974724488293e-16,91.2782165811077,6.84968299639939e-08,91.0743385842912
26.8,0.0170017390502833,0.00440377208255473,0.00440377208255473,2.8037443266538e-05,4.43093273689854e-05,1.38559633672773,1.67302665425354e-16,91.2758608253679,6.60834205944782e-08,91.0709698626179
26.82,0.0169372128988997,0.0043249213439014,0.0043249213439014,2.78390079490689e-05,4.41222707763256e-05,1.38559652378433,1.71096858985447e-16,91.2735203524503,6.3715548698597e-08,91.0676230234838
26.84,0.0168725660278997,0.00424614699007424,0.00424614699007424,2.76414776424817e-05,4.39351166521273e-05,1.38559671093845,3.83589686711185e-16,91.2711952016707,6.13932012578549e-08,91.0642981557511
26.86,0.016807805021538,0.00416745265297635,0.00416745265297635,2.7444902181584e-05,4.37478642625333e-05,1.38559689819084,1.1666149724882e-16,91.268885411546,5.91163667002491e-08,91.0609953462559
26.88,0.0167429365319278,0.00408884188300654,0.00408884188300654,2.72493321948547e-05,4.35605127186989e-05,1.38559708554238,2.5888677460364e-16,91.2665910197941,5.6885022846176e-08,91.0577146798065
26.9,0.0166779672796321,0.00401031995797337,0.00401031995797337,2.70548191155779e-05,4.33730609830096e-05,1.38559727299412,2.05216149747693e-16,91.264312063333,5.46991402835775e-08,91.0544562391817
26.92,0.0166129040542402,0.00393188923449396,0.00393188923449396,2.6861415184197e-05,4.3185507862642e-05,1.38559746054724,2.40903899907969e-16,91.2620485782801,5.25586794749582e-08,91.0512201051293
26.94,0.0165477537149619,0.00385355414625303,0.00385355414625303,2.66691734590311e-05,4.29978520175567e-05,1.38559764820308,1.03851854526381e-16,91.2598005999523,5.04635989541694e-08,91.0480063563648
26.96,0.0164825231912028,0.00377531968094718,0.00377531968094718,2.64781478203666e-05,4.2810091960277e-05,1.38559783596314,7.16645880824876e-17,91.257568162865,4.84138466474617e-08,91.0448150695704
26.98,0.0164172194831442,0.00369718887459878,0.00369718887459878,2.62883929723718e-05,4.2622226054112e-05,1.38559802382905,1.20983749228328e-16,91.2553513007323,4.64093608378124e-08,91.0416463193943
27,0.016351849662314,0.00361916592299888,0.00361916592299888,2.60999644483823e-05,4.24342525198185e-05,1.38559821180258,6.60714855840077e-17,91.2531500464662,4.44500851120015e-08,91.0385001784497
27.02,0.0162864208721607,0.00354125579378924,0.00354125579378924,2.59129186104757e-05,4.22461694333798e-05,1.38559839988567,1.40616075760831e-16,91.2509644321771,4.25359408772784e-08,91.0353767173148
27.04,0.0162209403286126,0.00346346294380658,0.00346346294380658,2.57273126495909e-05,4.20579747300032e-05,1.38559858808037,1.52023548612203e-16,91.2487944891729,4.06668538803679e-08,91.0322760045324
27.06,0.0161554153206313,0.00338579115115566,0.00338579115115566,2.55432045830484e-05,4.18696662054518e-05,1.3855987763889,5.01652116577413e-16,91.2466402479596,3.88427363674116e-08,91.02919810661
27.08,0.016089853210762,0.00330824519674885,0.00330824519674885,2.53606532492267e-05,4.16812415171552e-05,1.38559896481358,4.72388698943643e-16,91.2445017382409,3.70635001023888e-08,91.02614308802
27.1,0.0160242614356702,0.00323083064458837,0.00323083064458837,2.51797183006204e-05,4.1492698184209e-05,1.38559915335692,1.7627157958516e-16,91.2423789889185,3.53290428665321e-08,91.0231110112
27.12,0.0159586475066657,0.0031535509308796,0.0031535509308796,2.50004601982444e-05,4.13040335960346e-05,1.38559934202151,8.1710202181505e-17,91.240272028092,3.3639265334058e-08,91.0201019365537
27.14,0.0158930190102205,0.00307641266296456,0.00307641266296456,2.4822940194603e-05,4.11152450046082e-05,1.3855995308101,3.92523114670944e-17,91.2381808830593,3.19940541964362e-08,91.0171159224517
27.16,0.015827383608469,0.00299942104278774,0.00299942104278774,2.46472203243309e-05,4.09263295337858e-05,1.38559971972557,1.92296268638356e-16,91.2361055803165,3.03932927699919e-08,91.0141530252322
27.18,0.0157617490396894,0.00292257967887519,0.00292257967887519,2.44733633858577e-05,4.07372841813025e-05,1.38559990877092,8.1710202181505e-17,91.2340461455589,2.88368609959053e-08,91.0112132992028
27.2,0.0156961231187794,0.00284589715646796,0.00284589715646796,2.43014329180751e-05,4.05481058132207e-05,1.38560009794929,3.87916648677852e-16,91.2320026036807,2.73246349580488e-08,91.0082967966417
27.22,0.0156305137377032,0.00276937772110809,0.00276937772110809,2.413149318161e-05,4.03587911754766e-05,1.38560028726393,1.72591183069093e-16,91.2299749787756,2.58564666321091e-08,91.0054035677992
27.24,0.0155649288659254,0.00269302837246551,0.00269302837246551,2.39636091288565e-05,4.01693368896616e-05,1.38560047671821,3.88578058618805e-16,91.2279632941377,2.44322296911426e-08,91.0025336608999
27.26,0.015499376550813,0.00261685731265227,0.00261685731265227,2.37978463735232e-05,3.99797394563528e-05,1.38560066631565,3.19691542556492e-16,91.2259675722615,2.3051769360547e-08,90.9996871221446
27.28,0.0154338649180346,0.00254087082210008,0.00254087082210008,2.36342711576686e-05,3.97899952599978e-05,1.38560085605984,2.2662332591842e-17,91.223987834843,2.17149390625049e-08,90.9968639957128
27.3,0.0153684021719064,0.00246507665434616,0.00246507665434616,2.34729503103633e-05,3.96001005658064e-05,1.38560104595454,1.71096858985447e-16,91.2220241027801,2.04215796829432e-08,90.9940643237646
27.32,0.0153029965957348,0.00238948395906381,0.00238948395906381,2.33139512072899e-05,3.94100515266338e-05,1.38560123600358,2.52357055566918e-16,91.2200763961733,1.91715321077905e-08,90.9912881464442
27.34,0.0152376565521158,0.00231410177041967,0.00231410177041967,2.31573417228804e-05,3.92198441836467e-05,1.38560142621092,3.22092263703522e-16,91.2181447343268,1.79646242045558e-08,90.988535501882
27.36,0.0151723904832043,0.00223894093267915,0.00223894093267915,2.30031901763958e-05,3.90294744661013e-05,1.38560161658064,3.35371896187225e-16,91.2162291357494,1.68006876980596e-08,90.9858064261984
27.38,0.01510720691095,0.0021640122151397,0.0021640122151397,2.2851565276393e-05,3.88389381946741e-05,1.38560180711691,8.1710202181505e-17,91.2143296181549,1.56795417768667e-08,90.9831009535065
27.4,0.015042114437303,0.00208932838025548,0.00208932838025548,2.27025360596624e-05,3.86482310859027e-05,1.38560199782402,3.24079279858983e-16,91.2124461984637,1.46010056295434e-08,90.9804191159157
27.42,0.0149771217443618,0.00201490236845396,0.00201490236845396,2.25561718231426e-05,3.84573487508533e-05,1.38560218870635,5.10028369624576e-16,91.2105788928035,1.35648897657102e-08,90.9777609435357
27.44,0.0149122375945037,0.0019407521983059,0.0019407521983059,2.24125420520607e-05,3.82662866984518e-05,1.3856023797684,5.06745162040676e-17,91.2087277165105,1.25710008376791e-08,90.97512646448
27.46,0.0148474708304501,0.00186689238673702,0.00186689238673702,2.22717163424781e-05,3.80750403374819e-05,1.38560257101476,1.40616075760831e-16,91.2068926841308,1.16191426047811e-08,90.97251570487
27.48,0.0147828303752925,0.00179334681889651,0.00179334681889651,2.21337643178825e-05,3.78836049770293e-05,1.38560276245013,5.99588961666477e-17,91.2050738094211,1.07091159333664e-08,90.9699286888394
27.5,0.0147183252324662,0.00172013546140162,0.00172013546140162,2.19987555436077e-05,3.76919758331429e-05,1.38560295407927,3.31908410286558e-16,91.2032711053507,9.84070963569286e-09,90.9673654385387
27.52,0.0146539644856738,0.00164728451115407,0.00164728451115407,2.18667594297362e-05,3.75001480243942e-05,1.38560314590708,1.61046131851761e-16,91.2014845841021,9.01371348834747e-09,90.9648259741395
27.54,0.0145897572987435,0.00157482500805074,0.00157482500805074,2.17378451349785e-05,3.73081165789824e-05,1.38560333793852,3.11143180124304e-16,91.1997142570731,8.22791196411736e-09,90.9623103138395
27.56,0.0145257129154338,0.00150279393070644,0.00150279393070644,2.16120814605498e-05,3.71158764329582e-05,1.38560353017867,4.53246651836839e-17,91.1979601348779,7.4830905001185e-09,90.9598184738678
27.58,0.0144618406591707,0.00143123177331599,0.00143123177331599,2.14895367429147e-05,3.69234224362192e-05,1.38560372263267,1.54536504782533e-16,91.1962222273485,6.77901910422868e-09,90.9573504684896
27.6,0.0143981499327211,0.0013601897732753,0.0013601897732753,2.13702787365668e-05,3.67307493489566e-05,1.38560391530575,1.64204199767915e-16,91.1945005435368,6.11547453461924e-09,90.954906310012
27.62,0.014334650217787,0.00128973071494565,0.00128973071494565,2.12543744981823e-05,3.65378518496495e-05,1.38560410820325,7.51624540813822e-17,91.1927950917155,5.49222004887827e-09,90.9524860087892
27.64,0.0142713510745367,0.00121991945707134,0.00121991945707134,2.1141890261252e-05,3.63447245339543e-05,1.38560430133057,9.61481343191782e-17,91.1911058793807,4.90902324406874e-09,90.9500895732287
27.66,0.0142082621410467,0.00115085679001941,0.00115085679001941,2.10328913082887e-05,3.61513619169251e-05,1.38560449469319,1.33111064485123e-16,91.1894329132528,4.36564303830761e-09,90.9477170097969
27.68,0.0141453931326608,0.00108264187776709,0.00108264187776709,2.09274418379352e-05,3.59577584325699e-05,1.38560468829667,1.51176614174929e-16,91.1877761992789,3.86183593889443e-09,90.9453683230255
27.7,0.0140827538412728,0.00101541543456454,0.00101541543456454,2.08256048331723e-05,3.57639084416217e-05,1.38560488214666,2.15590141992961e-16,91.1861357426345,3.39735797096619e-09,90.9430435155175
27.72,0.0140203541345054,0.000949357136950251,0.000949357136950251,2.07274419203405e-05,3.55698062290966e-05,1.38560507624887,6.60714855840077e-17,91.1845115477252,2.97195696287759e-09,90.9407425879539
27.74,0.0139582039548025,0.000884681306905931,0.000884681306905931,2.0633013229997e-05,3.53754460076239e-05,1.38560527060909,3.58322940412438e-17,91.1829036181893,2.58537736783837e-09,90.9384655391005
27.76,0.0138963133184094,0.000821659887278133,0.000821659887278133,2.05423772551494e-05,3.51808219209993e-05,1.38560546523318,7.16645880824876e-17,91.181311956899,2.23736508555059e-09,90.9362123658146
27.78,0.0138346923142696,0.000760669676849269,0.000760669676849269,2.04555907066951e-05,3.49859280444065e-05,1.38560566012706,2.61354769156666e-16,91.1797365659633,1.92765637244276e-09,90.9339830630518
27.8,0.0137733511027861,0.000702180424571421,0.000702180424571421,2.03727083701065e-05,3.47907583868601e-05,1.38560585529672,1.34072167684476e-16,91.1781774467295,1.65599086009062e-09,90.9317776238739
27.82,0.0137122999144938,0.000646817922691149,0.000646817922691149,2.02937829612887e-05,3.45953068929816e-05,1.38560605074821,3.92523114670944e-17,91.1766345997859,1.42209901896003e-09,90.9295960394556
27.84,0.0136515490485918,0.000595382711366072,0.000595382711366072,2.02188649849645e-05,3.43995674467745e-05,1.38560624648766,3.93176775597799e-16,91.1751080249639,1.22571614115526e-09,90.9274382990924
27.86,0.0135911088713705,0.000548908068722938,0.000548908068722938,2.01480025933636e-05,3.42035338731783e-05,1.38560644252123,4.80740671595891e-17,91.1735977213402,1.06656401819703e-09,90.9253043902084
27.88,0.0135309898144957,0.000508695075451018,0.000508695075451018,2.00812414484528e-05,3.40071999407332e-05,1.38560663885516,1.12172823372375e-16,91.1721036872393,9.44371191899377e-10,90.9231942983641
27.9,0.0134712023731724,0.000476222051979158,0.000476222051979158,2.00186245876914e-05,3.38105593640226e-05,1.38560683549574,3.91212516305361e-16,91.1706259202359,8.58857042966344e-10,90.9211080072646
27.92,0.0134117571041564,0.0004530844095733,0.0004530844095733,1.99601922911297e-05,3.36136058018965e-05,1.3856070324493,3.58322940412438e-17,91.1691644171576,8.0974239859415e-10,90.9190454987678
27.94,0.0133526646236416,0.000440664662414253,0.000440664662414253,1.99059819592816e-05,3.34163328645776e-05,1.38560722972224,1.54536504782533e-16,91.167719174087,7.96746157325008e-10,90.9170067528929
27.96,0.0132939356049794,0.000439771338124647,0.000439771338124647,1.98560279949675e-05,3.32187341169909e-05,1.38560742732099,1.37849587538812e-16,91.1662901863645,8.19579985246039e-10,90.9149917478288
27.98,0.0132355807762597,0.000450379962607929,0.000450379962607929,1.98103616893583e-05,3.30208030772106e-05,1.38560762525202,1.9560625815268e-16,91.1648774485911,8.77957477100185e-10,90.9130004599435
28,0.0131776109177297,0.000471641748631634,0.000471641748631634,1.97690111181248e-05,3.28225332195675e-05,1.38560782352188,1.47740333140239e-16,91.163480954631,9.71587405993913e-10,90.9110328637922
28.02,0.0131200368590478,0.00050210529032678,0.00050210529032678,1.97320010464644e-05,3.26239179782029e-05,1.38560802213712,2.31666242218393e-16,91.1621006976144,1.10017709854333e-09,90.9090889321272
28.04,0.0130628694763716,0.000540147304428606,0.000540147304428606,1.96993528432921e-05,3.242495074951e-05,1.38560822110435,1.79876688499943e-16,91.1607366699399,1.26343339920163e-09,90.9071686359068
28.06,0.0130061196892804,0.000584213918280185,0.000584213918280185,1.96710844051953e-05,3.22256248952435e-05,1.38560842043021,2.6282444204961e-16,91.159388863278,1.46106170593158e-09,90.9052719443048
28.08,0.0129497984575085,0.000632984349647662,0.000632984349647662,1.96472100893835e-05,3.20259337414086e-05,1.38560862012136,4.08551010907525e-16,91.1580572685736,1.69276018424074e-09,90.9033988247202
28.1,0.0128939167775121,0.000685392552168121,0.000685392552168121,1.96277406608119e-05,3.18258705847008e-05,1.38560882018452,9.61481343191782e-17,91.1567418760492,1.95822892829231e-09,90.901549242787
28.12,0.0128384856788416,0.000740601273090295,0.000740601273090295,1.96126832482222e-05,3.16254286920614e-05,1.38560902062641,1.32142971168015e-16,91.1554426752076,2.25716465710411e-09,90.8997231623841
28.14,0.0127835162203258,0.000797987018608362,0.000797987018608362,1.96020413148021e-05,3.14246013064512e-05,1.3856092214538,2.63312510143253e-16,91.1541596548352,2.58926891133197e-09,90.8979205456456
28.16,0.012729019486066,0.000857053521006197,0.000857053521006197,1.95958146374262e-05,3.12233816444074e-05,1.38560942267346,2.72890621280712e-16,91.152892803005,2.95423214186652e-09,90.8961413529709
28.18,0.0126750065812325,0.000917429740614347,0.000917429740614347,1.95939993024635e-05,3.10217629031495e-05,1.3856096242922,2.03330509613075e-16,91.1516421070801,3.35174962123638e-09,90.894385543035
28.2,0.012621488627662,0.000978828307053516,0.000978828307053516,1.95965877107965e-05,3.08197382594688e-05,1.38560982631684,9.87828175927473e-17,91.1504075537164,3.78151083600599e-09,90.8926530727995
28.22,0.0125684767592473,0.00104102564120888,0.00104102564120888,1.96035685974527e-05,3.06173008748356e-05,1.38561002875423,6.60714855840077e-17,91.1491891288661,4.24320575490412e-09,90.8909438975233
28.24,0.0125159821171303,0.00110384975506724,0.00110384975506724,1.96149270622773e-05,3.04144438960652e-05,1.38561023161121,1.08684729035753e-16,91.1479868177812,4.7365267574788e-09,90.8892579707731
28.26,0.0124640158446792,0.00116716009951637,0.00116716009951637,1.96306446128613e-05,3.02111604566502e-05,1.38561043489465,2.24917228936717e-16,91.1468006050166,5.26115850865885e-09,90.8875952444349
28.28,0.0124125890822557,0.0012308431554226,0.0012308431554226,1.96506992199744e-05,3.00074436825337e-05,1.38561063861142,1.7627157958516e-16,91.1456304744336,5.81678856635603e-09,90.8859556687253
28.3,0.0123617129617797,0.00129480931008547,0.00129480931008547,1.96750653854969e-05,2.98032866934417e-05,1.38561084276841,3.19691542556492e-16,91.1444764092035,6.4031025598277e-09,90.8843391922027
28.32,0.0123113986010726,0.00135898667543138,0.00135898667543138,1.97037142165448e-05,2.95986826026606e-05,1.3856110473725,1.72591183069093e-16,91.1433383918108,7.01978467184046e-09,90.8827457617785
28.34,0.0122616570979909,0.0014233146737876,0.0014233146737876,1.97366135148415e-05,2.93936245212567e-05,1.38561125243058,1.92296268638356e-16,91.1422164040573,7.6665176386702e-09,90.8811753227296
28.36,0.0122124995243435,0.00148774583897431,0.00148774583897431,1.97737278733823e-05,2.91881055616283e-05,1.38561145794954,1.40616075760831e-16,91.1411104270649,8.34298612524817e-09,90.8796278187096
28.38,0.0121639369196085,0.00155223445270926,0.00155223445270926,1.98150187833453e-05,2.8982118837062e-05,1.38561166393627,1.06295761943136e-16,91.1400204412801,9.04886756405004e-09,90.8781031917613
28.4,0.0121159802844178,0.00161674501111256,0.00161674501111256,1.98604447476657e-05,2.8775657468838e-05,1.38561187039763,3.65770328854187e-16,91.1389464264774,9.78384903082654e-09,90.8766013823282
28.42,0.0120686405738566,0.00168125309333587,0.00168125309333587,1.99099614012527e-05,2.85687145815672e-05,1.38561207734052,2.43026442240089e-16,91.1378883617626,1.05476074758904e-08,90.8751223292675
28.44,0.0120219286905411,0.00174572557011401,0.00174572557011401,1.99635216412662e-05,2.8361283313183e-05,1.38561228477179,8.1710202181505e-17,91.1368462255774,1.13398198495546e-08,90.8736659698622
28.46,0.0119758554774908,0.00181014691686251,0.00181014691686251,2.00210757577295e-05,2.8153356811389e-05,1.38561249269829,2.50826058288707e-16,91.1358199957026,1.2160171298916e-08,90.8722322398336
28.48,0.0119304317108165,0.00187449421245143,0.00187449421245143,2.00825715746526e-05,2.79449282400979e-05,1.38561270112686,2.13194621619634e-16,91.1348096492623,1.30083378099609e-08,90.8708210733545
28.5,0.0118856680921976,0.00193875659525783,0.00193875659525783,2.01479545895946e-05,2.77359907787655e-05,1.38561291006432,2.60370378581033e-16,91.133815162728,1.38839963330032e-08,90.8694324030615
28.52,0.0118415752411787,0.00200291184999149,0.00200291184999149,2.0217168119734e-05,2.7526537627276e-05,1.38561311951747,1.48606852788289e-16,91.1328365119219,1.47868262291758e-08,90.8680661600685
28.54,0.0117981636872825,0.00206695143737458,0.00206695143737458,2.02901534492448e-05,2.73165620072735e-05,1.38561332949309,3.27233410439598e-16,91.1318736720219,1.57165044487933e-08,90.8667222739796
28.56,0.0117554438619496,0.0021308650900701,0.0021308650900701,2.03668499762164e-05,2.71060571648274e-05,1.38561353999794,4.31180283985923e-16,91.1309266175648,1.66727108351526e-08,90.8654006729026
28.58,0.0117134260902983,0.00219464039483227,0.00219464039483227,2.04471953627169e-05,2.68950163726522e-05,1.38561375103873,2.41967498456656e-16,91.129995322451,1.76551189634226e-08,90.8641012834625
28.6,0.0116721205827509,0.00225827244954704,0.00225827244954704,2.05311256809034e-05,2.66834329325505e-05,1.38561396262217,1.89606677876145e-16,91.1290797599484,1.86634057839185e-08,90.8628240308147
28.62,0.011631537426486,0.00232174948560882,0.00232174948560882,2.06185755632609e-05,2.64713001787431e-05,1.38561417475492,1.11022302462516e-16,91.1281799026967,1.96972511399378e-08,90.8615688386593
28.64,0.0115916865767709,0.00238506554285665,0.00238506554285665,2.07094783466212e-05,2.625861148009e-05,1.38561438744362,5.99588961666477e-17,91.1272957227117,2.07563305353047e-08,90.8603356292545
28.66,0.0115525778481593,0.00244821554445303,0.00244821554445303,2.08037662141524e-05,2.60453602403121e-05,1.38561460069486,1.11022302462516e-16,91.1264271913893,2.18403233311536e-08,90.859124323431
28.68,0.0115142209055822,0.00251119140869087,0.00251119140869087,2.09013703390461e-05,2.58315399066511e-05,1.3856148145152,6.08305301622139e-16,91.1255742795104,2.29489002096714e-08,90.8579348406058
28.7,0.0114766252553362,0.00257399019996171,0.00257399019996171,2.10022210165531e-05,2.56171439627639e-05,1.38561502891114,7.16645880824876e-17,91.1247369572446,2.40817448714662e-08,90.8567670987968
28.72,0.0114398002359865,0.00263660646240455,0.00263660646240455,2.11062478012628e-05,2.54021659413795e-05,1.38561524388916,3.47037201448224e-16,91.1239151941551,2.52385308917078e-08,90.8556210146367
28.74,0.0114037550092065,0.00269903548021679,0.00269903548021679,2.12133796340098e-05,2.51865994209677e-05,1.38561545945568,5.99588961666477e-17,91.1231089592033,2.64189366672031e-08,90.8544965033885
28.76,0.0113684985505533,0.00276127398254212,0.00276127398254212,2.1323544964913e-05,2.51498751471235e-05,1.38561567561707,3.56166513965457e-16,91.1223182207526,2.76226444520691e-08,90.8533934789589
28.78,0.0113340396402252,0.00282331869062944,0.00282331869062944,2.14366718730269e-05,2.55354876939062e-05,1.38561589237966,8.1710202181505e-17,91.1215429465739,2.88493229998384e-08,90.8523118539142
28.8,0.0113003868537839,0.00288516379002672,0.00288516379002672,2.15526881823877e-05,2.59197243084319e-05,1.3856161097497,3.58322940412438e-17,91.1207831038493,3.00986593862652e-08,90.8512515394947
28.82,0.0112675485528908,0.00294680910922366,0.00294680910922366,2.16715215678584e-05,2.63025585229837e-05,1.38561632773341,1.43329176164975e-16,91.1200386591773,3.13703295973381e-08,90.8502124456299
28.84,0.0112355328760515,0.00300824875670356,0.00300824875670356,2.17930996594237e-05,2.66839639144756e-05,1.38561654633692,1.1331166295921e-16,91.1193095785773,3.26640110655366e-08,90.8491944809534
28.86,0.0112043477294166,0.0030694848713367,0.0030694848713367,2.19173501386206e-05,2.7063914101344e-05,1.38561676556634,8.62955915345466e-17,91.1185958274944,3.3979387491469e-08,90.8481975528187
28.88,0.0111740007776323,0.00313050995437749,0.00313050995437749,2.20442008318664e-05,2.74423827473225e-05,1.38561698542767,1.32142971168015e-16,91.1178973708038,3.5316135825451e-08,90.8472215673143
28.9,0.0111444994347791,0.00319132537672308,0.00319132537672308,2.21735797956336e-05,2.78193435629959e-05,1.38561720592688,1.25156822484232e-16,91.1172141728162,3.66739378394357e-08,90.8462664292792
28.92,0.0111158508554099,0.00325192642593863,0.00325192642593863,2.23054153995294e-05,2.81947703071328e-05,1.38561742706983,1.25156822484232e-16,91.1165461972821,3.80524772340311e-08,90.8453320423189
28.94,0.0110880619257275,0.00331231221450745,0.00331231221450745,2.24396363965201e-05,2.85686367846871e-05,1.38561764886235,3.64010961612204e-16,91.115893407397,3.94514348168625e-08,90.8444183088208
28.96,0.0110611392548979,0.00337248220158264,0.00337248220158264,2.25761719982687e-05,2.89409168536814e-05,1.38561787131017,1.08684729035753e-16,91.1152557658059,4.08704928420466e-08,90.8435251299704
28.98,0.0110350891665441,0.00343243350758943,0.00343243350758943,2.27149519354984e-05,2.93115844232084e-05,1.38561809441893,1.07496882123731e-16,91.1146332346088,4.23093350101908e-08,90.8426524057671
29,0.0110099176904352,0.00349216299250278,0.00349216299250278,2.28559065188547e-05,2.96806134543193e-05,1.38561831819423,1.07496882123731e-16,91.1140257753654,4.3767647914885e-08,90.8418000350405
29.02,0.0109856305543832,0.00355167107274179,0.00355167107274179,2.29989666923979e-05,3.00479779635765e-05,1.38561854264154,3.15649767605859e-16,91.1134333490999,4.52451104350992e-08,90.8409679154665
29.04,0.0109622331764028,0.00361095648157041,0.00361095648157041,2.31440640833044e-05,3.04136520246079e-05,1.38561876776628,3.92523114670944e-17,91.1128559163066,4.67414173612065e-08,90.840155943584
29.06,0.0109397306571148,0.00367001729856572,0.00367001729856572,2.32911310460902e-05,3.07776097676626e-05,1.38561899357376,3.04047097224406e-16,91.1122934369542,4.82562490186676e-08,90.8393640148108
29.08,0.0109181277724398,0.00372885139139702,0.00372885139139702,2.3440100701658e-05,3.11398253820538e-05,1.38561922006922,2.03960993326578e-16,91.1117458704919,4.97892973048728e-08,90.8385920234606
29.1,0.0108974289666137,0.00378745979910503,0.00378745979910503,2.35909069741993e-05,3.15002731186009e-05,1.38561944725778,1.93627054542329e-16,91.1112131758538,5.13402459204286e-08,90.8378398627599
29.12,0.0108776383455153,0.0038458394772612,0.0038458394772612,2.37434846231184e-05,3.18589272920722e-05,1.38561967514448,2.05216149747693e-16,91.1106953114644,5.29087901378711e-08,90.837107424864
29.14,0.0108587596703575,0.00390398864397658,0.00390398864397658,2.38977692688808e-05,3.22157622800745e-05,1.38561990373427,3.94155234453682e-16,91.1101922352438,5.44946155864613e-08,90.8363946008747
29.16,0.0108407963517442,0.0039619080657363,0.0039619080657363,2.40536974182726e-05,3.25707525281604e-05,1.38562013303198,1.48606852788289e-16,91.109703904613,5.60974141635886e-08,90.835701280857
29.18,0.0108237514441183,0.00401959552386318,0.00401959552386318,2.42112064841829e-05,3.29238725500502e-05,1.38562036304236,3.18080995573679e-16,91.109230276499,5.77168782488058e-08,90.8350273538561
29.2,0.0108076276406231,0.00407705264046637,0.00407705264046637,2.43702348028473e-05,3.32750969276319e-05,1.38562059377002,7.16645880824876e-17,91.1087713073405,5.93527050433029e-08,90.8343727079147
29.22,0.0107924272683789,0.00413427676542984,0.00413427676542984,2.45307216491723e-05,3.36244003167341e-05,1.38562082521949,1.20983749228328e-16,91.108326953093,6.10045825871587e-08,90.8337372300903
29.24,0.0107781522842213,0.00419126518088848,0.00419126518088848,2.469260724558e-05,3.39717574455722e-05,1.38562105739519,2.24917228936717e-16,91.1078971692343,6.26722138675275e-08,90.8331208064728
29.26,0.0107648042708794,0.00424802093844784,0.00424802093844784,2.48558327722044e-05,3.43171431196332e-05,1.38562129030141,2.92423134397389e-16,91.1074819107697,6.43552869244873e-08,90.8325233222017
29.28,0.0107523844336323,0.00430454113317007,0.00430454113317007,2.50203403727972e-05,3.46605322214533e-05,1.38562152394233,2.11380166311279e-16,91.1070811322378,6.60535042630282e-08,90.8319446614837
29.3,0.0107408935974513,0.00436082489512948,0.00436082489512948,2.51860731568996e-05,3.50018997137269e-05,1.38562175832201,1.03851854526381e-16,91.106694787716,6.77665640486661e-08,90.8313847076106
29.32,0.0107303322046383,0.00441687160841596,0.00441687160841596,2.53529752040932e-05,3.53412206428594e-05,1.3856219934444,1.5536512468908e-16,91.1063228308255,6.94941663755718e-08,90.8308433429772
29.34,0.0107207003129602,0.00447268187266883,0.00447268187266883,2.55209915613795e-05,3.56784701367463e-05,1.38562215731741,4.06976627359978e-16,91.1059652147375,7.12360084449332e-08,90.8303204490985
29.36,0.0107119975943016,0.0045282534038254,0.0045282534038254,2.56900682413873e-05,3.60136234118791e-05,1.38562187264603,2.81232151521661e-16,91.1056218921785,7.29917985477038e-08,90.8298159066284
29.38,0.010704223333834,0.00458358669504209,0.00458358669504209,2.5860152219627e-05,3.63466557729009e-05,1.38562158770352,1.61046131851761e-16,91.1052928154358,7.47612295455971e-08,90.8293295953774
29.4,0.0106973764297,0.00463868170776173,0.00463868170776173,2.60311914279564e-05,3.66775426154931e-05,1.38562130250075,3.28799129477158e-16,91.1049779363633,7.65440159976948e-08,90.8288613943309
29.42,0.0106914553932375,0.00469353658294466,0.00469353658294466,2.62031347474292e-05,3.70062594259313e-05,1.38562101704879,3.88578058618805e-16,91.1046772063872,7.83398618554756e-08,90.8284111816669
29.44,0.0106864583497117,0.00474815135343613,0.00474815135343613,2.6375932003044e-05,3.73327817897451e-05,1.38562073135885,2.64285942336031e-16,91.1043905765115,8.01484662487807e-08,90.827978834775
29.46,0.0106823830395754,0.0048025263181324,0.0048025263181324,2.65495339513624e-05,3.76570853883873e-05,1.38562044544235,2.1618487454907e-16,91.104117997324,8.19695437366906e-08,90.8275642302744
29.48,0.0106792268202646,0.00485666015106175,0.00485666015106175,2.6723892272715e-05,3.79791460036749e-05,1.38562015931086,9.20548301573787e-17,91.1038594190018,8.38028016458291e-08,90.8271672440323
29.5,0.0106769866684904,0.00491055273686162,0.00491055273686162,2.68989595593436e-05,3.82989395204536e-05,1.38561987297613,2.29997556086659e-16,91.1036147913173,8.56479482671473e-08,90.8267877511826
29.52,0.0106756591830542,0.00496420268190261,0.00496420268190261,2.70746893045541e-05,3.86164419274859e-05,1.38561958645009,3.20493781063927e-17,91.1033840636436,8.75046957489058e-08,90.8264256261444
29.54,0.0106752405881621,0.0050176112320298,0.0050176112320298,2.72510358901367e-05,3.89316293232245e-05,1.38561929974484,1.06295761943136e-16,91.103167184961,8.93727572036922e-08,90.8260807426408
29.56,0.0106757267372344,0.0050707763834843,0.0050707763834843,2.74279545724258e-05,3.92444779142576e-05,1.38561901287265,3.9055556787155e-16,91.1029641038622,9.12518467084214e-08,90.8257529737172
29.58,0.0106771131171902,0.00512369909763473,0.00512369909763473,2.76054014702051e-05,3.95549640206383e-05,1.385618725846,1.36915003288059e-16,91.1027747685585,9.31416773756802e-08,90.825442191761
29.6,0.0106793948532116,0.00517637864296839,0.00517637864296839,2.77833335499678e-05,3.98630640765507e-05,1.38561843867752,3.2566016377648e-16,91.1025991268856,9.50419652110375e-08,90.8251482685194
29.62,0.0106825667139587,0.00522881435329711,0.00522881435329711,2.79617086128405e-05,4.01687546351948e-05,1.38561815138002,3.89238344666173e-16,91.1024371263098,9.69524271843893e-08,90.8248710751192
29.64,0.0106866231172206,0.00528100548616338,0.00528100548616338,2.81404852788302e-05,4.04720123698965e-05,1.38561786396651,1.60246890531964e-17,91.1022887139333,9.88727826764498e-08,90.8246104820854
29.66,0.0106915581359914,0.00533295272977442,0.00533295272977442,2.83196229728091e-05,4.07728140774388e-05,1.38561757645017,2.4460626240068e-16,91.102153836501,1.00802749139278e-07,90.8243663593605
29.68,0.0106973655049547,0.00538465562960533,0.00538465562960533,2.84990819097949e-05,4.10711366798377e-05,1.38561728884436,8.62955915345466e-17,91.1020324404058,1.02742051739552e-07,90.8241385763232
29.7,0.010704038627355,0.00543611384960569,0.00543611384960569,2.86788230798979e-05,4.13669572285613e-05,1.38561700116262,2.33872637178011e-16,91.101924471695,1.04690406482839e-07,90.8239270018081
29.72,0.0107115705822248,0.00548732577166177,0.00548732577166177,2.88588082329103e-05,4.16602529063059e-05,1.38561671341868,1.60246890531964e-17,91.1018298760763,1.06647538053652e-07,90.8237315041247
29.74,0.0107199541319709,0.00553829243711959,0.00553829243711959,2.90389998633591e-05,4.1951001030105e-05,1.38561642562646,1.7627157958516e-16,91.1017485989234,1.08613170172177e-07,90.8235519510768
29.76,0.0107291817302668,0.00558901312147829,0.00558901312147829,2.9219361195394e-05,4.22391790544374e-05,1.38561613780004,3.58322940412438e-17,91.1016805852828,1.10587031862402e-07,90.8233882099817
29.78,0.0107392455302672,0.00563948786970431,0.00563948786970431,2.93998561681486e-05,4.25247645727822e-05,1.3856158499537,6.60714855840077e-17,91.1016257798795,1.12568847326673e-07,90.8232401476898
29.8,0.0107501373930833,0.00568971669327306,0.00568971669327306,2.95804494198154e-05,4.28077353229472e-05,1.38561556210191,2.95914877633427e-16,91.101584127123,1.14558341249504e-07,90.8231076306036
29.82,0.0107618488965227,0.00573969792067427,0.00573969792067427,2.9761106273556e-05,4.30880691875135e-05,1.38561527425931,1.37849587538812e-16,91.1015555711136,1.16555246994353e-07,90.8229905246981
29.84,0.0107743713440496,0.00578943330598176,0.00578943330598176,2.99417927241882e-05,4.33657442007185e-05,1.38561498644074,2.85761140888713e-16,91.1015400556485,1.18559289245732e-07,90.8228886955393
29.86,0.0107876957739682,0.00583892033017358,0.00583892033017358,3.01224754196091e-05,4.36407385455695e-05,1.38561469866121,9.34391909990421e-17,91.101537524228,1.20570201367097e-07,90.8228020083045
29.88,0.0108018129687777,0.00588816098434575,0.00588816098434575,3.03031216506444e-05,4.39130305636137e-05,1.38561441093593,2.56895308302175e-16,91.1015479200615,1.22587715275416e-07,90.8227303278017
29.9,0.0108167134646931,0.00593715366363995,0.00593715366363995,3.04836993344701e-05,4.41825987520517e-05,1.38561412328028,2.22044604925031e-16,91.1015711860741,1.24611562887655e-07,90.8226735184891
29.92,0.0108323875612888,0.00598589836812117,0.00598589836812117,3.06641770010731e-05,4.44494217717306e-05,1.38561383570983,5.7777838054666e-17,91.1016072649123,1.2664147901376e-07,90.8226314444951
29.94,0.0108488253312806,0.0060343942821092,0.0060343942821092,3.08445237797345e-05,4.47134784475889e-05,1.38561354824034,1.02608074873846e-16,91.1016560989505,1.28677198945844e-07,90.8226039696378
29.96,0.010866016630371,0.00608264268263446,0.00608264268263446,3.10247093852857e-05,4.49747477722084e-05,1.38561326088776,1.82005480806102e-16,91.1017176302973,1.3071845845818e-07,90.8225909574448
29.98,0.0108839511071728,0.00613064198230975,0.00613064198230975,3.12047041036181e-05,4.52332089080354e-05,1.3856129736682,2.76164490472136e-16,91.1017918008014,1.32764992360715e-07,90.8225922711731
30,0.0109026182131771,0.00617839326763472,0.00617839326763472,3.13844787811887e-05,4.54888411949295e-05,1.38561268659799,2.31666242218393e-16,91.1018785520582,1.3481654124936e-07,90.822607773829
30.02,0.010922007212744,0.00622589387402181,0.00622589387402181,3.15640048098647e-05,4.57416241490538e-05,1.38561239969362,2.70527887447329e-16,91.1019778254161,1.36872845237862e-07,90.8226373281875
30.04,0.0109421071930801,0.00627314589378554,0.00627314589378554,3.17432541149171e-05,4.59915374670938e-05,1.38561211297177,2.74298492815269e-16,91.1020895619825,1.38933640582656e-07,90.8226807968127
30.06,0.0109629070742294,0.00632014821314716,0.00632014821314716,3.19221991437356e-05,4.62385610318083e-05,1.3856118264493,5.99588961666477e-17,91.1022137026301,1.40998669808308e-07,90.8227380420773
30.08,0.0109843956189847,0.00636690126750439,0.00636690126750439,3.21008128525265e-05,4.64826749133618e-05,1.38561154014327,1.71096858985447e-16,91.1023501880036,1.4306767399289e-07,90.8228089261827
30.1,0.0110065614427774,0.00641340317731746,0.00641340317731746,3.22790686950253e-05,4.67238593728769e-05,1.38561125407091,1.68068356681677e-16,91.1024989585255,1.45140396625292e-07,90.8228933111791
30.12,0.0110293930234699,0.00645965479626373,0.00645965479626373,3.24569406103975e-05,4.69620948655436e-05,1.38561096824962,1.11022302462516e-16,91.1026599544029,1.4721658167657e-07,90.8229910589849
30.14,0.0110528787110618,0.0065056561964942,0.0065056561964942,3.26344030132873e-05,4.71973620466137e-05,1.38561068269701,1.30185189290517e-16,91.1028331156333,1.4929597215345e-07,90.8231020314071
30.16,0.0110770067372907,0.0065514064737222,0.0065514064737222,3.28114307820135e-05,4.74296417725117e-05,1.38561039743084,6.60714855840077e-17,91.1030183820114,1.51378314437803e-07,90.8232260901612
30.18,0.0111017652251024,0.00659690571459774,0.00659690571459774,3.29879992475236e-05,4.76589151043871e-05,1.38561011246909,5.19259272631903e-16,91.1032156931351,1.5346335346501e-07,90.823363096891
30.2,0.0111271421979965,0.00664215386518381,0.00664215386518381,3.31640841841203e-05,4.78851633141097e-05,1.38560982782988,4.21848227282491e-16,91.1034249884123,1.55550837063433e-07,90.8235129131885
30.22,0.0111531255891946,0.00668714959117162,0.00668714959117162,3.33396617972108e-05,4.81083678827154e-05,1.38560954353154,2.2662332591842e-16,91.1036462070665,1.57640514507926e-07,90.8236754006144
30.24,0.0111797032506838,0.00673189389365104,0.00673189389365104,3.35147087158414e-05,4.8328510509732e-05,1.38560925959255,3.92523114670944e-17,91.1038792881441,1.59732129769539e-07,90.8238504207174
30.26,0.0112068629620488,0.00677638519133856,0.00677638519133856,3.36892019811465e-05,4.85455731127349e-05,1.38560897603159,5.99588961666477e-17,91.1041241705199,1.61825435498272e-07,90.8240378350546
30.28,0.0112345924391372,0.00682062458795646,0.00682062458795646,3.38631190380124e-05,4.87595378331207e-05,1.38560869286751,4.80740671595891e-17,91.104380792904,1.63920178558157e-07,90.8242375052112
30.3,0.0112628793425342,0.00686461058248569,0.00686461058248569,3.40364377255299e-05,4.89703870392155e-05,1.38560841011932,7.51624540813822e-17,91.1046490938478,1.66016113045682e-07,90.8244492928208
30.32,0.0112917112858243,0.00690834331983343,0.00690834331983343,3.42091362687176e-05,4.91781033293837e-05,1.38560812780623,2.41967498456656e-16,91.1049290117508,1.68112989200027e-07,90.8246730595848
30.34,0.0113210758436491,0.00695182307085287,0.00695182307085287,3.43811932687509e-05,4.93826695362465e-05,1.3856078459476,6.79869977755259e-17,91.1052204848667,1.70210554367386e-07,90.8249086672929
30.36,0.0113509605595464,0.00699504892592325,0.00699504892592325,3.45525876952352e-05,4.95840687289029e-05,1.38560756456297,1.29195173483207e-16,91.1055234513095,1.72308569876703e-07,90.8251559778428
30.38,0.0113813529535725,0.00703802033285407,0.00703802033285407,3.47232988782997e-05,4.97822842193685e-05,1.38560728367206,3.24079279858983e-16,91.1058378490605,1.74406781145517e-07,90.82541485326
30.4,0.0114122405296864,0.00708073754903128,0.00708073754903128,3.48933064997677e-05,4.99772995630199e-05,1.38560700329475,4.18179912179388e-16,91.1061636159742,1.76504946127624e-07,90.8256851557175
30.42,0.0114436107829258,0.00712319916112823,0.00712319916112823,3.50625905867945e-05,5.01690985657e-05,1.38560672345107,1.02608074873846e-16,91.1065006897847,1.78602814580037e-07,90.8259667475564
30.44,0.0114754512063273,0.00716540655961345,0.00716540655961345,3.52311315019592e-05,5.03576652828297e-05,1.38560644416125,4.30584319244997e-16,91.1068490081123,1.80700144938714e-07,90.8262594913049
30.46,0.0115077492976167,0.00720735799071342,0.00720735799071342,3.53989099400701e-05,5.05429840289562e-05,1.38560616544566,1.51176614174929e-16,91.1072085084697,1.82796691300141e-07,90.8265632496985
30.48,0.0115404925656762,0.00724905337342027,0.00724905337342027,3.55659069163673e-05,5.072503937531e-05,1.38560588732483,1.72591183069093e-16,91.1075791282683,1.84892210171621e-07,90.8268778856999
30.5,0.0115736685367558,0.00729049260160707,0.00729049260160707,3.57321037635962e-05,5.09038161591313e-05,1.38560560981948,1.61046131851761e-16,91.1079608048246,1.86986459024784e-07,90.8272032625184
30.52,0.0116072647604588,0.00733167539557209,0.00733167539557209,3.58974821228451e-05,5.10792994825593e-05,1.38560533295045,3.92523114670944e-17,91.1083534753666,1.89079189063131e-07,90.8275392436297
30.54,0.0116412688154813,0.00737260081246941,0.00737260081246941,3.60620239388905e-05,5.1251474720404e-05,1.38560505673876,1.98214456752023e-16,91.1087570770403,1.91170163062092e-07,90.8278856927959
30.56,0.0116756683151245,0.00741326800185907,0.00741326800185907,3.62257114516281e-05,5.14203275199243e-05,1.38560478120558,4.80740671595891e-17,91.1091715469154,1.93259135600314e-07,90.8282424740846
30.58,0.0117104509125584,0.00745367801207648,0.00745367801207648,3.63885271927092e-05,5.15858438079331e-05,1.38560450637224,3.92523114670944e-17,91.1095968219925,1.9534586607808e-07,90.828609451889
30.6,0.0117456043058728,0.00749382970234112,0.00749382970234112,3.65504539788568e-05,5.17480097927958e-05,1.38560423226021,2.24917228936717e-16,91.1100328392088,1.97430111484855e-07,90.8289864909471
30.62,0.0117811162428804,0.00753372260698676,0.00753372260698676,3.67114749041353e-05,5.19068119686494e-05,1.38560395889112,9.87828175927473e-17,91.1104795354446,1.99511627845774e-07,90.8293734563612
30.64,0.0118169745257006,0.00757335629178669,0.00757335629178669,3.68715733368393e-05,5.20622371180668e-05,1.38560368628673,1.71096858985447e-16,91.1109368475295,2.01590177936266e-07,90.8297702136175
30.66,0.0118531670151136,0.00761272949121976,0.00761272949121976,3.70307329132972e-05,5.22142723171637e-05,1.38560341446897,7.34343505744026e-17,91.111404712249,2.03665523085268e-07,90.8301766286056
30.68,0.0118896816347076,0.00765184293979677,0.00765184293979677,3.71889375335168e-05,5.23629049387075e-05,1.38560314345988,1.07496882123731e-16,91.1118830663503,2.05737418353586e-07,90.8305925676373
30.7,0.0119265063747955,0.00769069505598111,0.00769069505598111,3.73461713536677e-05,5.25081226543378e-05,1.38560287328167,2.40370335797946e-16,91.1123718465491,2.07805622659338e-07,90.8310178974665
30.72,0.0119636292961279,0.00772928662132142,0.00772928662132142,3.75024187849431e-05,5.26499134418934e-05,1.38560260395668,3.97076144814193e-16,91.1128709895354,2.09869897813622e-07,90.831452485308
30.74,0.0120010385333975,0.0077676159825896,0.0077676159825896,3.76576644860013e-05,5.27882655869671e-05,1.38560233550737,4.80740671595891e-17,91.1133804319799,2.11930007074029e-07,90.8318961988568
30.76,0.0120387222985346,0.00780568308025304,0.00780568308025304,3.78118933588734e-05,5.29231676837938e-05,1.38560206795634,2.36601698465703e-16,91.1139001105403,2.13985703090544e-07,90.8323489063073
30.78,0.0120766688838217,0.00784348741142623,0.00784348741142623,3.79650905449771e-05,5.30546086427996e-05,1.38560180132633,1.40616075760831e-16,91.1144299618675,2.16036752978068e-07,90.832810476372
30.8,0.0121148666647998,0.00788102780918139,0.00788102780918139,3.81172414220585e-05,5.31825776939332e-05,1.38560153564021,1.02608074873846e-16,91.1149699226116,2.1808291372606e-07,90.8332807783007
30.82,0.0121533041029983,0.00791830425310876,0.00791830425310876,3.82683315976649e-05,5.33070643875533e-05,1.38560127092095,5.55111512312578e-17,91.1155199294283,2.20123950520762e-07,90.833759681899
30.84,0.0121919697484696,0.00795531665109489,0.00795531665109489,3.84183469064832e-05,5.34280586006464e-05,1.38560100719165,5.10028369624576e-16,91.116079918985,2.22159618422979e-07,90.8342470575479
30.86,0.0122308522421721,0.0079920631080379,0.0079920631080379,3.85672734058758e-05,5.35455505374927e-05,1.38560074447555,4.53246651836839e-17,91.116649827967,2.24189681172462e-07,90.8347427762213
30.88,0.0122699403181605,0.00802854423401566,0.00802854423401566,3.87150973738892e-05,5.36595307385479e-05,1.38560048279599,1.03851854526381e-16,91.1172295930835,2.2621390250896e-07,90.8352467095058
30.9,0.0123092228056229,0.00806475825184121,0.00806475825184121,3.88618053026033e-05,5.37699900768907e-05,1.38560022217642,8.1710202181505e-17,91.1178191510735,2.28232038457605e-07,90.8357587296185
30.92,0.0123486886307492,0.00810070568437977,0.00810070568437977,3.90073838974433e-05,5.38769197679922e-05,1.3855999626404,6.40987562127855e-17,91.1184184387126,2.30243848900835e-07,90.8362787094255
30.94,0.0123883268184646,0.00813638455532492,0.00813638455532492,3.91518200714445e-05,5.39803113679405e-05,1.3855997042116,2.60370378581033e-16,91.1190273928183,2.32249103846528e-07,90.8368065224606
30.96,0.0124281264939985,0.00817179561715644,0.00817179561715644,3.92951009443407e-05,5.40801567814331e-05,1.3855994469138,8.77708367144175e-17,91.1196459502565,2.3424755739116e-07,90.8373420429434
30.98,0.0124680768843129,0.00820693665208376,0.00820693665208376,3.94372138375579e-05,5.41764482617779e-05,1.38559919077087,3.80902510463205e-16,91.1202740479471,2.36238974720968e-07,90.8378851457971
31,0.0125081673194073,0.00824180868191116,0.00824180868191116,3.95781462707484e-05,5.42691784155558e-05,1.38559893580678,4.44667075039019e-16,91.1209116228706,2.38223113307573e-07,90.8384357066673
31.02,0.0125483872334724,0.00827640955832894,0.00827640955832894,3.97178859619709e-05,5.43583402063952e-05,1.3855986820456,1.1331166295921e-16,91.1215586120735,2.40199734962066e-07,90.8389936019392
31.04,0.012588726165942,0.00831073863346239,0.00831073863346239,3.98564208211114e-05,5.4443926958303e-05,1.38559842951147,1.25156822484232e-16,91.1222149526746,2.42168604388524e-07,90.8395587087559
31.06,0.012629173762408,0.00834479598606789,0.00834479598606789,3.99937389479875e-05,5.45259323563307e-05,1.38559817822864,2.03330509613075e-16,91.1228805818708,2.44129480987218e-07,90.8401309050361
31.08,0.0126697197754158,0.00837858040569214,0.00837858040569214,4.01298286310829e-05,5.46043504532356e-05,1.38559792822144,2.2662332591842e-16,91.1235554369429,2.46082124640585e-07,90.8407100694915
31.1,0.0127103540651763,0.00841209071816583,0.00841209071816583,4.02646783443144e-05,5.46791756710352e-05,1.38559767951427,7.85046229341888e-17,91.1242394552616,2.48026296677553e-07,90.8412960816447
31.12,0.0127510666001446,0.00844532660445773,0.00844532660445773,4.03982767432564e-05,5.47504028038936e-05,1.3855974321316,3.18887285829407e-16,91.1249325742934,2.49961760355703e-07,90.8418888218461
31.14,0.0127918474575164,0.00847828673518752,0.00847828673518752,4.05306126644616e-05,5.48180270218968e-05,1.38559718609799,1.02608074873846e-16,91.1256347316061,2.51888272664488e-07,90.8424881712917
31.16,0.0128326868236201,0.00851097110236127,0.00851097110236127,4.06616751219375e-05,5.48820438726061e-05,1.38559694143805,8.1710202181505e-17,91.126345864875,2.53805599272308e-07,90.8430940120398
31.18,0.0128735749942271,0.0085433785622319,0.0085433785622319,4.07914533049374e-05,5.49424492861661e-05,1.38559669817648,0,91.1270659118884,2.55713495239961e-07,90.8437062270286
31.2,0.0129145023747729,0.00857550728158031,0.00857550728158031,4.09199365760438e-05,5.49992395770804e-05,1.38559645633801,9.74743781324629e-17,91.1277948105532,2.57611728646663e-07,90.8443247000924
31.22,0.0129554594804898,0.00860735712133294,0.00860735712133294,4.10471144696115e-05,5.50524114464324e-05,1.38559621594745,6.60714855840077e-17,91.128532498901,2.59500053106721e-07,90.8449493159788
31.24,0.012996436936482,0.0086389278752794,0.0086389278752794,4.11729766885818e-05,5.51019619865478e-05,1.38559597702964,2.61354769156666e-16,91.1292789150933,2.6137823284204e-07,90.8455799603655
31.26,0.013037425477711,0.00867021737960133,0.00867021737960133,4.12975131019877e-05,5.51478886805512e-05,1.38559573960949,4.16949968597378e-16,91.1300339974274,2.63246029181547e-07,90.8462165198764
31.28,0.0130784159489137,0.00870122523370884,0.00870122523370884,4.14207137451353e-05,5.51901894088047e-05,1.38559550371195,1.46868701148805e-16,91.1307976843419,2.65103201525509e-07,90.8468588820981
31.3,0.0131193993044714,0.00873195068156025,0.00873195068156025,4.15425688153391e-05,5.52288624491304e-05,1.38559526936201,7.85046229341888e-17,91.1315699144224,2.66949510238523e-07,90.8475069355964
31.32,0.0131603666082027,0.00876239253451955,0.00876239253451955,4.16630686723552e-05,5.52639064805849e-05,1.38559503658467,1.92296268638356e-16,91.1323506264066,2.68784712792203e-07,90.8481605699319
31.34,0.0132013090331054,0.00879254942724119,0.00879254942724119,4.17822038350707e-05,5.52953205850137e-05,1.38559480540501,4.01897156831541e-16,91.1331397591903,2.70608573408453e-07,90.8488196756765
31.36,0.0132422178610456,0.00882242089436979,0.00882242089436979,4.18999649794421e-05,5.5323104249716e-05,1.38559457584809,1.19917792333295e-16,91.1339372518325,2.72420851969706e-07,90.8494841444286
31.38,0.0132830844823996,0.008852005625789,0.008852005625789,4.20163429374875e-05,5.53472573696645e-05,1.38559434793903,8.01234452659818e-17,91.1347430435609,2.74221305947574e-07,90.8501538688291
31.4,0.0133239003956355,0.00888130271152453,0.00888130271152453,4.21313286971418e-05,5.53677802515029e-05,1.38559412170294,3.92523114670944e-17,91.1355570737774,2.76009694260159e-07,90.8508287425769
31.42,0.0133646572068784,0.00891031089854145,0.00891031089854145,4.2244913398517e-05,5.53846736137675e-05,1.38559389716497,3.67521273896299e-16,91.1363792820631,2.77785781129367e-07,90.8515086604439
31.44,0.0134053466294118,0.0089390293706353,0.0089390293706353,4.2357088332556e-05,5.53979385891079e-05,1.38559367435026,9.74743781324629e-17,91.1372096081839,2.79549324991137e-07,90.8521935182906
31.46,0.0134459604831403,0.00896745717210102,0.00896745717210102,4.24678449416309e-05,5.54075767291717e-05,1.38559345328396,6.60714855840077e-17,91.1380479920957,2.81300085245734e-07,90.8528832130807
31.48,0.0134864906940444,0.00899559276397623,0.00899559276397623,4.25771748147548e-05,5.54135900023844e-05,1.38559323399122,3.31908410286558e-16,91.1388943739494,2.83037820329098e-07,90.8535776428963
31.5,0.0135269292935742,0.00902343492133133,0.00902343492133133,4.26850696890955e-05,5.5415980797946e-05,1.3855930164972,6.79869977755259e-17,91.1397486940962,2.84762293016639e-07,90.854276706952
31.52,0.0135672684180277,0.00905098309040413,0.00905098309040413,4.27915214478645e-05,5.54147519298276e-05,1.38559280082703,1.82005480806102e-16,91.1406108930929,2.86473259815642e-07,90.8549803056102
31.54,0.013607500307902,0.00907823593283388,0.00907823593283388,4.28965221179574e-05,5.54099066341074e-05,1.38559258700583,2.15590141992961e-16,91.1414809117065,2.88170484465845e-07,90.8556883403946
31.56,0.0136476173072196,0.00910519201757672,0.00910519201757672,4.30000638705236e-05,5.54014485751875e-05,1.38559237505873,3.0782422462154e-16,91.1423586909197,2.89853722510203e-07,90.8564007140049
31.58,0.0136876118628211,0.00913185054022943,0.00913185054022943,4.31021390184809e-05,5.53893818451279e-05,1.3855921650108,2.6910028968576e-16,91.1432441719357,2.91522736241962e-07,90.8571173303304
31.6,0.0137274765236622,0.00915820920433203,0.00915820920433203,4.32027400148795e-05,5.53737109638686e-05,1.38559195688709,2.68622737774948e-16,91.1441372961831,2.93177288436535e-07,90.8578380944642
31.62,0.0137672039400705,0.00918426840905107,0.00918426840905107,4.33018594531474e-05,5.53544408836704e-05,1.38559175071265,4.0729199093102e-16,91.1450380053207,2.94817130779565e-07,90.8585629127164
31.64,0.0138067868629955,0.00921002567057191,0.00921002567057191,4.33994900653169e-05,5.5331576989337e-05,1.38559154651244,1.60246890531964e-17,91.1459462412427,2.96442032314591e-07,90.8592916926275
31.66,0.0138462181432347,0.0092354805159761,0.0092354805159761,4.34956247201528e-05,5.5305125097771e-05,1.38559134431143,6.40987562127855e-17,91.1468619460831,2.98051750513222e-07,90.8600243429822
31.68,0.0138854907306697,0.00926063138532696,0.00926063138532696,4.35902564241525e-05,5.52750914628586e-05,1.38559114413451,3.80902510463205e-16,91.1477850622206,2.99646042847066e-07,90.8607607738216
31.7,0.0139245976734659,0.00928547709834776,0.00928547709834776,4.36833783182875e-05,5.52414827730274e-05,1.38559094600652,2.2662332591842e-17,91.1487155322835,3.01224674984517e-07,90.8615008964566
31.72,0.0139635321172782,0.00931001575277506,0.00931001575277506,4.37749836779306e-05,5.52043061536889e-05,1.38559074995225,1.40616075760831e-16,91.1496532991538,3.0278740295069e-07,90.8622446234804
31.74,0.0140022873044345,0.00933424688087157,0.00933424688087157,4.38650659127087e-05,5.51635691690144e-05,1.38559055599644,2.60370378581033e-16,91.1505983059724,3.04333991931815e-07,90.8629918687809
31.76,0.0140408565731362,0.00935816870423444,0.00935816870423444,4.39536185644589e-05,5.51192798217137e-05,1.38559036416374,7.34343505744026e-17,91.1515504961433,3.05864197953007e-07,90.863742547553
31.78,0.0140792333566311,0.00938178024793504,0.00938178024793504,4.40406353065509e-05,5.50714465532565e-05,1.38559017447874,8.1710202181505e-17,91.1525098133382,3.07377791504296e-07,90.8644965763104
31.8,0.0141174111823902,0.00940507974115228,0.00940507974115228,4.41261099427685e-05,5.5020078246093e-05,1.38558998696595,9.06493303673679e-17,91.1534762015008,3.08874524271325e-07,90.865253872898
31.82,0.0141553836712864,0.00942806597956337,0.00942806597956337,4.42100364080618e-05,5.49651842240984e-05,1.3855898016498,2.4721686209053e-16,91.1544496048515,3.1035416529763e-07,90.8660143565027
31.84,0.0141931445367556,0.00945073777805709,0.00945073777805709,4.42924087645695e-05,5.49067742505738e-05,1.38558961855464,2.68622737774948e-16,91.1554299678913,3.11816473983476e-07,90.8667779476657
31.86,0.014230687583984,0.00947309327758194,0.00947309327758194,4.43732212044965e-05,5.48448585315775e-05,1.38558943770471,1.17756934401283e-16,91.1564172354063,3.13261218890234e-07,90.8675445682928
31.88,0.01426800670907,0.00949513144956484,0.00949513144956484,4.44524680458847e-05,5.47794477143704e-05,1.38558925912417,2.2662332591842e-16,91.157411352472,3.14688157489513e-07,90.8683141416662
31.9,0.0143050958982016,0.00951685055394399,0.00951685055394399,4.45301437352572e-05,5.47105528891922e-05,1.38558908283707,1.79161470206219e-16,91.1584122644573,3.16097054485377e-07,90.8690865924548
31.92,0.0143419492268223,0.00953824967524174,0.00953824967524174,4.46062428437817e-05,5.46381855872635e-05,1.38558890886734,2.08936382836445e-16,91.1594199170288,3.17487678439197e-07,90.8698618467247
31.94,0.0143785608588233,0.00955932692094113,0.00955932692094113,4.46807600675708e-05,5.45623577812293e-05,1.38558873723882,7.16645880824876e-17,91.1604342561544,3.18859791644219e-07,90.8706398319498
31.96,0.0144149250457137,0.00958008160027181,0.00958008160027181,4.47536902286774e-05,5.44830818869357e-05,1.38558856797522,1.60246890531964e-17,91.161455228108,3.20213159286671e-07,90.8714204770217
31.98,0.0144510361258118,0.00960051098392787,0.00960051098392787,4.48250282719207e-05,5.44003707605434e-05,1.38558840110013,9.06493303673679e-17,91.1624827794726,3.21547550892252e-07,90.8722037122597
32,0.0144868885234305,0.00962061441657806,0.00962061441657806,4.48947692657719e-05,5.43142376998595e-05,1.385588236637,3.38420794317116e-16,91.1635168571449,3.22862729718535e-07,90.8729894694204
32.02,0.0145224767480814,0.00964039015677121,0.00964039015677121,4.496290839998e-05,5.42246964421178e-05,1.38558807460917,1.64204199767915e-16,91.1645574083386,3.24158469148531e-07,90.8737776817068
32.04,0.0145577953936618,0.00965983704776388,0.00965983704776388,4.50294409880284e-05,5.41317611666425e-05,1.38558791503981,2.68144335368952e-16,91.1656043805885,3.25434533886303e-07,90.8745682837783
32.06,0.0145928391376829,0.00967895326852734,0.00967895326852734,4.50943624629863e-05,5.4035446490186e-05,1.38558775795198,7.16645880824876e-17,91.1666577217539,3.26690694421879e-07,90.8753612117586
32.08,0.0146276027404631,0.00969773724176714,0.00969773724176714,4.51576683796038e-05,5.39357674682606e-05,1.38558760336857,2.56895308302175e-16,91.1677173800224,3.27926719798796e-07,90.8761564032451
32.1,0.0146620810443796,0.00971618729338767,0.00971618729338767,4.52193544117469e-05,5.38327395940286e-05,1.38558745131233,5.7777838054666e-17,91.1687833039134,3.29142382435738e-07,90.8769537973175
32.12,0.0146962689730621,0.00973430303818061,0.00973430303818061,4.52794163533811e-05,5.37263787976361e-05,1.38558730180582,6.60714855840077e-17,91.1698554422816,3.30337455715716e-07,90.8777533345452
32.14,0.0147301615306724,0.00975208121909657,0.00975208121909657,4.53378501169662e-05,5.36167014426603e-05,1.38558715487148,1.50324908162764e-16,91.1709337443204,3.31511711575249e-07,90.8785549569962
32.16,0.014763753801116,0.00976952158983796,0.00976952158983796,4.5394651733835e-05,5.36355235591923e-05,1.38558701053154,1.15555676109332e-16,91.1720181595654,3.32664927254659e-07,90.8793586082444
32.18,0.0147970409473141,0.0097866218598787,0.0097866218598787,4.54498173523122e-05,5.37772470103892e-05,1.38558686880809,7.51624540813822e-17,91.1731086378976,3.33796876136958e-07,90.880164233377
32.2,0.0148300182104839,0.00980338046298532,0.00980338046298532,4.55033432379443e-05,5.39163320831815e-05,1.38558672972302,7.16645880824876e-17,91.1742051295465,3.34907335944629e-07,90.8809717790021
32.22,0.0148626809093812,0.00981979658748277,0.00981979658748277,4.55552257736945e-05,5.40527570689342e-05,1.38558659329803,2.07703709052761e-16,91.1753075850935,3.35996085364486e-07,90.8817811932554
32.24,0.0148950244396126,0.00983586783510104,0.00983586783510104,4.56054614587497e-05,5.41865004470843e-05,1.38558645955466,1.61046131851761e-16,91.1764159554751,3.37062899226032e-07,90.8825924258071
32.26,0.0149270442729172,0.00985159263806426,0.00985159263806426,4.56540469070459e-05,5.43175408909136e-05,1.38558632851421,2.11380166311279e-16,91.1775301919854,3.38107565859355e-07,90.8834054278684
32.28,0.0149587359564759,0.00986697006708934,0.00986697006708934,4.57009788487577e-05,5.44458572759865e-05,1.38558620019783,3.46667028327996e-16,91.1786502462797,3.39129864433433e-07,90.8842201521976
32.3,0.0149900951122143,0.00988199790813266,0.00988199790813266,4.5746254127767e-05,5.45714286799281e-05,1.38558607462642,3.58322940412438e-17,91.1797760703772,3.40129575563733e-07,90.8850365531063
32.32,0.0150211174361545,0.00989667432880496,0.00989667432880496,4.57898697034565e-05,5.46942343904178e-05,1.38558595182071,2.6233546591995e-16,91.1809076166636,3.41106489026835e-07,90.885854586465
32.34,0.0150517986977183,0.0099109987206268,0.0099109987206268,4.58318226487231e-05,5.4814253911406e-05,1.38558583180119,2.50826058288707e-16,91.182044837894,3.4206039074201e-07,90.8866742097086
32.36,0.0150821347390879,0.00992496853167238,0.00992496853167238,4.58721101492069e-05,5.49314669637813e-05,1.38558571458814,2.3605841026662e-16,91.1831876871958,3.4299106807502e-07,90.8874953818415
32.38,0.0151121214745785,0.00993858236008856,0.00993858236008856,4.59107295041847e-05,5.50458534935849e-05,1.38558560020161,9.74743781324629e-17,91.1843361180711,3.43898309355954e-07,90.8883180634428
32.4,0.0151417548899713,0.00995183884683771,0.00995183884683771,4.59476781251441e-05,5.51573936757865e-05,1.38558548866143,7.34343505744026e-17,91.1854900843994,3.44781913522505e-07,90.8891422166708
32.42,0.0151710310419215,0.00996473616286252,0.00996473616286252,4.59829535362525e-05,5.52660679193906e-05,1.38558537998718,2.59382252137511e-16,91.1866495404398,3.45641672279908e-07,90.8899678052674
32.44,0.0151999460573326,0.00997727263255276,0.00997727263255276,4.60165533732975e-05,5.53718568714334e-05,1.38558527419823,3.58322940412438e-17,91.1878144408337,3.46477378297728e-07,90.8907947945624
32.46,0.0152284961327625,0.00998944665918095,0.00998944665918095,4.60484753831565e-05,5.54747414223122e-05,1.38558517131368,3.92523114670944e-17,91.1889847406073,3.47288830031494e-07,90.8916231514772
32.48,0.0152566775338232,0.0100012565780631,0.0100012565780631,4.60787174242027e-05,5.55747027106701e-05,1.38558507135239,3.58322940412438e-17,91.1901603951734,3.48075832687028e-07,90.8924528445286
32.5,0.0152844865946187,0.0100127004743667,0.0100127004743667,4.61072774646982e-05,5.56717221265046e-05,1.38558497433298,3.76494945393561e-16,91.1913413603339,3.48838184237698e-07,90.8932838438321
32.52,0.0153119197171683,0.0100237774564873,0.0100237774564873,4.6134153584081e-05,5.57657813180512e-05,1.38558488027378,1.58636328142894e-16,91.1925275922817,3.49575689889326e-07,90.8941161211048
32.54,0.0153389733708409,0.0100344852526883,0.0100344852526883,4.61593439710279e-05,5.58568621940037e-05,1.38558478919291,1.82005480806102e-16,91.1937190476034,3.50288155812063e-07,90.8949496496686
32.56,0.0153656440918373,0.0100448215966636,0.0100448215966636,4.61828469247722e-05,5.59449469301754e-05,1.38558470110817,1.71096858985447e-16,91.1949156832802,3.50975397819336e-07,90.8957844044522
32.58,0.0153919284826179,0.0100547868002729,0.0100547868002729,4.62046608526156e-05,5.60300179714979e-05,1.38558461603713,8.1710202181505e-17,91.1961174566909,3.51637218706149e-07,90.8966203619938
32.6,0.0154178232114086,0.0100643770409522,0.0100643770409522,4.62247842709339e-05,5.61120580377938e-05,1.38558453399706,1.68068356681677e-16,91.1973243256129,3.52273439107568e-07,90.8974575004429
32.62,0.0154433250116733,0.0100735920509479,0.0100735920509479,4.62432158057699e-05,5.61910501297724e-05,1.38558445500497,4.53246651836839e-17,91.1985362482246,3.52883868086728e-07,90.8982957995622
32.64,0.0154684306816167,0.0100824298587801,0.0100824298587801,4.62599541905934e-05,5.62669775290292e-05,1.38558437907757,1.41526221675092e-16,91.1997531831065,3.53468337368462e-07,90.8991352407286
32.66,0.0154931370836819,0.0100908882410136,0.0100908882410136,4.62749982674695e-05,5.63398238064838e-05,1.3855843062313,1.50324908162764e-16,91.2009750892433,3.54026658426723e-07,90.8999758069348
32.68,0.0155174411440844,0.0100989666713496,0.0100989666713496,4.62883469850977e-05,5.64095728234904e-05,1.38558423648228,1.7627157958516e-16,91.2022019260251,3.54558660093362e-07,90.90081748279
32.7,0.0155413398523331,0.0101066624186503,0.0101066624186503,4.62999994012688e-05,5.64762087382764e-05,1.38558416984636,6.60714855840077e-17,91.2034336532491,3.55064172164559e-07,90.9016602545204
32.72,0.0155648302607603,0.0101139742303594,0.0101139742303594,4.63099546794065e-05,5.65397160070535e-05,1.3855841063391,9.87828175927473e-17,91.2046702311208,3.55543023954327e-07,90.9025041099698
32.74,0.0155879094840994,0.0101209008139415,0.0101209008139415,4.63182120910006e-05,5.66000793917887e-05,1.38558404597571,2.63312510143253e-16,91.2059116202555,3.5599504815183e-07,90.9033490385993
32.76,0.0156105746990093,0.0101274400448026,0.0101274400448026,4.6324771013876e-05,5.66572839617585e-05,1.38558398877114,4.80740671595891e-17,91.2071577816792,3.56420085643013e-07,90.9041950314872
32.78,0.0156328231436736,0.010133590658726,0.010133590658726,4.63296309313745e-05,5.67113150951037e-05,1.38558393474001,1.72591183069093e-16,91.2084086768302,3.56817970081367e-07,90.9050420813287
32.8,0.015654652117368,0.0101393505951177,0.0101393505951177,4.63327914350571e-05,5.67621584892652e-05,1.38558388389661,1.02608074873846e-16,91.2096642675598,3.57188549585297e-07,90.9058901824347
32.82,0.0156760589800565,0.0101447183997645,0.0101447183997645,4.63342522203375e-05,5.68098001569872e-05,1.38558383625495,8.62955915345466e-17,91.2109245161334,3.57531674201861e-07,90.9067393307309
32.84,0.0156970411519823,0.0101496927557364,0.0101496927557364,4.63340130896043e-05,5.6854226435199e-05,1.38558379182867,1.37849587538812e-16,91.2121893852317,3.57847187227828e-07,90.9075895237565
32.86,0.0157175961132937,0.0101542719441234,0.0101542719441234,4.63320739507519e-05,5.68954239859032e-05,1.38558375063112,3.92523114670944e-17,91.2134588379512,3.58134945942714e-07,90.9084407606624
32.88,0.0157377214036573,0.0101584543107659,0.0101584543107659,4.63284348162511e-05,5.69333798010607e-05,1.3855837126753,7.16645880824876e-17,91.2147328378049,3.58394810036855e-07,90.9092930422094
32.9,0.0157574146218782,0.0101622382295991,0.0101622382295991,4.63230958046139e-05,5.69680812054774e-05,1.3855836779739,7.34343505744026e-17,91.2160113487236,3.58626638236262e-07,90.910146370766
32.92,0.015776673425568,0.0101656221736655,0.0101656221736655,4.63160571391491e-05,5.69995158601344e-05,1.38558364653924,2.2662332591842e-16,91.2172943350556,3.58830294570745e-07,90.9110007503054
32.94,0.015795495530757,0.0101686041050133,0.0101686041050133,4.6307319147593e-05,5.70276717644091e-05,1.38558361838334,1.07496882123731e-16,91.2185817615683,3.59005649338246e-07,90.9118561864037
32.96,0.0158138787115938,0.0101711833022302,0.0101711833022302,4.62968822627642e-05,5.70525372609598e-05,1.38558359351784,2.29997556086659e-16,91.2198735934476,3.59152574765362e-07,90.9127126862357
32.98,0.0158318207999781,0.0101733573847197,0.0101733573847197,4.62847470217955e-05,5.70741010388343e-05,1.38558357195406,1.89606677876145e-16,91.2211697962991,3.59270945971672e-07,90.9135702585726
33,0.0158493196852569,0.0101751256808611,0.0101751256808611,4.62709140666549e-05,5.7092352134136e-05,1.38558355370297,3.20493781063927e-17,91.222470336148,3.5936064482705e-07,90.9144289137774
33.02,0.0158663733139148,0.0101764858235499,0.0101764858235499,4.62553841434572e-05,5.71072799360195e-05,1.38558353877517,4.04444866382662e-16,91.2237751794393,3.59421555612188e-07,90.9152886638017
33.04,0.0158829796892619,0.0101774364007403,0.0101774364007403,4.62381581017496e-05,5.71188741851358e-05,1.38558352718092,3.15649767605859e-16,91.2250842930383,3.59453568393744e-07,90.9161495221811
33.06,0.0158991368711451,0.0101779764887217,0.0101779764887217,4.62192368958595e-05,5.71271249816263e-05,1.38558351893012,2.59382252137511e-16,91.2263976442302,3.59456573720543e-07,90.9170115040308
33.08,0.01591484297565,0.0101781044698313,0.0101781044698313,4.6198621583964e-05,5.71320227835681e-05,1.38558351403232,3.36136713363354e-16,91.2277152007205,3.594304741955e-07,90.917874626041
33.1,0.0159300961748521,0.0101778178529358,0.0101778178529358,4.61763133279938e-05,5.71335584116373e-05,1.38558351249669,4.63886378817989e-16,91.2290369306346,3.59375164706915e-07,90.9187389064715
33.12,0.0159448946965111,0.0101771170327526,0.0101771170327526,4.61523133934619e-05,5.71317230524393e-05,1.38558351433205,1.20983749228328e-16,91.230362802518,3.59290557983146e-07,90.9196043651466
33.14,0.015959236823853,0.0101759983779084,0.0101759983779084,4.61266231508232e-05,5.71265082578432e-05,1.38558351954684,1.76998475780723e-16,91.2316927853356,3.5917656289524e-07,90.9204710234496
33.16,0.0159731208952837,0.0101744621804422,0.0101744621804422,4.60992440730068e-05,5.71179059498661e-05,1.38558352814915,6.60714855840077e-17,91.2330268484717,3.5903309361805e-07,90.9213389043165
33.18,0.0159865453041628,0.0101725059581708,0.0101725059581708,4.60701777372584e-05,5.71059084211178e-05,1.38558354014668,1.12172823372375e-16,91.2343649617296,3.58860073005373e-07,90.92220803223
33.2,0.0159995084985864,0.0101701287519836,0.0101701287519836,4.60394258239444e-05,5.70905083379092e-05,1.38558355554676,1.02608074873846e-16,91.2357070953311,3.58657423428846e-07,90.9230784332133
33.22,0.0160120089811287,0.0101673288685724,0.0101673288685724,4.60069901172733e-05,5.70716987426945e-05,1.38558357435636,1.11022302462516e-16,91.2370532199156,3.58425077385546e-07,90.923950134823
33.24,0.0160240453086538,0.010164105133901,0.010164105133901,4.59728725052449e-05,5.70494730538496e-05,1.38558359658205,3.45554129698964e-16,91.2384033065401,3.58162969301203e-07,90.9248231661421
33.26,0.0160356160920956,0.0101604561760133,0.0101604561760133,4.59370749801252e-05,5.70238250705568e-05,1.38558362223003,4.53529842524786e-16,91.239757326678,3.5787104131617e-07,90.9256975577729
33.28,0.0160467199962625,0.0101563807112285,0.0101563807112285,4.58995996371323e-05,5.69947489728051e-05,1.38558365130613,7.16645880824876e-17,91.2411152522186,3.57549232195654e-07,90.9265733418292
33.3,0.0160573557396337,0.0101518772565511,0.0101518772565511,4.58604486753824e-05,5.69622393213898e-05,1.38558368381578,2.36601698465703e-16,91.2424770554659,3.5719749950925e-07,90.9274505519285
33.32,0.0160675220942036,0.0101469446674263,0.0101469446674263,4.58196243981188e-05,5.69262910630197e-05,1.38558371976404,1.50324908162764e-16,91.2438427091381,3.56815794558424e-07,90.9283292231841
33.34,0.0160772178852733,0.010141581598943,0.010141581598943,4.5777129211957e-05,5.6886899528763e-05,1.38558375915557,9.20548301573787e-17,91.2452121863661,3.56404083109556e-07,90.9292093921963
33.36,0.0160864419912983,0.0101357863609431,0.0101357863609431,4.57329656281861e-05,5.68440604362674e-05,1.38558380199467,1.02608074873846e-16,91.2465854606931,3.55962325143061e-07,90.9300910970439
33.38,0.0160951933437448,0.0101295581756987,0.0101295581756987,4.56871362615559e-05,5.67977698910926e-05,1.38558384828521,1.9560625815268e-16,91.2479625060724,3.55490493175614e-07,90.9309743772752
33.4,0.0161034709269049,0.0101228951999722,0.0101228951999722,4.56396438316947e-05,5.67480243891527e-05,1.38558389803071,2.50826058288707e-16,91.2493432968673,3.54988567920673e-07,90.9318592738989
33.42,0.0161112737777811,0.0101157974753443,0.0101157974753443,4.55904911621523e-05,5.66948208147178e-05,1.38558395123429,1.02608074873846e-16,91.2507278078489,3.54456528645207e-07,90.9327458293743
33.44,0.0161186009859372,0.0101082623553179,0.0101082623553179,4.55396811818235e-05,5.66381564452989e-05,1.38558400789866,3.58322940412438e-17,91.2521160141952,3.53894365223787e-07,90.9336340876018
33.46,0.0161254516933756,0.010100289257893,0.010100289257893,4.54872169224914e-05,5.65780289472073e-05,1.38558406802616,3.70998373795458e-16,91.2535078914893,3.53302074763442e-07,90.9345240939129
33.48,0.0161318250944063,0.0100918770005377,0.0100918770005377,4.5433101522286e-05,5.65144363804393e-05,1.38558413161872,2.2662332591842e-17,91.2549034157182,3.52679650996056e-07,90.9354158950593
33.5,0.0161377204355497,0.0100830245563726,0.0100830245563726,4.53773382240598e-05,5.64473771997864e-05,1.3855841986779,1.40616075760831e-16,91.2563025632707,3.52027101154099e-07,90.9363095392031
33.52,0.0161431370154233,0.0100737306563961,0.0100737306563961,4.53199303760941e-05,5.6376850251505e-05,1.38558426920485,6.60714855840077e-17,91.2577053109363,3.51344439702497e-07,90.9372050759054
33.54,0.0161480741846341,0.0100639945483725,0.0100639945483725,4.52608814310059e-05,5.63028547755362e-05,1.38558434320033,1.86878381998084e-16,91.259111635903,3.50631682070504e-07,90.9381025561156
33.56,0.0161525313457166,0.0100538145125832,0.0100538145125832,4.5200194949149e-05,5.62253904092813e-05,1.38558442066469,2.13194621619634e-16,91.2605215157553,3.49888849473343e-07,90.9390020321596
33.58,0.0161565079530142,0.0100431899611829,0.0100431899611829,4.51378745952341e-05,5.61444571822722e-05,1.38558450159792,3.92523114670944e-17,91.261934928473,3.49115971323017e-07,90.9399035577284
33.6,0.0161600035126322,0.0100321200994805,0.0100321200994805,4.50739241409466e-05,5.60600555186141e-05,1.38558458599958,7.16645880824876e-17,91.2633518524283,3.4831308667481e-07,90.9408071878661
33.62,0.016163017582357,0.0100206035607745,0.0100206035607745,4.50083474650078e-05,5.59721862374296e-05,1.38558467386886,1.50324908162764e-16,91.2647722663845,3.47480231208856e-07,90.941712978958
33.64,0.0161655497716021,0.0100086390216352,0.0100086390216352,4.49411485521061e-05,5.58808505533026e-05,1.38558476520455,3.19691542556492e-16,91.2661961494934,3.46617459891843e-07,90.9426209887178
33.66,0.0161675997413436,0.0099962259672268,0.0099962259672268,4.48723314949336e-05,5.5786050073614e-05,1.38558486000503,2.80317572997126e-16,91.2676234812931,3.45724819975838e-07,90.9435312761752
33.68,0.0161691672040907,0.00998336374673458,0.00998336374673458,4.48019004938241e-05,5.56877868009842e-05,1.3855849582683,1.20983749228328e-16,91.269054241706,3.44802373659987e-07,90.944443901663
33.7,0.0161702519238399,0.00997005127977753,0.00997005127977753,4.47298598572195e-05,5.55860631319405e-05,1.38558505999197,1.32142971168015e-16,91.2704884110362,3.43850188447236e-07,90.9453589268036
33.72,0.0161708537160345,0.00995628730939096,0.00995628730939096,4.46562140013095e-05,5.54808818540309e-05,1.38558516517325,2.97213705576579e-16,91.2719259699672,3.42868334733515e-07,90.946276414496
33.74,0.0161709724475685,0.00994207142672139,0.00994207142672139,4.45809674513241e-05,5.53722461495987e-05,1.38558527380895,1.22040395921165e-16,91.2733668995592,3.41856891593703e-07,90.947196428902
33.76,0.0161706080367355,0.00992740264491325,0.00992740264491325,4.45041248432824e-05,5.52601595924518e-05,1.38558538589551,3.58322940412438e-17,91.2748111812467,3.40815947263791e-07,90.9481190354319
33.78,0.0161697604532478,0.00991228016666265,0.00991228016666265,4.44256909211659e-05,5.51446261465305e-05,1.38558550142896,5.7777838054666e-17,91.2762587968359,3.39745591426261e-07,90.9490443007311
33.8,0.0161684297182225,0.00989670316429571,0.00989670316429571,4.43456705396737e-05,5.50256501665736e-05,1.38558562040494,3.70998373795458e-16,91.277709728502,3.38645922442545e-07,90.9499722926649
33.82,0.0161666159041924,0.00988067118490876,0.00988067118490876,4.42640686648693e-05,5.49032363972302e-05,1.38558574281871,3.22092263703522e-16,91.2791639587861,3.3751704590653e-07,90.9509030803044
33.84,0.0161643191351098,0.00986418345110121,0.00986418345110121,4.41808903743886e-05,5.47773899703952e-05,1.38558586866513,2.43026442240089e-16,91.2806214705927,3.36359070305088e-07,90.9518367339114
33.86,0.0161615395863821,0.00984723919108126,0.00984723919108126,4.40961408563364e-05,5.4648116403655e-05,1.3855859979387,1.60246890531964e-17,91.2820822471866,3.35172119554331e-07,90.9527733249235
33.88,0.0161582774848921,0.00982983771250953,0.00982983771250953,4.40098254121525e-05,5.45154216013977e-05,1.3855861306335,1.45109731095588e-16,91.2835462721903,3.33956314195225e-07,90.9537129259382
33.9,0.0161545331090237,0.00981197858858716,0.00981197858858716,4.39219494570762e-05,5.43793118534808e-05,1.38558626674325,3.61533463954695e-16,91.2850135295801,3.32711784412013e-07,90.9546556106982
33.92,0.0161503067887335,0.00979366076707124,0.00979366076707124,4.38325185189701e-05,5.42397938303463e-05,1.38558640626127,5.7777838054666e-17,91.2864840036839,3.31438670032212e-07,90.9556014540747
33.94,0.0161455989055623,0.00977488483850374,0.00977488483850374,4.3741538240698e-05,5.4096874584797e-05,1.38558654918052,4.0729199093102e-16,91.2879576791776,3.3013711715147e-07,90.9565505320519
33.96,0.0161404098927329,0.00975564879294624,0.00975564879294624,4.36490143795204e-05,5.39505615488878e-05,1.38558669549355,1.64204199767915e-16,91.2894345410818,3.28807274758417e-07,90.9575029217108
33.98,0.0161347402351818,0.00973595304767096,0.00973595304767096,4.35549528097616e-05,5.38008625317055e-05,1.38558684519257,3.20493781063927e-17,91.2909145747585,3.27449300520632e-07,90.9584587012121
34,0.0161285904696468,0.00971579728281597,0.00971579728281597,4.34593595211958e-05,5.36477857195905e-05,1.38558699826938,2.15590141992961e-16,91.292397765908,3.26063358373824e-07,90.9594179497803
34.02,0.0161219611847612,0.00969518077207713,0.00969518077207713,4.33622406209551e-05,5.34913396716963e-05,1.38558715471543,6.60714855840077e-17,91.293884100565,3.24649622861302e-07,90.9603807476864
34.04,0.0161148530211101,0.0096741031316136,0.0096741031316136,4.32636023350291e-05,5.33315333204332e-05,1.38558731452178,2.72419713904338e-16,91.2953735650956,3.23208270937199e-07,90.9613471762305
34.06,0.0161072666713565,0.00965256368163018,0.00965256368163018,4.31634510074868e-05,5.31683759654733e-05,1.38558747767914,8.1710202181505e-17,91.2968661461934,3.21739486305936e-07,90.9623173177251
34.08,0.0160992028803199,0.00963056299444118,0.00963056299444118,4.30617931026169e-05,5.30018772766372e-05,1.38558764417783,1.72591183069093e-16,91.2983618308759,3.20243459904395e-07,90.9632912554768
34.1,0.0160906624451149,0.00960809987413483,0.00960809987413483,4.29586352055213e-05,5.28320472881205e-05,1.38558781400781,1.85499186897729e-16,91.2998606064808,3.18720393277059e-07,90.9642690737693
34.12,0.0160816462152365,0.00958517479586895,0.00958517479586895,4.28539840227704e-05,5.26588963987162e-05,1.3855879871587,3.44064665310174e-16,91.3013624606625,3.17170489897067e-07,90.9652508578448
34.14,0.0160721550927225,0.00956178657145117,0.00956178657145117,4.27478463829988e-05,5.2482435364487e-05,1.38558816361974,1.79161470206219e-16,91.3028673813881,3.15593960470014e-07,90.9662366938862
34.16,0.0160621900322561,0.00953793614998415,0.00953793614998415,4.26402292390152e-05,5.23026753003197e-05,1.3855883433798,1.32142971168015e-16,91.3043753569333,3.13991026791262e-07,90.9672266689986
34.18,0.0160517520413227,0.00951362262207231,0.00951362262207231,4.25311396678021e-05,5.21196276797031e-05,1.38558852642742,9.06493303673679e-17,91.3058863758791,3.1236191258483e-07,90.9682208711909
34.2,0.0160408421803729,0.0094888466913133,0.0094888466913133,4.24205848720087e-05,5.19333043254022e-05,1.38558871275078,1.41526221675092e-16,91.3074004271071,3.10706848807191e-07,90.9692193893569
34.22,0.0160294615629519,0.00946360676711366,0.00946360676711366,4.23085721816809e-05,5.17437174105684e-05,1.38558890233769,1.47740333140239e-16,91.308917499796,3.09026075093767e-07,90.970222313256
34.24,0.0160176113558914,0.009437904610512,0.009437904610512,4.21951090535441e-05,5.15508794565189e-05,1.38558909517565,1.50324908162764e-16,91.3104375834172,3.07319838312437e-07,90.9712297334951
34.26,0.0160052927794716,0.00941173910661957,0.00941173910661957,4.20802030736803e-05,5.13548033280742e-05,1.38558929125177,9.20548301573787e-17,91.3119606677307,3.05588390152719e-07,90.9722417415081
34.28,0.0159925071076104,0.00938511088481221,0.00938511088481221,4.19638619589755e-05,5.1155502231337e-05,1.38558949055287,5.7777838054666e-17,91.3134867427813,3.03831989536583e-07,90.9732584295373
34.3,0.0159792556680462,0.00935801922768453,0.00935801922768453,4.18460935571962e-05,5.09529897099181e-05,1.38558969306539,3.2840839953583e-16,91.3150157988934,3.02050899725479e-07,90.974279890613
34.32,0.0159655398425409,0.00933046466861623,0.00933046466861623,4.17269058481584e-05,5.07472796416053e-05,1.38558989877546,1.32142971168015e-16,91.3165478266677,3.00245398927929e-07,90.9753062185345
34.34,0.0159513610671032,0.00930244787404694,0.00930244787404694,4.16063069466824e-05,5.05383862383635e-05,1.38559010766886,3.54721613428474e-16,91.3180828169764,2.98415762459475e-07,90.9763375078491
34.36,0.0159367208321741,0.00927396838819308,0.00927396838819308,4.14843051026226e-05,5.03263240392293e-05,1.38559031973106,2.2662332591842e-17,91.3196207609586,2.9656227624326e-07,90.9773738538327
34.38,0.0159216206828875,0.00924502627157261,0.00924502627157261,4.13609087022601e-05,5.01111079080907e-05,1.38559053494719,6.79869977755259e-17,91.3211616500162,2.9468523295272e-07,90.9784153524691
34.4,0.0159060622192714,0.00921562195081878,0.00921562195081878,4.1236126269374e-05,4.98927530285798e-05,1.38559075330207,1.9560625815268e-16,91.322705475809,2.92784929600767e-07,90.9794621004294
34.42,0.0158900470965134,0.00918575666111132,0.00918575666111132,4.11099664702204e-05,4.96712749080697e-05,1.38559097478019,1.40616075760831e-16,91.3242522302506,2.90861671879258e-07,90.9805141950515
34.44,0.0158735770252042,0.00915542947413894,0.00915542947413894,4.09824381086961e-05,4.94466893616874e-05,1.38559119936574,1.30185189290517e-16,91.3258019055034,2.88915773194671e-07,90.9815717343194
34.46,0.0158566537715994,0.00912464129645762,0.00912464129645762,4.0853550133857e-05,4.92190125207514e-05,1.38559142704258,1.40616075760831e-16,91.3273544939739,2.8694755032863e-07,90.9826348168417
34.48,0.0158392791578825,0.00909339209493521,0.00909339209493521,4.07233116381351e-05,4.89882608216696e-05,1.38559165779428,1.9560625815268e-16,91.3289099883086,2.84957326330887e-07,90.9837035418309
34.5,0.0158214550624558,0.00906168297223326,0.00906168297223326,4.0591731860362e-05,4.87544510043847e-05,1.3855918916041,1.40616075760831e-16,91.3304683813885,2.82945436305291e-07,90.9847780090818
34.52,0.0158031834202231,0.0090295142092006,0.0090295142092006,4.04588201874603e-05,4.85176001110421e-05,1.38559212845499,1.71096858985447e-16,91.3320296663245,2.80912212944868e-07,90.9858583189506
34.54,0.0157844662228765,0.00899688614175696,0.00899688614175696,4.0324586155005e-05,4.82777254766642e-05,1.38559236832963,6.60714855840077e-17,91.333593836453,2.78858001478903e-07,90.9869445723327
34.56,0.0157653055192287,0.00896379964996877,0.00896379964996877,4.01890394510865e-05,4.80348447309265e-05,1.38559261121037,3.58322940412438e-17,91.3351608853305,2.76783152440483e-07,90.9880368706412
34.58,0.0157457034154991,0.00893025465838477,0.00893025465838477,4.00521899161785e-05,4.77889757901639e-05,1.38559285707931,3.20493781063927e-17,91.3367308067289,2.74688020220003e-07,90.9891353157852
34.6,0.0157256620756624,0.00889625282213944,0.00889625282213944,3.99140475468627e-05,4.75401368560391e-05,1.38559310591825,1.25156822484232e-16,91.3383035946303,2.72572967886807e-07,90.9902400101478
34.62,0.015705183721775,0.00886179402358372,0.00886179402358372,3.97746224963551e-05,4.72883464111007e-05,1.38559335770869,1.01349032408135e-16,91.3398792432226,2.70438360921057e-07,90.9913510565636
34.64,0.0156842706343243,0.00882687931098344,0.00882687931098344,3.96339250771048e-05,4.70336232123447e-05,1.38559361243189,4.80740671595891e-17,91.3414577468937,2.6828457203537e-07,90.9924685582971
34.66,0.0156629251525761,0.00879150942948031,0.00879150942948031,3.94919657636217e-05,4.67759862909922e-05,1.38559387006881,3.58322940412438e-17,91.3430391002269,2.6611198503213e-07,90.9935926190199
34.68,0.0156411496749533,0.00875568469055778,0.00875568469055778,3.93487551938785e-05,4.65154549453839e-05,1.38559413060016,3.58322940412438e-17,91.3446232979954,2.63920986124539e-07,90.9947233427884
34.7,0.0156189466594041,0.00871940713696957,0.00871940713696957,3.92043041705078e-05,4.62520487363172e-05,1.38559439400637,9.61481343191782e-17,91.3462103351577,2.61711961525799e-07,90.9958608340212
34.72,0.0155963186237828,0.00868267659179486,0.00868267659179486,3.90586236661879e-05,4.5985787485936e-05,1.38559466026762,1.44222201478767e-16,91.3478002068518,2.59485312396186e-07,90.9970051974761
34.74,0.015573268146266,0.00864549427940101,0.00864549427940101,3.89117248231049e-05,4.57166912721796e-05,1.38559492936383,1.51176614174929e-16,91.3493929083904,2.57241439895979e-07,90.9981565382281
34.76,0.0155497978657325,0.00860786116234665,0.00860786116234665,3.8763618957177e-05,4.54447804241198e-05,1.38559520127468,2.72419713904338e-16,91.3509884352554,2.54980750489254e-07,90.9993149616457
34.78,0.0155259104822042,0.00856977823391264,0.00856977823391264,3.86143175588716e-05,4.51700755166318e-05,1.38559547597959,2.10161826674781e-16,91.3525867830926,2.52703661729856e-07,91.000480573368
34.8,0.0155016087572647,0.00853124656202505,0.00853124656202505,3.84638322976808e-05,4.48925973679515e-05,1.38559575345773,2.33872637178011e-16,91.3541879477067,2.50410589242972e-07,91.0016534792823
34.82,0.015476895514494,0.00849226754899731,0.00849226754899731,3.83121750234272e-05,4.47333225570556e-05,1.38559603368807,1.93627054542329e-16,91.3557919250554,2.4810196167221e-07,91.0028337854999
34.84,0.0154517736399298,0.00845284130143277,0.00845284130143277,3.81593577703722e-05,4.47510080601177e-05,1.3855963166493,2.2662332591842e-16,91.3573987112445,2.45778204768197e-07,91.0040215983337
34.86,0.0154262460825212,0.00841297015265048,0.00841297015265048,3.80053927583701e-05,4.47659746611873e-05,1.38559660231991,1.20983749228328e-16,91.359008302522,2.43439752960505e-07,91.0052170242742
34.88,0.015400315854606,0.00837265488568128,0.00837265488568128,3.78502923972259e-05,4.47782262480434e-05,1.38559689067816,2.96348452778242e-16,91.3606206952733,2.41087051768471e-07,91.0064201699665
34.9,0.0153739860323803,0.00833189684001505,0.00833189684001505,3.76940692897973e-05,4.4787767046417e-05,1.38559718170207,2.43026442240089e-16,91.3622358860152,2.38720542371959e-07,91.0076311421866
34.92,0.0153472597564216,0.00829069722247536,0.00829069722247536,3.75367362328232e-05,4.47946016135514e-05,1.38559747536947,2.36601698465703e-16,91.3638538713903,2.3634067221896e-07,91.0088500478176
34.94,0.0153201402321594,0.00824905714877153,0.00824905714877153,3.73783062237075e-05,4.47987348457524e-05,1.38559777165797,7.51624540813822e-17,91.3654746481621,2.33947902258051e-07,91.0100769938265
34.96,0.0152926307304289,0.00820697804149343,0.00820697804149343,3.72187924602455e-05,4.48001719663971e-05,1.38559807054496,1.17756934401283e-16,91.367098213209,2.31542683312366e-07,91.0113120872401
34.98,0.0152647345879694,0.00816446181726461,0.00816446181726461,3.70582083470038e-05,4.47989185323738e-05,1.38559837200765,2.17959335568706e-16,91.3687245635186,2.29125488866739e-07,91.0125554351211
35,0.0152364552079814,0.00812150964403286,0.00812150964403286,3.68965674965552e-05,4.47949804276426e-05,1.38559867602304,5.55111512312578e-17,91.3703536961826,2.26696779869741e-07,91.0138071445449
35.02,0.0152077960606808,0.00807812291458499,0.00807812291458499,3.67338837352251e-05,4.47883638665658e-05,1.38559898256794,6.60714855840077e-17,91.3719856083906,2.24257036074332e-07,91.0150673225749
35.04,0.0151787606838558,0.00803430316258415,0.00803430316258415,3.65701711043261e-05,4.47790753848043e-05,1.38559929161895,3.58322940412438e-17,91.373620297425,2.21806729036685e-07,91.0163360762389
35.06,0.015149352683451,0.00799005220407159,0.00799005220407159,3.64054438659624e-05,4.47671218442025e-05,1.38559960315252,2.97213705576579e-16,91.3752577606551,2.19346343331395e-07,91.0176135125051
35.08,0.0151195757341416,0.00794537113707165,0.00794537113707165,3.62397165069758e-05,4.47525104276814e-05,1.3855999171449,2.50826058288707e-16,91.3768979955313,2.16876363533056e-07,91.0188997382582
35.1,0.015089433579958,0.0079002622135452,0.0079002622135452,3.6073003740523e-05,4.47352486363517e-05,1.38560023357217,1.86878381998084e-16,91.3785409995797,2.14397279037896e-07,91.0201948602747
35.12,0.015058930034868,0.00785472715661318,0.00785472715661318,3.59053205140051e-05,4.47153442901804e-05,1.38560055241024,3.80902510463205e-16,91.3801867703961,2.11909584063782e-07,91.0214989851996
35.14,0.0150280689834322,0.00780876761296252,0.00780876761296252,3.57366820095041e-05,4.46928055242157e-05,1.38560087363484,1.73333514163998e-16,91.3818353056406,2.09413776685889e-07,91.0228122195215
35.16,0.0149968543814128,0.00776238529236454,0.00776238529236454,3.55671036526987e-05,4.46676407885871e-05,1.38560119722156,2.40903899907969e-16,91.3834866030316,2.06910359318866e-07,91.0241346695488
35.18,0.0149652902564349,0.00771558197049262,0.00771558197049262,3.53966011117012e-05,4.46398588405117e-05,1.38560152314583,1.82005480806102e-16,91.3851406603402,2.04399831484377e-07,91.0254664413855
35.2,0.0149333807086572,0.00766835920672172,0.00766835920672172,3.5225190307976e-05,4.46094687498455e-05,1.3856018513829,2.78017964230265e-16,91.3867974753843,2.01882708133325e-07,91.0268076409066
35.22,0.0149011299114199,0.00762071986876253,0.00762071986876253,3.50528874168588e-05,4.45764798919779e-05,1.3856021819079,1.29195173483207e-16,91.388457046023,1.99359495537665e-07,91.0281583737342
35.24,0.0148685421119506,0.00757266562419965,0.00757266562419965,3.48797088730048e-05,4.4540901944945e-05,1.38560251469581,2.33872637178011e-16,91.3901193701509,1.96830708166133e-07,91.0295187452131
35.26,0.0148356216320514,0.00752419782376273,0.00752419782376273,3.47056713782404e-05,4.45027448914281e-05,1.38560284972147,4.81807799815938e-16,91.391784445692,1.94296864826941e-07,91.0308888603864
35.28,0.0148023728688118,0.00747531890580758,0.00747531890580758,3.45307919035384e-05,4.44620190098721e-05,1.38560318695959,1.5782488380293e-16,91.3934522705941,1.9175848722128e-07,91.0322688239715
35.3,0.014768800295321,0.0074260314024955,0.0074260314024955,3.43550876970996e-05,4.4418734878704e-05,1.38560352638473,5.46016442418307e-16,91.395122842823,1.89216100425485e-07,91.0336587403353
35.32,0.0147349084614053,0.00737633670905841,0.00737633670905841,3.41785762871537e-05,4.43729033681173e-05,1.38560386797134,1.46868701148805e-16,91.3967961603568,1.86670226622909e-07,91.0350587134704
35.34,0.0147007019943819,0.00732623788196213,0.00732623788196213,3.40012754912759e-05,4.43245356418487e-05,1.38560421169375,1.50324908162764e-16,91.3984722211799,1.84121400533162e-07,91.0364688469706
35.36,0.01466618559979,0.00727573654147064,0.00727573654147064,3.38232034201157e-05,4.42736431527369e-05,1.38560455752618,7.16645880824876e-17,91.4001510232772,1.81570145786085e-07,91.0378892440066
35.38,0.0146313640621879,0.00722483524417017,0.00722483524417017,3.36443784836349e-05,4.4220237639836e-05,1.38560490544271,2.50826058288707e-16,91.4018325646285,1.79017003851577e-07,91.0393200073015
35.4,0.0145962422458989,0.00717353609476435,0.00717353609476435,3.34648193981472e-05,4.4164331125085e-05,1.38560525541733,7.34343505744026e-17,91.4035168432023,1.76462505109769e-07,91.0407612391072
35.42,0.0145608250958271,0.00712184165226664,0.00712184165226664,3.32845451918147e-05,4.41059359115314e-05,1.38560560742393,9.34391909990421e-17,91.4052038569506,1.73907192959213e-07,91.0422130411793
35.44,0.0145251176382422,0.00706975422618025,0.00706975422618025,3.31035752124477e-05,4.40450645802226e-05,1.38560596143629,2.2662332591842e-17,91.4068936038024,1.71351603083839e-07,91.0436755147537
35.46,0.0144891249815967,0.00701727628411099,0.00701727628411099,3.29219291342611e-05,4.39817299886514e-05,1.3856063174281,1.25156822484232e-16,91.4085860816585,1.68796278882196e-07,91.0451487605216
35.48,0.0144528523173381,0.00696441004040769,0.00696441004040769,3.27396269644938e-05,4.39159452667592e-05,1.38560667537296,2.72419713904338e-16,91.4102812883851,1.66241762306341e-07,91.0466328786062
35.5,0.0144163049207505,0.00691115902986583,0.00691115902986583,3.25566890513181e-05,4.38477238131618e-05,1.38560703524438,1.35973995551052e-16,91.4119792218087,1.63688605433768e-07,91.0481279685378
35.52,0.0143794881517895,0.00685752523746759,0.00685752523746759,3.2373136089972e-05,4.37770792924841e-05,1.38560739701577,4.16949968597378e-16,91.4136798797094,1.61137347323548e-07,91.0496341292303
35.54,0.0143424074559243,0.00680351075309521,0.00680351075309521,3.21889891332786e-05,4.37040256358046e-05,1.38560776066051,6.79869977755259e-17,91.4153832598162,1.58588538606681e-07,91.0511514589566
35.56,0.0143050683650147,0.00674911955894111,0.00674911955894111,3.20042695966663e-05,4.36285770319955e-05,1.38560812615184,6.79869977755259e-17,91.4170893598003,1.56042728949838e-07,91.0526800553251
35.58,0.0142674764981547,0.00669435336149735,0.00669435336149735,3.18189992686093e-05,4.35507479308317e-05,1.38560849346298,1.61046131851761e-16,91.4187981772697,1.53500470912673e-07,91.0542200152556
35.6,0.0142296375625651,0.00663921473815764,0.00663921473815764,3.16332003181275e-05,4.34705530341084e-05,1.38560886256707,1.25156822484232e-16,91.4205097097636,1.50962313197526e-07,91.0557714349552
35.62,0.0141915573544681,0.00658370817135585,0.00658370817135585,3.14468953027993e-05,4.33880072971959e-05,1.38560923343717,4.54660841394509e-16,91.4222239547463,1.48428804988901e-07,91.0573344098946
35.64,0.0141532417599768,0.00652783482748141,0.00652783482748141,3.12601071794701e-05,4.33031259223782e-05,1.38560960604629,3.1646225226421e-16,91.4239409096018,1.45900504632413e-07,91.0589090347845
35.66,0.0141146967559859,0.00647159815973191,0.00647159815973191,3.10728593113569e-05,4.32159243581864e-05,1.38560998036741,8.1710202181505e-17,91.4256605716277,1.43377962276889e-07,91.0604954035515
35.68,0.0140759284110805,0.00641500207796954,0.00641500207796954,3.08851754807099e-05,4.31264182978452e-05,1.38561035637342,1.9560625815268e-16,91.4273829380298,1.40861735303614e-07,91.0620936093148
35.7,0.0140369428864371,0.00635804810497017,0.00635804810497017,3.069707989432e-05,4.30346236701684e-05,1.38561073403718,7.51624540813822e-17,91.4291080059164,1.38352368075448e-07,91.0637037443624
35.72,0.0139977464367255,0.00630074036042315,0.00630074036042315,3.05085971967684e-05,4.29405566417795e-05,1.38561111333152,1.66533453693773e-16,91.4308357722925,1.3585042520613e-07,91.0653259001278
35.74,0.0139583454110396,0.00624308159519839,0.00624308159519839,3.03197524790832e-05,4.28442336126711e-05,1.3856114942292,1.20983749228328e-16,91.4325662340539,1.33356453469336e-07,91.0669601671664
35.76,0.0139187462537874,0.00618507578119482,0.00618507578119482,3.01305712900941e-05,4.27456712117635e-05,1.38561187670297,9.61481343191782e-17,91.4342993879823,1.30871011210673e-07,91.0686066351321
35.78,0.0138789555056269,0.00612672573206025,0.00612672573206025,2.99410796476095e-05,4.26448862957951e-05,1.38561226072553,7.85046229341888e-17,91.4360352307388,1.2839464954329e-07,91.0702653927545
35.8,0.013838979804373,0.00606803449095035,0.00606803449095035,2.97513040482852e-05,4.25418959437707e-05,1.38561264626957,1.12172823372375e-16,91.4377737588588,1.25927922473316e-07,91.071936527815
35.82,0.0137988258859092,0.00600900540405991,0.00600900540405991,2.95612714785787e-05,4.24367174549634e-05,1.38561303330773,1.17756934401283e-16,91.4395149687464,1.23471382078227e-07,91.0736201271244
35.84,0.013758500585109,0.00594964219873658,0.00594964219873658,2.93710094285616e-05,4.23293683453618e-05,1.38561342181265,1.7627157958516e-16,91.4412588566688,1.2102557754251e-07,91.0753162764997
35.86,0.0137180108367407,0.00588994844779364,0.00588994844779364,2.91805459024103e-05,4.22198663454498e-05,1.38561381175693,9.74743781324629e-17,91.4430054187507,1.1859106094364e-07,91.0770250607411
35.88,0.0136773636763736,0.00582992793877636,0.00582992793877636,2.89899094311146e-05,4.21082293964314e-05,1.38561420311317,1.92962808829802e-16,91.4447546509685,1.16168383394757e-07,91.0787465636093
35.9,0.0136365662412692,0.00576958323431674,0.00576958323431674,2.87991290842267e-05,4.199447564468e-05,1.38561459585396,4.07921986653156e-16,91.4465065491457,1.1375809408035e-07,91.0804808678031
35.92,0.0135956257712896,0.00570891969505004,0.00570891969505004,2.8608234483512e-05,4.1878623442182e-05,1.38561498995186,2.68622737774948e-16,91.4482611089464,1.11360738327593e-07,91.0822280549364
35.94,0.0135545496097575,0.00564794001797173,0.00564794001797173,2.84172558149499e-05,4.17606913392099e-05,1.38561538537945,4.80740671595891e-17,91.4500183258707,1.08976861463661e-07,91.0839882055161
35.96,0.0135133452043497,0.00558664826862615,0.00558664826862615,2.82262238437462e-05,4.16406980863204e-05,1.3856157821093,6.60714855840077e-17,91.4517781952487,1.0660701026222e-07,91.0857613989198
35.98,0.013472020107936,0.00552504811189112,0.00552504811189112,2.80351699266447e-05,4.15186626268049e-05,1.38561618011396,5.18269263585259e-16,91.4535407122355,1.04251727157459e-07,91.0875477133734
36,0.0134305819794293,0.00546314465955917,0.00546314465955917,2.78441260250179e-05,4.13946040938029e-05,1.38561657936601,3.58322940412438e-17,91.4553058718058,1.01911551690584e-07,91.0893472259292
36.02,0.0133890385846267,0.00540094037187423,0.00540094037187423,2.76531247218956e-05,4.12685418089698e-05,1.38561697983802,2.03330509613075e-16,91.4570736687484,9.95870224384739e-08,91.091160012444
36.04,0.0133473977969918,0.00533844077656977,0.00533844077656977,2.74621992332532e-05,4.114049527848e-05,1.38561738150257,3.58322940412438e-17,91.4588440976612,9.72786765315141e-08,91.092986147557
36.06,0.0133056675984669,0.00527564940241022,0.00527564940241022,2.72713834237972e-05,4.10104841874759e-05,1.38561778433227,6.60714855840077e-17,91.4606171529457,9.49870506179258e-08,91.0948257046688
36.08,0.0132638560802182,0.00521257087768162,0.00521257087768162,2.70807118219706e-05,4.08785284000679e-05,1.38561818829972,1.30185189290517e-16,91.4623928288022,9.27126779707827e-08,91.096678755919
36.1,0.0132219714433924,0.00514921007967919,0.00514921007967919,2.68902196347921e-05,4.07446479560036e-05,1.38561859337755,2.81232151521661e-16,91.4641711192241,9.04560793269007e-08,91.0985453721656
36.12,0.0131800219998069,0.00508557093455037,0.00508557093455037,2.66999427626148e-05,4.06088630633406e-05,1.38561899953841,8.01234452659818e-17,91.4659520179931,8.82177922988255e-08,91.1004256229633
36.14,0.0131380161726528,0.00502165788363457,0.00502165788363457,2.65099178149384e-05,4.0471194099112e-05,1.38561940675497,1.9560625815268e-16,91.4677355186741,8.59983361768799e-08,91.1023195765426
36.16,0.0130959624971173,0.0049574762130751,0.0049574762130751,2.63201821256668e-05,4.03316616053306e-05,1.38561981499992,1.01349032408135e-16,91.4695216146102,8.37982307335494e-08,91.1042272997889
36.18,0.0130538696210015,0.00489303069667627,0.00489303069667627,2.61307737691532e-05,4.01902862854353e-05,1.38562022424599,1.97565635185495e-16,91.4713102989172,8.16180000807926e-08,91.1061488582216
36.2,0.0130117463053013,0.00482832662127197,0.00482832662127197,2.59417315743605e-05,4.00470889998505e-05,1.38562063446594,5.55111512312578e-17,91.4731015644795,7.94581533834913e-08,91.1080843159738
36.22,0.012969601424711,0.00476336860010181,0.00476336860010181,2.57530951418288e-05,3.99020907644321e-05,1.38562104563253,3.79551788087166e-16,91.4748954039443,7.73192075211462e-08,91.1100337357714
36.24,0.0129274439681174,0.00469816254592301,0.00469816254592301,2.55649048579673e-05,3.97553127458039e-05,1.38562145771861,1.06295761943136e-16,91.4766918097175,7.52016682834914e-08,91.1119971789132
36.26,0.0128852830390266,0.00463271238241748,0.00463271238241748,2.53772019132509e-05,3.9606776259582e-05,1.38562187069701,3.70305565770177e-16,91.4784907739579,7.31060400137692e-08,91.1139747052506
36.28,0.0128431278559353,0.00456702509155074,0.00456702509155074,2.51900283142616e-05,3.94565027668214e-05,1.38562228454064,3.58322940412438e-17,91.4802922885736,7.10328241622386e-08,91.1159663731679
36.3,0.0128009877526491,0.00450110681004886,0.00450110681004886,2.50034269015325e-05,3.93045138697978e-05,1.38562269922243,3.99333193455369e-16,91.4820963452163,6.89825202505032e-08,91.1179722395622
36.32,0.0127588721785367,0.00443496186606904,0.00443496186606904,2.48174413633014e-05,3.91508313095645e-05,1.38562311471536,8.01234452659818e-17,91.4839029352767,6.69556215320373e-08,91.1199923598243
36.34,0.0127167906987314,0.00436859831815483,0.00436859831815483,2.46321162505643e-05,3.89954769628442e-05,1.38562353099245,1.40616075760831e-16,91.4857120498806,6.49526145100221e-08,91.1220267878188
36.36,0.0126747529942305,0.00430202079084771,0.00430202079084771,2.44474969911164e-05,3.88384728393643e-05,1.38562394802678,2.35513868802566e-16,91.4875236798834,6.29739909914398e-08,91.1240755758652
36.38,0.0126327688619647,0.00423523605979152,0.00423523605979152,2.42636299051028e-05,3.86798410776379e-05,1.38562436579146,1.50324908162764e-16,91.489337815866,6.10202259075409e-08,91.126138774719
36.4,0.0125908482147405,0.00416825235254842,0.00416825235254842,2.40805622162744e-05,3.85196039434099e-05,1.38562478425966,1.41526221675092e-16,91.4911544481301,5.90917956360669e-08,91.1282164335528
36.42,0.0125490010811414,0.00410107476074295,0.00410107476074295,2.38983420646617e-05,3.83577838223292e-05,1.3856252034046,2.31666242218393e-16,91.492973566694,5.71891775190863e-08,91.1303085999373
36.44,0.0125072376053104,0.00403371157808147,0.00403371157808147,2.37170185216066e-05,3.81944032243897e-05,1.38562562319956,2.40903899907969e-16,91.4947951612882,5.53128358802461e-08,91.1324153198235
36.46,0.0124655680466559,0.00396617053215906,0.00396617053215906,2.35366415966145e-05,3.80294847723839e-05,1.38562604361786,2.3605841026662e-16,91.4966192213505,5.34632335967021e-08,91.1345366375241
36.48,0.0124240027794456,0.00389845827170976,0.00389845827170976,2.33572622504753e-05,3.78630512052336e-05,1.3856264646329,1.03851854526381e-16,91.4984457360224,5.16408311347907e-08,91.1366725956959
36.5,0.0123825522923092,0.00383058484154198,0.00383058484154198,2.31789324046577e-05,3.7695125373105e-05,1.38562688621811,1.11022302462516e-16,91.5002746941446,4.9846078353246e-08,91.1388232353213
36.52,0.0123412271876233,0.00376255808368022,0.00376255808368022,2.30017049460477e-05,3.75257302318577e-05,1.38562730834699,6.79869977755259e-17,91.5021060842527,4.80794241464744e-08,91.1409885956914
36.54,0.0123000381807728,0.00369438541145205,0.00369438541145205,2.28256337360588e-05,3.73548888434883e-05,1.38562773099312,1.79161470206219e-16,91.5039398945733,4.63413125872447e-08,91.1431687143884
36.56,0.0122589960993186,0.00362607930050659,0.00362607930050659,2.26507736151113e-05,3.71826243714679e-05,1.38562815413012,2.11380166311279e-16,91.5057761130198,4.46321771407234e-08,91.1453636272684
36.58,0.0122181118819983,0.00355764886591308,0.00355764886591308,2.24771804051178e-05,3.70089600789658e-05,1.38562857773168,1.85499186897729e-16,91.5076147271883,4.2952456093714e-08,91.1475733684446
36.6,0.0121773965776307,0.00348910256590506,0.00348910256590506,2.23049109099942e-05,3.68339193226319e-05,1.38562900177155,3.9055556787155e-16,91.5094557243538,4.13025718216168e-08,91.1497979702704
36.62,0.0121368613438555,0.00342045442587373,0.00342045442587373,2.21340229164106e-05,3.66575255539292e-05,1.38562942622355,1.61046131851761e-16,91.5112990914666,3.96829452533408e-08,91.1520374633232
36.64,0.0120965174457456,0.00335171417307345,0.00335171417307345,2.19645751898293e-05,3.64798023140267e-05,1.38562985106156,6.79869977755259e-17,91.5131448151478,3.80939920139939e-08,91.1542918763881
36.66,0.0120563762542487,0.00328289467255,0.00328289467255,2.17966274691552e-05,3.63007732324672e-05,1.38563027625955,2.25487362244147e-16,91.5149928816861,3.65361243535378e-08,91.1565612364416
36.68,0.0120164492444942,0.00321401045167852,0.00321401045167852,2.16302404572459e-05,3.61204620209499e-05,1.38563070179153,1.32142971168015e-16,91.5168432770339,3.50097395748586e-08,91.1588455686365
36.7,0.0119767479939115,0.00314507324995274,0.00314507324995274,2.14654758103408e-05,3.59388924735526e-05,1.38563112763159,3.45554129698964e-16,91.5186959868036,3.35152398024795e-08,91.1611448962855
36.72,0.0119372841801921,0.00307610071383152,0.00307610071383152,2.13023961231758e-05,3.57560884629571e-05,1.38563155375389,3.79551788087166e-16,91.5205509962644,3.20530155889947e-08,91.1634592408467
36.74,0.0118980695790811,0.00300710762256325,0.00300710762256325,2.11410649113201e-05,3.55720739380061e-05,1.38563198013267,3.15649767605859e-16,91.5224082903382,3.06234497723784e-08,91.1657886219081
36.76,0.0118591160619564,0.00293811225168103,0.00293811225168103,2.09815465886881e-05,3.53868729201512e-05,1.38563240674222,2.98076446739867e-16,91.5242678535966,2.92269232619502e-08,91.1681330571733
36.78,0.0118204355932542,0.00286913311013315,0.00286913311013315,2.08239064432776e-05,3.52005095032304e-05,1.38563283355692,4.16949968597378e-16,91.5261296702575,2.7863807805919e-08,91.1704925624461
36.8,0.0117820402276733,0.0028001896193564,0.0028001896193564,2.06682106048321e-05,3.50130078459188e-05,1.38563326055121,5.55111512312578e-17,91.5279937241817,2.65344741881664e-08,91.1728671516173
36.82,0.0117439421071817,0.00273130489542067,0.00273130489542067,2.05145260112365e-05,3.48243921719504e-05,1.38563368769962,1.60246890531964e-17,91.5298599988697,2.52392724595339e-08,91.1752568366498
36.84,0.0117061534578229,0.0026625017058154,0.0026625017058154,2.03629203714361e-05,3.46346867698966e-05,1.38563411497674,4.80740671595891e-17,91.5317284774584,2.39785613498104e-08,91.1776616275653
36.86,0.0116686865863011,0.00259380817807473,0.00259380817807473,2.02134621179339e-05,3.44439159851717e-05,1.38563454235723,4.53246651836839e-17,91.5335991427185,2.27526860882007e-08,91.1800815324309
36.88,0.0116315538763459,0.00252525115830706,0.00252525115830706,2.00662203599954e-05,3.42521042231425e-05,1.38563496981584,2.40903899907969e-16,91.5354719770507,2.15619875644366e-08,91.1825165573455
36.9,0.0115947677848454,0.00245686180415917,0.00245686180415917,1.99212648254304e-05,3.40592759395797e-05,1.38563539732738,4.6554410790856e-16,91.5373469624836,2.0406797507139e-08,91.1849667064268
36.92,0.0115583408377696,0.00238867358955592,0.00238867358955592,1.97786658043876e-05,3.38654556473195e-05,1.38563582486675,9.61481343191782e-17,91.5392240806701,1.92874336621812e-08,91.1874319817993
36.94,0.0115222856258238,0.00232072921523143,0.00232072921523143,1.96384940767019e-05,3.36706679033849e-05,1.3856362524089,3.92523114670944e-17,91.541103312885,1.82042253473669e-08,91.189912383581
36.96,0.0114866147998981,0.00225306578557611,0.00225306578557611,1.9500820844071e-05,3.34749373154253e-05,1.38563667992888,7.85046229341888e-17,91.5429846400224,1.71574777723133e-08,91.1924079098719
36.98,0.0114513410662327,0.00218573073628129,0.00218573073628129,1.93657176467664e-05,3.32782885326122e-05,1.3856371074018,8.62955915345466e-17,91.5448680425926,1.61474990396207e-08,91.1949185567419
37,0.0114164771813634,0.00211877584590834,0.00211877584590834,1.92332562791226e-05,3.30807462465277e-05,1.38563753480285,5.10028369624576e-16,91.5467535007199,1.51745808583232e-08,91.197444318219
37.02,0.0113820359468042,0.00205226087747429,0.00205226087747429,1.91035086965011e-05,3.28823351873897e-05,1.38563796210731,3.58322940412438e-17,91.5486409941399,1.42390168661104e-08,91.1999851862786
37.04,0.0113480302034663,0.00198625021228029,0.00198625021228029,1.89765469174217e-05,3.26830801251621e-05,1.38563799062938,3.51814010180502e-16,91.5505305021972,1.33410867179243e-08,91.2025411508317
37.06,0.0113144728258259,0.0019208148187329,0.0019208148187329,1.88524429138845e-05,3.24830058608949e-05,1.38563786212984,1.92296268638356e-16,91.5524220038429,1.24810671757252e-08,91.2051121997151
37.08,0.0112813767158244,0.00185603930344011,0.00185603930344011,1.87312685013007e-05,3.22821372304993e-05,1.38563773455069,2.22044604925031e-16,91.5543154776328,1.16592243938721e-08,91.20769831868
37.1,0.0112487547965187,0.00179201414067317,0.00179201414067317,1.86130952153742e-05,3.20804990958656e-05,1.38563760786894,5.34850254189261e-16,91.5562109017244,1.08758197050874e-08,91.2102994913826
37.12,0.0112166200054447,0.00172884673097241,0.00172884673097241,1.84979941885143e-05,3.18781163493043e-05,1.38563748206135,9.34391909990421e-17,91.5581082538755,1.01311009415099e-08,91.212915699374
37.14,0.0111849852877448,0.00166665450677615,0.00166665450677615,1.83860360151021e-05,3.16750139073285e-05,1.38563735710443,6.79869977755259e-17,91.560007511442,9.42531593527899e-09,91.2155469220907
37.16,0.0111538635890073,0.00160556963685959,0.00160556963685959,1.82772906119257e-05,3.14712167086562e-05,1.38563723297447,3.24079279858983e-16,91.5619086513757,8.75870142876926e-09,91.218193136845
37.18,0.011123267847858,0.00154574911096435,0.00154574911096435,1.81718270731542e-05,3.12667497126551e-05,1.38563710964752,1.32142971168015e-16,91.5638116502227,8.13148500324522e-09,91.2208543188169
37.2,0.0110932109882985,0.00148736754513852,0.00148736754513852,1.80697135193464e-05,3.10616378969009e-05,1.38563698709941,5.01139965227376e-16,91.5657164841216,7.54388652535254e-09,91.2235304410446
37.22,0.0110637059117642,0.00143061895161456,0.00143061895161456,1.79710169407053e-05,3.0855906253846e-05,1.38563686530575,3.11143180124304e-16,91.5676231288016,6.99612200442799e-09,91.2262214744165
37.24,0.0110347654889556,0.00137573165596469,0.00137573165596469,1.7875803037908e-05,3.06495797912643e-05,1.38563674424195,2.33872637178011e-16,91.5695315595812,6.4883968422072e-09,91.2289273876636
37.26,0.0110064025514093,0.00132295773501025,0.00132295773501025,1.77841360560824e-05,3.04426835278093e-05,1.3856366238832,3.20493781063927e-17,91.5714417513665,6.02090486849715e-09,91.231648147351
37.28,0.0109786298828311,0.0012725799067446,0.0012725799067446,1.76960786161946e-05,3.02352424894625e-05,1.3856365042045,1.29195173483207e-16,91.5733536786495,5.59383750228722e-09,91.2343837178712
37.3,0.0109514602101895,0.00122491765227632,0.00122491765227632,1.7611691547008e-05,3.00272817110869e-05,1.38563638518067,3.92523114670944e-17,91.5752673155073,5.20737555496568e-09,91.2371340614366
37.32,0.0109249061945926,0.00118031913890803,0.00118031913890803,1.7531033712373e-05,2.98188262339849e-05,1.38563626678633,1.30185189290517e-16,91.5771826356004,4.86169308762959e-09,91.2398991380731
37.34,0.0108989804219491,0.0011391714631677,0.0011391714631677,1.74541618366181e-05,2.96099010996809e-05,1.38563614899592,3.92523114670944e-17,91.5790996121714,4.55695644675738e-09,91.2426789056133
37.36,0.010873695393402,0.0011018755180568,0.0011018755180568,1.73811303340388e-05,2.94005313516976e-05,1.38563603178373,3.27233410439598e-16,91.5810182180444,4.29331799608028e-09,91.2454733196908
37.38,0.0108490635156015,0.00106885947903053,0.00106885947903053,1.73119911368378e-05,2.91907420311155e-05,1.38563591512385,9.34391909990421e-17,91.5829384256238,4.07093058149441e-09,91.2482823337339
37.4,0.0108250970907598,0.00104054554123949,0.00104054554123949,1.72467935274185e-05,2.89805581767943e-05,1.38563579899025,1.7627157958516e-16,91.5848602068928,3.88993065533007e-09,91.2511058989607
37.42,0.0108018083065661,0.00101735002780542,0.00101735002780542,1.71855839728916e-05,2.8770004822265e-05,1.38563568335673,1.92296268638356e-16,91.5867835334136,3.75045659857364e-09,91.2539439643737
37.44,0.0107792092259292,0.000999647173007946,0.000999647173007946,1.71284059634529e-05,2.85591069917324e-05,1.38563556819693,2.72419713904338e-16,91.5887083763255,3.6526265413359e-09,91.2567964767547
37.46,0.0107573117765929,0.000987748217735907,0.000987748217735907,1.70752998612127e-05,2.834788970274e-05,1.38563545348438,1.72591183069093e-16,91.5906347063454,3.59655813156503e-09,91.2596633806611
37.48,0.0107361277406213,0.000981883123334995,0.000981883123334995,1.7026302749092e-05,2.81363779586208e-05,1.38563533919245,4.26389243239267e-16,91.5925624937662,3.58235792744456e-09,91.2625446184209
37.5,0.0107156687437935,0.000982167784428838,0.000982167784428838,1.6981448294917e-05,2.79245967507169e-05,1.38563522529442,1.07496882123731e-16,91.594491708457,3.61013055850429e-09,91.2654401301297
37.52,0.0106959462449062,0.000988616427913289,0.000988616427913289,1.69407666199868e-05,2.77125710537174e-05,1.38563511176342,1.33111064485123e-16,91.5964223198622,3.67995847474349e-09,91.2683498536465
37.54,0.0106769715250095,0.00100112414337522,0.00100112414337522,1.69042841819129e-05,2.7500325826546e-05,1.38563499857248,1.86878381998084e-16,91.5983542970018,3.79192798347251e-09,91.2712737245913
37.56,0.0106587556766237,0.0010194725889296,0.0010194725889296,1.68720236658911e-05,2.72878860083647e-05,1.38563488569453,4.67745274356022e-16,91.6002876084706,3.94611478440081e-09,91.2742116763416
37.58,0.0106413095928998,0.00104336554118449,0.00104336554118449,1.68440038893508e-05,2.70752765150206e-05,1.38563477310239,4.80740671595891e-17,91.6022222224383,4.14258445180067e-09,91.2771636400307
37.6,0.0106246439568234,0.00107243893950439,0.00107243893950439,1.6820239722569e-05,2.68625222414887e-05,1.3856346607688,1.01349032408135e-16,91.6041581066497,4.38138857719735e-09,91.280129544545
37.62,0.0106087692304182,0.00110629596013529,0.00110629596013529,1.68007420185629e-05,2.66496480552103e-05,1.38563454866642,2.17959335568706e-16,91.6060952284243,4.66258453808214e-09,91.2831093165226
37.64,0.0105936956440181,0.00114450960609112,0.00114450960609112,1.67855175642405e-05,2.64366787994241e-05,1.38563443676781,7.34343505744026e-17,91.608033554657,4.98620560376093e-09,91.2861028803518
37.66,0.0105794331856014,0.00118667165894449,0.00118667165894449,1.67745690402742e-05,2.62236392869486e-05,1.38563432504548,6.60714855840077e-17,91.6099730518177,5.35228600786828e-09,91.2891101581699
37.68,0.0105659915902525,0.00123237131777486,0.00123237131777486,1.67678950014348e-05,2.60105543012923e-05,1.38563421347188,0,91.6119136859522,5.76085178725658e-09,91.2921310698629
37.7,0.0105533803297328,0.00128124005056103,0.00128124005056103,1.67654898695035e-05,2.57974485908807e-05,1.38563410201938,7.85046229341888e-17,91.6138554226824,6.21191210304877e-09,91.2951655330648
37.72,0.0105416086022116,0.00133292387420138,0.00133292387420138,1.67673439453331e-05,2.55843468714989e-05,1.38563399066033,1.1331166295921e-16,91.6157982272069,6.70548190233382e-09,91.2982134631577
37.74,0.0105306853222008,0.00138710972897395,0.00138710972897395,1.67734434346847e-05,2.53712738214062e-05,1.38563387936701,5.31720336112929e-16,91.6177420643015,7.24155347050651e-09,91.3012747732722
37.76,0.0105206191106653,0.00144351537806062,0.00144351537806062,1.67837704907669e-05,2.51582540813367e-05,1.38563376811168,2.78017964230265e-16,91.6196868983199,7.82012005729027e-09,91.3043493742881
37.78,0.0105114182854062,0.00150189073965661,0.00150189073965661,1.6798303271596e-05,2.49453122511678e-05,1.38563365686657,1.79161470206219e-16,91.6216326931947,8.44115851884286e-09,91.3074371748355
37.8,0.01050309085169,0.00156200986081176,0.00156200986081176,1.68170160137421e-05,2.47324728910314e-05,1.38563354560388,6.60714855840077e-17,91.6235794124383,9.10465005079687e-09,91.3105380812961
37.82,0.0104956444931675,0.00162368130192256,0.00162368130192256,1.6839879118826e-05,2.45197605164282e-05,1.38563343429581,2.17959335568706e-16,91.6255270191435,9.81055270492684e-09,91.3136519978053
37.84,0.0104890865631254,0.00168672010763021,0.00168672010763021,1.68668592523619e-05,2.43071995960076e-05,1.38563332291454,2.17959335568706e-16,91.6274754759851,1.05588240508448e-08,91.3167788262541
37.86,0.010483424076066,0.00175098380412925,0.00175098380412925,1.68979194603442e-05,2.40948145531217e-05,1.38563321143224,1.44222201478767e-16,91.6294247452209,1.13494129792169e-08,91.3199184662914
37.88,0.0104786636996642,0.00181633515939931,0.00181633515939931,1.69330192921937e-05,2.38826297629391e-05,1.38563309982112,1.73333514163998e-16,91.6313747886929,1.21822597017631e-08,91.3230708153275
37.9,0.0104748117471096,0.00188265587831676,0.00188265587831676,1.69721149346515e-05,2.36706695462274e-05,1.38563298805337,4.8552427868542e-16,91.6333255678286,1.30572957512573e-08,91.3262357685369
37.92,0.0104718741698798,0.00194983957284117,0.00194983957284117,1.70151593604003e-05,2.34589581731282e-05,1.38563287610121,2.40903899907969e-16,91.6352770436428,1.39744415707088e-08,91.3294132188618
37.94,0.0104698565509268,0.00201779426515661,0.00201779426515661,1.70621024811373e-05,2.32475198611581e-05,1.3856327639369,1.5782488380293e-16,91.6372291767389,1.49336151923094e-08,91.3326030570165
37.96,0.0104687640983534,0.00208644147904407,0.00208644147904407,1.71128913063419e-05,2.30363787696586e-05,1.38563265153271,5.7777838054666e-17,91.6391819273107,1.59347230763223e-08,91.3358051714914
37.98,0.0104686016395345,0.00215570372929019,0.00215570372929019,1.71674701121753e-05,2.2825558999795e-05,1.38563253886097,2.06463675826453e-16,91.641135255144,1.69776620397371e-08,91.3390194485578
38,0.0104693736157619,0.0022255172066851,0.0022255172066851,1.72257806128681e-05,2.2615084593447e-05,1.38563242589405,2.77555756156289e-16,91.6430891196187,1.8062321184925e-08,91.3422457722729
38.02,0.0104710840773992,0.00229582702154361,0.00229582702154361,1.72877621371674e-05,2.24049795316539e-05,1.38563231260439,1.60246890531964e-16,91.6450434797104,1.91885852747843e-08,91.3454840244857
38.04,0.0104737366795445,0.00236657846438049,0.00236657846438049,1.73533518046322e-05,2.21952677321724e-05,1.38563219896447,7.16645880824876e-17,91.646998293993,2.03563231608115e-08,91.3487340848419
38.06,0.010477334678262,0.00243772605582076,0.00243772605582076,1.74224847068131e-05,2.1985973047034e-05,1.38563208494684,2.13194621619634e-16,91.6489535206401,2.15654080339774e-08,91.3519958307909
38.08,0.0104818809273454,0.00250922927183639,0.00250922927183639,1.74950940848256e-05,2.17771192614347e-05,1.38563197052416,2.13194621619634e-16,91.6509091174282,2.28156933165409e-08,91.3552691375922
38.1,0.0104873778756667,0.00258104726031014,0.00258104726031014,1.75711115106342e-05,2.15687300921807e-05,1.38563185566914,2.29438630458309e-16,91.6528650417379,2.41070247161422e-08,91.3585538783219
38.12,0.0104938275650627,0.00265314814068411,0.00265314814068411,1.76504670623265e-05,2.13608291859124e-05,1.38563174035458,4.81274531473432e-16,91.6548212505573,2.54392489047497e-08,91.3618499238805
38.14,0.0105012316288423,0.00272549822930627,0.00272549822930627,1.77330894997959e-05,2.11534401175495e-05,1.3856316245534,3.09902737258176e-16,91.6567777004842,2.68121985715845e-08,91.3651571430001
38.16,0.0105095912908245,0.00279806998876165,0.00279806998876165,1.78189064347836e-05,2.09465863865166e-05,1.38563150823861,3.15649767605859e-16,91.6587343477283,2.82256967625941e-08,91.368475402253
38.18,0.0105189073649956,0.00287083848328379,0.00287083848328379,1.79078444992588e-05,2.1124962623853e-05,1.38563139138332,1.50324908162764e-16,91.6606911481148,2.96795636307443e-08,91.3718045660597
38.2,0.0105291802557405,0.00294377983781534,0.00294377983781534,1.79998295062171e-05,2.15052672176697e-05,1.38563127396078,3.33837005311287e-16,91.6626480570864,3.11736087213996e-08,91.3751444966975
38.22,0.0105404099586279,0.00301686919180818,0.00301686919180818,1.80947866068581e-05,2.18841109180801e-05,1.38563115594435,3.42568724897641e-16,91.6646050297067,3.27076319366507e-08,91.3784950543104
38.24,0.0105525960618061,0.00309008932055136,0.00309008932055136,1.81926404422278e-05,2.22614725380321e-05,1.38563103730754,2.50826058288707e-16,91.6665620206629,3.42814273926242e-08,91.3818560969178
38.26,0.0105657377479424,0.00316342088953106,0.00316342088953106,1.82933152865531e-05,2.26373309273331e-05,1.38563091802397,3.61533463954695e-16,91.6685189842693,3.58947824551553e-08,91.385227480425
38.28,0.0105798337967284,0.00323684360101987,0.00323684360101987,1.83967351873491e-05,2.30116649733159e-05,1.38563079806744,7.85046229341888e-17,91.6704758744699,3.75474748468049e-08,91.388609058633
38.3,0.0105948825879338,0.00331034434416233,0.00331034434416233,1.85028240943166e-05,2.3384453597064e-05,1.38563067741187,6.12302508983412e-16,91.6724326448424,3.92392755398427e-08,91.3920006832498
38.32,0.0106108821049999,0.0033839065098293,0.0033839065098293,1.86115059860822e-05,2.37556757580748e-05,1.38563055603137,1.61046131851761e-16,91.6743892486012,4.09699492384104e-08,91.3954022039006
38.34,0.0106278299391628,0.00345751700669941,0.00345751700669941,1.87227049844579e-05,2.41253104498185e-05,1.38563043390018,2.46175944363752e-16,91.6763456386008,4.27392510033754e-08,91.3988134681398
38.36,0.0106457232940604,0.00353116125231952,0.00353116125231952,1.88363454669118e-05,2.44933367019584e-05,1.38563031099276,3.15649767605859e-16,91.6783017673394,4.45469281809861e-08,91.4022343214627
38.38,0.0106645589908662,0.00360482595570153,0.00360482595570153,1.8952352168736e-05,2.48597335801293e-05,1.3856301872837,1.9560625815268e-16,91.6802575869632,4.63927228136905e-08,91.4056646073173
38.4,0.0106843334738598,0.00367850126788146,0.00367850126788146,1.90706502771374e-05,2.52244801830503e-05,1.38563006274782,4.12305004122652e-16,91.682213049269,4.82763653720072e-08,91.4091041671172
38.42,0.010705042816477,0.00375217461644319,0.00375217461644319,1.91911655223412e-05,2.55875556469665e-05,1.3856299373601,1.19917792333295e-16,91.6841681057093,5.01975824691455e-08,91.4125528402543
38.44,0.0107266827277799,0.00382583611211126,0.00382583611211126,1.93138242564589e-05,2.5948939140541e-05,1.38562981109575,2.41967498456656e-16,91.6861227073954,5.21560968610054e-08,91.416010464112
38.46,0.0107492485593385,0.00389947530426403,0.00389947530426403,1.94385535313106e-05,2.63086098692966e-05,1.38562968393017,2.74298492815269e-16,91.6880768051017,5.41516158742475e-08,91.4194768740791
38.48,0.0107727353124958,0.00397308150771486,0.00397308150771486,1.95652811654298e-05,2.66665470736172e-05,1.38562955583896,1.1666149724882e-16,91.69003034927,5.61838439425506e-08,91.4229519035634
38.5,0.0107971376460052,0.00404664733589113,0.00404664733589113,1.96939358055285e-05,2.70227300274151e-05,1.38562942679797,1.19917792333295e-16,91.6919832900137,5.8252479231465e-08,91.4264353840065
38.52,0.0108224498840019,0.00412016389416406,0.00412016389416406,1.98244469843955e-05,2.73771380412402e-05,1.38562929678327,2.77555756156289e-16,91.6939355771218,6.03572088167757e-08,91.429927144898
38.54,0.0108486660242746,0.00419362186715833,0.00419362186715833,1.9956745168409e-05,2.77297504605034e-05,1.38562916577114,3.20493781063927e-17,91.6958871600637,6.24977236315775e-08,91.4334270137914
38.56,0.01087577974686,0.00426701334751997,0.00426701334751997,2.00907618060933e-05,2.80805466661427e-05,1.38562903373813,2.81232151521661e-16,91.6978379879938,6.4673690018615e-08,91.4369348163187
38.58,0.0109037844228508,0.00434033020414992,0.00434033020414992,2.02264293633793e-05,2.84295060744011e-05,1.38562890066101,4.80740671595891e-17,91.6997880097554,6.68847829995802e-08,91.4404503762069
38.6,0.0109326731234868,0.0044135652556013,0.0044135652556013,2.03636813606824e-05,2.87766081386032e-05,1.38562876651683,2.87105906626411e-16,91.7017371738863,6.91306626490894e-08,91.4439735152938
38.62,0.0109624386294249,0.00448671308479651,0.00448671308479651,2.0502452402175e-05,2.91218323478226e-05,1.38562863128289,4.80740671595891e-17,91.703685428623,7.14109871131041e-08,91.4475040535448
38.64,0.0109930734402085,0.00455976398148349,0.00455976398148349,2.06426782001213e-05,2.94651582282146e-05,1.38562849493674,1.71096858985447e-16,91.7056327219059,7.37253995905099e-08,91.4510418090697
38.66,0.0110245697838834,0.00463271214640149,0.00463271214640149,2.07842955974928e-05,2.98065653436819e-05,1.38562835745622,8.62955915345466e-17,91.7075790013838,7.6073547619666e-08,91.4545865981403
38.68,0.0110569196267652,0.00470555174615019,0.00470555174615019,2.09272425833268e-05,3.01460332949866e-05,1.38562821881944,2.4460626240068e-16,91.7095242144196,7.84550662026745e-08,91.4581382352075
38.7,0.0110901146832979,0.00477827668567967,0.00477827668567967,2.10714583083443e-05,3.04835417226368e-05,1.38562807900481,1.19917792333295e-16,91.7114683080949,8.08695797340351e-08,91.4616965329199
38.72,0.0111241464259931,0.00485087904872229,0.00485087904872229,2.12168830939862e-05,3.08190703053324e-05,1.38562793799101,1.79161470206219e-16,91.7134112292155,8.33167159833935e-08,91.4652613021419
38.74,0.0111590060954592,0.00492335396815776,0.00492335396815776,2.13634584407323e-05,3.11525987621852e-05,1.38562779575703,1.12172823372375e-16,91.7153529243168,8.57960872911557e-08,91.4688323519723
38.76,0.0111946847104162,0.00499569619319265,0.00499569619319265,2.15111270312654e-05,3.14841068522753e-05,1.38562765228217,2.29997556086659e-16,91.7172933396687,8.8307306962055e-08,91.4724094897638
38.78,0.0112311730777743,0.00506789882095096,0.00506789882095096,2.16598327331478e-05,3.18135743762049e-05,1.38562750754603,2.8888919027333e-16,91.7192324212818,9.08499786575496e-08,91.4759925211421
38.8,0.011268461802674,0.00513995702721144,0.00513995702721144,2.18095205980503e-05,3.21409811769868e-05,1.38562736152851,2.15590141992961e-16,91.7211701149125,9.34236978423137e-08,91.4795812500258
38.82,0.0113065412984988,0.00521186568336634,0.00521186568336634,2.1960136859532e-05,3.24663071415987e-05,1.38562721420988,4.80740671595891e-17,91.7231063660689,9.6028059016694e-08,91.4831754786468
38.84,0.0113454017968575,0.00528361841002764,0.00528361841002764,2.2111628926301e-05,3.27895321980964e-05,1.38562706557068,1.68068356681677e-16,91.7250411200162,9.86626422161243e-08,91.4867750075702
38.86,0.0113850333574767,0.0053552102453795,0.0053552102453795,2.22639453786099e-05,3.31106363227196e-05,1.38562691559183,1.25156822484232e-16,91.7269743217829,1.01327033744167e-07,91.4903796357159
38.88,0.0114254258780213,0.00542663741569407,0.00542663741569407,2.24170359582638e-05,3.34295995358946e-05,1.38562676425456,6.79869977755259e-17,91.7289059161668,1.04020803510816e-07,91.4939891603794
38.9,0.0114665691037965,0.00549789334565463,0.00549789334565463,2.25708515599453e-05,3.37464019064537e-05,1.38562661154047,1.86878381998084e-16,91.7308358477404,1.0674351805092e-07,91.4976033772531
38.92,0.0115084526373627,0.00556897354810482,0.00556897354810482,2.2725344220103e-05,3.4061023552745e-05,1.38562645743149,7.51624540813822e-17,91.7327640608575,1.09494741488507e-07,91.5012220804487
38.94,0.0115510659479644,0.00563987303509624,0.00563987303509624,2.28804671047859e-05,3.43734446397459e-05,1.38562630190991,1.64204199767915e-16,91.7346904996595,1.12274033125967e-07,91.5048450625193
38.96,0.0115943983808741,0.00571058813453039,0.00571058813453039,2.30361744979268e-05,3.46836453879451e-05,1.3856261449584,1.40616075760831e-16,91.7366151080808,1.15080938765106e-07,91.5084721144817
38.98,0.0116384391665155,0.00578111382351078,0.00578111382351078,2.31924217854726e-05,3.49916060653488e-05,1.38562598655999,1.25156822484232e-16,91.7385378298561,1.17915010475857e-07,91.5121030258394
39,0.0116831774294544,0.00585144380835528,0.00585144380835528,2.33491654438183e-05,3.52973069985829e-05,1.38562582669807,6.60714855840077e-17,91.7404586085263,1.20775783934585e-07,91.5157375846061
39.02,0.0117286021971989,0.00592157539901112,0.00592157539901112,2.35063630216315e-05,3.56007285664539e-05,1.38562566535643,6.60714855840077e-17,91.742377387445,1.23662795299819e-07,91.519375577329
39.04,0.011774702408795,0.00599150400444645,0.00599150400444645,2.36639731264989e-05,3.5901851206166e-05,1.38562550251923,1.37849587538812e-16,91.7442941097849,1.26575568675991e-07,91.5230167891126
39.06,0.0118214669232348,0.00606122450384127,0.00606122450384127,2.38219554084347e-05,3.62006554142091e-05,1.38562533817103,2.52865328097104e-16,91.746208718545,1.29513639739465e-07,91.5266610036435
39.08,0.0118688845276388,0.00613073270185424,0.00613073270185424,2.39802705418376e-05,3.64971217454713e-05,1.38562517229678,2.78017964230265e-16,91.7481211565566,1.32476519094088e-07,91.530308003214
39.1,0.0119169439452605,0.00620002492246111,0.00620002492246111,2.41388802112476e-05,3.67912308192331e-05,1.38562500488184,1.9560625815268e-16,91.7500313664906,1.35463723611834e-07,91.5339575687478
39.12,0.011965633843212,0.00626909588598933,0.00626909588598933,2.42977470928625e-05,3.7082963318058e-05,1.38562483591195,1.57009245868378e-16,91.751939290864,1.38474763414387e-07,91.537609479825
39.14,0.0120149428400309,0.00633794264780326,0.00633794264780326,2.44568348375217e-05,3.73722999895687e-05,1.38562466537329,3.4998449174646e-16,91.7538448720472,1.41509144766115e-07,91.5412635147071
39.16,0.012064859512955,0.00640656054605212,0.00640656054605212,2.46161080538e-05,3.76592216497773e-05,1.38562449325245,2.46175944363752e-16,91.7557480522705,1.44566366216768e-07,91.5449194503636
39.18,0.0121153724050084,0.00647494481111568,0.00647494481111568,2.47755322916378e-05,3.79437091853063e-05,1.38562431953643,4.37388890053766e-16,91.7576487736316,1.47645921494459e-07,91.5485770624975
39.2,0.0121664700318506,0.00654309263055113,0.00654309263055113,2.49350740232926e-05,3.82257435533884e-05,1.38562414421266,1.12172823372375e-16,91.7595469781026,1.50747305291624e-07,91.552236125572
39.22,0.012218140888351,0.00661099885698939,0.00661099885698939,2.5094700627513e-05,3.85053057845308e-05,1.385623967269,1.60246890531964e-17,91.761442607537,1.53869997353623e-07,91.5558964128371
39.24,0.0122703734549786,0.00667866021827591,0.00667866021827591,2.52543803727796e-05,3.87823769878448e-05,1.38562378869376,3.58322940412438e-17,91.7633356036775,1.5701348706909e-07,91.5595576963568
39.26,0.0123231562039181,0.00674607268268434,0.00674607268268434,2.54140823996114e-05,3.90569383499351e-05,1.38562360847566,3.14018491736755e-16,91.7652259081625,1.60177246950927e-07,91.5632197470365
39.28,0.012376477604969,0.00681323229757437,0.00681323229757437,2.55737767029846e-05,3.9328971135788e-05,1.3856234266039,2.88444402957535e-16,91.7671134625344,1.63360755297999e-07,91.5668823346502
39.3,0.012430326131195,0.00688013555489054,0.00688013555489054,2.57334341183029e-05,3.95984566976537e-05,1.3856232430681,8.62955915345466e-17,91.7689982082466,1.66563474015603e-07,91.5705452278688
39.32,0.0124846902643522,0.00694677852894252,0.00694677852894252,2.5893026302026e-05,3.98653764703827e-05,1.38562305785834,2.59382252137511e-16,91.7708800866709,1.69784873205818e-07,91.5742081942884
39.34,0.012539558500097,0.00701315679094103,0.00701315679094103,2.60525257175879e-05,4.01297119778654e-05,1.38562287096518,1.19917792333295e-16,91.7727590391054,1.730244152561e-07,91.5778710004582
39.36,0.0125949193529204,0.00707926779927096,0.00707926779927096,2.62119056178275e-05,4.03914448343645e-05,1.3856226823796,2.8888919027333e-16,91.7746350067822,1.76281552910631e-07,91.58153341191
39.38,0.012650761360925,0.00714510662815257,0.00714510662815257,2.63711400302656e-05,4.06505567469573e-05,1.38562249209308,1.29195173483207e-16,91.7765079308748,1.79555746146048e-07,91.5851951931866
39.4,0.0127070730903066,0.00721067016924886,0.00721067016924886,2.65302037417129e-05,4.09070295195324e-05,1.38562230009755,7.34343505744026e-17,91.7783777525061,1.82846439509744e-07,91.5888561078718
39.42,0.0127638431396831,0.00727595499451332,0.00727595499451332,2.66890722821189e-05,4.11608450539003e-05,1.38562210638543,1.60246890531964e-17,91.7802444127562,1.86153079959931e-07,91.5925159186192
39.44,0.0128210601441665,0.00734095761741323,0.00734095761741323,2.68477219096103e-05,4.14119853531236e-05,1.38562191094961,1.60246890531964e-17,91.7821078526701,1.89475113490493e-07,91.5961743871828
39.46,0.0128787127792466,0.00740567375597324,0.00740567375597324,2.70061295973452e-05,4.16604325257364e-05,1.38562171378347,3.58322940412438e-17,91.7839680132662,1.92811976934198e-07,91.5998312744464
39.48,0.0129367897644524,0.00747010007339515,0.00747010007339515,2.71642730164831e-05,4.19061687846334e-05,1.38562151488084,2.56895308302175e-16,91.7858248355435,1.96163108570307e-07,91.6034863404546
39.5,0.0129952798668413,0.00753423365244532,0.00753423365244532,2.73221305249927e-05,4.21491764563964e-05,1.38562131423608,1.02608074873846e-16,91.7876782604904,1.99527936552638e-07,91.6071393444432
39.52,0.0130541719042667,0.00759807010579482,0.00759807010579482,2.74796811508456e-05,4.23894379779632e-05,1.38562111184403,1.72591183069093e-16,91.7895282290922,2.02905896749629e-07,91.6107900448698
39.54,0.0131134547484588,0.00766160691820492,0.00766160691820492,2.76369045793472e-05,4.26269359019571e-05,1.38562090770002,2.70527887447329e-16,91.7913746823398,2.06296411046967e-07,91.6144381994452
39.56,0.0131731173279549,0.00772483959373649,0.00772483959373649,2.77937811421259e-05,4.28616529031256e-05,1.38562070179987,1.30185189290517e-16,91.7932175612375,2.09698902776829e-07,91.6180835651649
39.58,0.0132331486307886,0.00778776547877269,0.00778776547877269,2.79502918001784e-05,4.30935717758985e-05,1.38562049413992,1.44222201478767e-16,91.7950568068115,2.13112800093027e-07,91.6217258983402
39.6,0.013293537707072,0.00785038085478428,0.00785038085478428,2.81064181341239e-05,4.3322675442159e-05,1.385620284717,1.25156822484232e-16,91.796892360118,2.16537516202295e-07,91.6253649546304
39.62,0.0133542736713636,0.0079126826374104,0.0079126826374104,2.82621423293293e-05,4.3548946951022e-05,1.38562007352845,1.61841426228473e-16,91.7987241622516,2.1997246479353e-07,91.629000489075
39.64,0.0134153457048971,0.0079746668878662,0.0079746668878662,2.8417447165141e-05,4.3772369484163e-05,1.38561986057214,3.98045018507023e-16,91.8005521543539,2.23417058109134e-07,91.6326322561253
39.66,0.0134767430576366,0.00803633111212049,0.00803633111212049,2.8572316003256e-05,4.39929263598149e-05,1.38561964584643,3.70998373795458e-16,91.8023762776217,2.26870713213147e-07,91.6362600096777
39.68,0.0135384550502051,0.00809767123405526,0.00809767123405526,2.87267327732187e-05,4.42106010329901e-05,1.38561942935019,1.29195173483207e-16,91.8041964733155,2.30332832704693e-07,91.6398835031057
39.7,0.0136004710756468,0.00815868424461691,0.00815868424461691,2.88806819643682e-05,4.44253771034742e-05,1.38561921108284,8.62955915345466e-17,91.8060126827681,2.33802823522369e-07,91.6435024892933
39.72,0.0136627806010441,0.008219367140939,0.008219367140939,2.90341486121129e-05,4.46372383151594e-05,1.38561899104429,6.79869977755259e-17,91.8078248473932,2.37280090193949e-07,91.6471167206679
39.74,0.0137253731690406,0.00827971608856185,0.00827971608856185,2.91871182878754e-05,4.48461685622625e-05,1.38561876923498,8.62955915345466e-17,91.8096329086938,2.40764032907735e-07,91.6507259492337
39.76,0.0137882383991729,0.00833972876637719,0.00833972876637719,2.93395770875121e-05,4.50521518906566e-05,1.38561854565588,1.9560625815268e-16,91.8114368082709,2.44254052334188e-07,91.654329926605
39.78,0.013851365989137,0.00839940131730758,0.00839940131730758,2.94915116217734e-05,4.52551725051986e-05,1.38561832030849,1.52023548612203e-16,91.8132364878323,2.47749547215113e-07,91.6579284040401
39.8,0.0139147457159037,0.00845873051253039,0.00845873051253039,2.96429090046823e-05,4.54552147692855e-05,1.38561809319484,1.74072679624611e-16,91.8150318892011,2.51249912435003e-07,91.6615211324751
39.82,0.0139783674367206,0.00851771351423155,0.00851771351423155,2.97937568437383e-05,4.56522632104051e-05,1.38561786431747,2.77555756156289e-16,91.8168229543245,2.54754538056711e-07,91.6651078625581
39.84,0.014042221090028,0.00857634713850045,0.00857634713850045,2.99440432297722e-05,4.58463025232447e-05,1.38561763367948,4.90523034850331e-16,91.8186096252826,2.58262822339873e-07,91.6686883446829
39.86,0.0141062966962496,0.00863462790807739,0.00863462790807739,3.00937567272373e-05,4.60373175745765e-05,1.38561740128448,4.01897156831541e-16,91.8203918442973,2.61774153900847e-07,91.6722623290242
39.88,0.0141705843584961,0.00869255323483693,0.00869255323483693,3.02428863649805e-05,4.62252934061436e-05,1.38561716713664,2.50826058288707e-16,91.8221695537407,2.652879252133e-07,91.6758295655714
39.9,0.0142350742631596,0.00875011922319902,0.00875011922319902,3.03914216255336e-05,4.6410215238657e-05,1.38561693124064,7.85046229341888e-17,91.8239426961442,2.68803521036275e-07,91.6793898041637
39.92,0.0142997566804607,0.00880732427039365,0.00880732427039365,3.05393524370323e-05,4.65920684760146e-05,1.38561669360171,3.03201345663379e-16,91.8257112142075,2.72320328539633e-07,91.682942794525
39.94,0.0143646219648405,0.00886416335838191,0.00886416335838191,3.0686669163401e-05,4.67708387090759e-05,1.38561645422562,1.34072167684476e-16,91.8274750508073,2.75837736339726e-07,91.6864882862986
39.96,0.0144296605553579,0.00892063531117348,0.00892063531117348,3.08333625954319e-05,4.69465117192147e-05,1.38561621311868,3.92523114670944e-17,91.8292341490061,2.79355131124246e-07,91.6900260290826
39.98,0.0144948629759275,0.00897673637955611,0.00897673637955611,3.09794239415812e-05,4.71190734823157e-05,1.38561597028774,2.2662332591842e-17,91.8309884520613,2.82871891866263e-07,91.6935557724649
40,0.0145602198355417,0.00903246326558841,0.00903246326558841,3.11248448196917e-05,4.72885101727716e-05,1.38561572574019,1.34072167684476e-16,91.8327379034342,2.8638740669996e-07,91.6970772660592
40.02,0.0146257218284238,0.00908781330784375,0.00908781330784375,3.12696172479932e-05,4.74548081677018e-05,1.38561547948395,7.34343505744026e-17,91.8344824467988,2.89901058937876e-07,91.7005902595396
40.04,0.0146913597340657,0.00914278370351036,0.00914278370351036,3.14137336371106e-05,4.76179540511712e-05,1.38561523152751,1.79161470206219e-16,91.8362220260506,2.93412225142259e-07,91.7040945026772
40.06,0.0147571244172733,0.00919737091708698,0.00919737091708698,3.1557186781475e-05,4.77779346181872e-05,1.38561498187987,4.54660841394509e-16,91.837956585316,2.96920292000791e-07,91.707589745375
40.08,0.0148230068280956,0.00925157282801559,0.00925157282801559,3.16999698504872e-05,4.79347368769201e-05,1.38561473055059,3.58322940412438e-17,91.839686068961,3.00424641861679e-07,91.7110757377043
40.1,0.0148889980017586,0.00930538622078058,0.00930538622078058,3.18420763811e-05,4.80883480560301e-05,1.38561447754977,0,91.8414104216003,3.03924650805001e-07,91.7145522299407
40.12,0.0149550890584788,0.00935880817830748,0.00935880817830748,3.19835002697097e-05,4.82387556060004e-05,1.38561422288806,1.48606852788289e-16,91.8431295881062,3.07419705518433e-07,91.7180189725996
40.14,0.01502127120331,0.00941183564625795,0.00941183564625795,3.21242357639609e-05,4.83859472051318e-05,1.38561396657662,2.2662332591842e-17,91.8448435136177,3.10909182564212e-07,91.7214757164727
40.16,0.0150875357258681,0.00946446639835398,0.00946446639835398,3.22642774544981e-05,4.85299107617632e-05,1.3856137086272,1.02608074873846e-16,91.8465521435496,3.14392466219192e-07,91.7249222126644
40.18,0.0151538740000678,0.00951669671453987,0.00951669671453987,3.24036202681786e-05,4.8670634420267e-05,1.38561344905205,1.60246890531964e-17,91.8482554236014,3.17868936420753e-07,91.7283582126276
40.2,0.0152202774838218,0.00956852462006884,0.00956852462006884,3.25422594590385e-05,4.88081065630475e-05,1.38561318786398,1.64204199767915e-16,91.8499532997662,3.21337972624107e-07,91.7317834682004
40.22,0.0152867377186518,0.00961994699582496,0.00961994699582496,3.26801906023688e-05,4.8942315817424e-05,1.38561292507633,0,91.8516457183402,3.24798959106103e-07,91.7351977316423
40.24,0.0153532463293338,0.00967096092671028,0.00967096092671028,3.28174095857253e-05,4.90732510578518e-05,1.38561266070298,1.76998475780723e-16,91.8533326259311,3.28251277250604e-07,91.7386007556709
40.26,0.0154197950234665,0.00972156358255792,0.00972156358255792,3.29539126015761e-05,4.9200901408808e-05,1.38561239475836,1.60246890531964e-16,91.8550139694674,3.31694309887966e-07,91.741992293498
40.28,0.0154863755910346,0.00977175258770609,0.00977175258770609,3.30896961406071e-05,4.93252562518975e-05,1.38561212725741,3.58322940412438e-17,91.8566896962075,3.35127443223685e-07,91.7453720988667
40.3,0.0155529799039297,0.00982152474659421,0.00982152474659421,3.3224756983689e-05,4.94463052282956e-05,1.38561185821564,3.98045018507023e-16,91.8583597537487,3.38550056712966e-07,91.7487399260875
40.32,0.0156195999154583,0.00987087820480907,0.00987087820480907,3.33590921954919e-05,4.95640382438545e-05,1.38561158764905,1.20983749228328e-16,91.8600240900359,3.41961538007793e-07,91.7520955300751
40.34,0.0156862276598473,0.00991980940188952,0.00991980940188952,3.34926991152312e-05,4.96784454706578e-05,1.38561131557422,3.58322940412438e-17,91.8616826533709,3.45361273795824e-07,91.7554386663851
40.36,0.0157528552516691,0.00996831632953932,0.00996831632953932,3.36255753519225e-05,4.97895173541263e-05,1.3856110420082,1.19917792333295e-16,91.8633353924211,3.48748654139858e-07,91.7587690912505
40.38,0.015819474885334,0.0100163959094042,0.0100163959094042,3.3757718774595e-05,4.98972446147938e-05,1.38561076696863,2.56895308302175e-16,91.864982256229,3.52123060905911e-07,91.7620865616184
40.4,0.0158860788344777,0.010064045683424,0.010064045683424,3.38891275080752e-05,5.00016182547469e-05,1.38561049047363,1.32142971168015e-16,91.8666231942201,3.55483888496255e-07,91.7653908351868
40.42,0.0159526594514106,0.0101112625724994,0.0101112625724994,3.40197999232213e-05,5.01026295594009e-05,1.38561021254186,3.58322940412438e-17,91.8682581562129,3.58830528902339e-07,91.7686816704411
40.44,0.0160192091665054,0.010158045221912,0.010158045221912,3.4149734631392e-05,5.02002701030513e-05,1.38560993319251,6.60714855840077e-17,91.8698870924272,3.62162371704794e-07,91.7719588266907
40.46,0.0160857204875959,0.0102043898177464,0.0102043898177464,3.42789304765365e-05,5.02945317510939e-05,1.38560965244526,3.00649816325529e-16,91.8715099534932,3.6547881709185e-07,91.7752220641057
40.48,0.0161521859993467,0.0102502938392598,0.0102502938392598,3.44073865290936e-05,5.03854066669085e-05,1.38560937032034,8.1710202181505e-17,91.8731266904601,3.68779252233316e-07,91.7784711437536
40.5,0.0162185983626452,0.010295755639309,0.010295755639309,3.45351020777361e-05,5.04728873118587e-05,1.38560908683846,1.58636328142894e-16,91.8747372548053,3.72063085514204e-07,91.7817058276356
40.52,0.0162849503139578,0.0103407721333061,0.0103407721333061,3.46620766235598e-05,5.05569664532857e-05,1.38560880202087,3.58322940412438e-17,91.8763415984427,3.75329710372447e-07,91.7849258787233
40.54,0.016351234664678,0.0103853409350103,0.0103853409350103,3.47883098724536e-05,5.0637637164952e-05,1.3856085158893,1.66533453693773e-16,91.8779396737321,3.78578535675218e-07,91.7881310609951
40.56,0.0164174443005135,0.0104294595366843,0.0104294595366843,3.4913801728844e-05,5.07148928339252e-05,1.385608228466,4.20629010203022e-16,91.8795314334874,3.81808954378283e-07,91.7913211394728
40.58,0.0164835721807967,0.0104731254150044,0.0104731254150044,3.50385522875105e-05,5.0788727161466e-05,1.38560793977371,8.62955915345466e-17,91.8811168309856,3.85020384992087e-07,91.7944958802576
40.6,0.0165496113378632,0.0105163363768747,0.0105163363768747,3.51625618283295e-05,5.08591341692455e-05,1.38560764983568,3.93176775597799e-16,91.8826958199752,3.88212231079997e-07,91.797655050567
40.62,0.0166155548763821,0.0105590897577724,0.0105590897577724,3.52858308079246e-05,5.09261082020096e-05,1.38560735867563,2.97213705576579e-16,91.8842683546853,3.91383906330818e-07,91.8007984187701
40.64,0.0166813959727074,0.0106013829115146,0.0106013829115146,3.54083598532012e-05,5.09896439297997e-05,1.38560706631779,2.67184960789251e-16,91.8858343898338,3.94534824433351e-07,91.8039257544247
40.66,0.016747127874209,0.0106432136539187,0.0106432136539187,3.55301497556805e-05,5.10497363552798e-05,1.38560677278687,1.50324908162764e-16,91.8873938806359,3.97664403415873e-07,91.8070368283128
40.68,0.016812743898635,0.0106845801844935,0.0106845801844935,3.56512014631498e-05,5.11063808139589e-05,1.38560647810806,6.30078058023783e-16,91.8889467828132,4.00772061788821e-07,91.8101314124766
40.7,0.0168782374334464,0.010725479243195,0.010725479243195,3.5771516072995e-05,5.11595729788539e-05,1.38560618230702,2.77555756156289e-16,91.8904930526013,4.03857221437778e-07,91.8132092802544
40.72,0.0169436019351542,0.0107659089469024,0.0107659089469024,3.58910948266509e-05,5.12093088653742e-05,1.38560588540988,5.99588961666477e-17,91.892032646759,4.06919312927275e-07,91.8162702063166
40.74,0.017008830928699,0.0108058672447676,0.0108058672447676,3.60099391011003e-05,5.12555848315444e-05,1.38560558744325,2.2662332591842e-17,91.8935655225764,4.09957762000201e-07,91.8193139667009
40.76,0.0170739180067624,0.0108453511811281,0.0108453511811281,3.61280504037227e-05,5.12983975848869e-05,1.3856052884342,3.58322940412438e-17,91.8950916378831,4.12972005971376e-07,91.822340338848
40.78,0.0171388568291553,0.0108843591543375,0.0108843591543375,3.62454303643792e-05,5.13377441841989e-05,1.38560498841025,1.44222201478767e-16,91.8966109510566,4.15961474441001e-07,91.8253491016371
40.8,0.0172036411221646,0.010922888489169,0.010922888489169,3.63620807292705e-05,5.13736220431049e-05,1.38560468739938,1.20983749228328e-16,91.8981234210308,4.1892561099202e-07,91.8283400354209
40.82,0.0172682646779078,0.0109609370840634,0.0109609370840634,3.64780033535632e-05,5.14060289313889e-05,1.38560438543002,1.12172823372375e-16,91.8996290073035,4.21863855350071e-07,91.831312922061
40.84,0.0173327213537213,0.0109985028368244,0.0109985028368244,3.65932001948967e-05,5.14349629807676e-05,1.38560408253104,1.1331166295921e-16,91.9011276699453,4.24775659777045e-07,91.8342675449623
40.86,0.0173970050715193,0.0110355834785804,0.0110355834785804,3.67076733072757e-05,5.14604226866666e-05,1.38560377873174,1.40616075760831e-16,91.9026193696073,4.27660471231033e-07,91.8372036891085
40.88,0.0174611098171828,0.0110721764439512,0.0110721764439512,3.68214248344218e-05,5.14824069131059e-05,1.38560347406187,1.41526221675092e-16,91.9041040675288,4.3051774486691e-07,91.8401211410962
40.9,0.0175250296399254,0.0111082803185214,0.0111082803185214,3.69344570024442e-05,5.15009148929213e-05,1.38560316855159,1.52023548612203e-16,91.9055817255459,4.33346941625511e-07,91.8430196891694
40.92,0.0175887586517222,0.0111438921374876,0.0111438921374876,3.70467721126347e-05,5.15159462308734e-05,1.38560286223149,2.87105906626411e-16,91.9070523060989,4.36147521483349e-07,91.845899123254
40.94,0.0176522910266599,0.0111790108652656,0.0111790108652656,3.71583725366953e-05,5.15275009089766e-05,1.38560255513257,2.2662332591842e-17,91.9085157722404,4.3891895213155e-07,91.8487592349916
40.96,0.0177156210003912,0.0112136333341646,0.0112136333341646,3.72692607087146e-05,5.15355792878314e-05,1.38560224728624,1.30185189290517e-16,91.9099720876429,4.41660712351012e-07,91.8515998177736
40.98,0.017778742869503,0.0112477580674655,0.0112477580674655,3.73794391187449e-05,5.15401821075123e-05,1.38560193872433,2.81232151521661e-16,91.9114212166063,4.4437227079719e-07,91.8544206667749
41,0.0178416509909571,0.0112813830236585,0.0112813830236585,3.74889103070223e-05,5.15413104926754e-05,1.38560162947903,4.80740671595891e-17,91.9128631240661,4.4705310914396e-07,91.8572215789871
41.02,0.0179043397815195,0.0113145060872424,0.0113145060872424,3.75976768565487e-05,5.1538965953668e-05,1.38560131958295,2.68622737774948e-16,91.9142977756004,4.49702715333328e-07,91.860002353252
41.04,0.0179668037171847,0.0113471247476913,0.0113471247476913,3.77057413871638e-05,5.15331503896377e-05,1.38560100906908,4.80740671595891e-17,91.9157251374375,4.52320579235953e-07,91.8627627902948
41.06,0.0180290373326238,0.0113792378336555,0.0113792378336555,3.78131065494108e-05,5.15238660911965e-05,1.38560069797078,8.01234452659818e-17,91.9171451764635,4.54906195061969e-07,91.8655026927563
41.08,0.0180910352206166,0.011410843353309,0.011410843353309,3.7919775017026e-05,5.15111157399772e-05,1.38560038632178,1.17756934401283e-16,91.9185578602295,4.57459066664785e-07,91.8682218652263
41.1,0.0181527920315451,0.0114419385686878,0.0114419385686878,3.80257494817134e-05,5.14949024152944e-05,1.38560007415619,5.7777838054666e-17,91.9199631569586,4.59978698379973e-07,91.8709201142754
41.12,0.0182143024728091,0.0114725222603154,0.0114725222603154,3.81310326461178e-05,5.147522959148e-05,1.38559976150846,1.40616075760831e-16,91.9213610355536,4.62464596953922e-07,91.8735972484869
41.14,0.0182755613083516,0.0115025924564703,0.0115025924564703,3.82356272179952e-05,5.14521011434343e-05,1.3855994484134,1.20983749228328e-16,91.9227514656038,4.64916284562265e-07,91.8762530784895
41.16,0.0183365633580937,0.0115321467899313,0.0115321467899313,3.83395359033085e-05,5.142552134485e-05,1.38559913490615,2.90661533219975e-16,91.9241344173916,4.67333281451977e-07,91.878887416988
41.18,0.0183973034974447,0.0115611840467847,0.0115611840467847,3.8442761401298e-05,5.1395494875095e-05,1.3855988210222,1.02608074873846e-16,91.9255098619004,4.69715112691672e-07,91.8815000787948
41.2,0.0184577766568169,0.0115897020442108,0.0115897020442108,3.85453063965623e-05,5.136202681566e-05,1.38559850679736,2.52865328097104e-16,91.9268777708203,4.72061314921893e-07,91.8840908808615
41.22,0.0185179778210914,0.0116176995866511,0.0116176995866511,3.86471735551385e-05,5.13251226552658e-05,1.38559819226776,2.72419713904338e-16,91.9282381165558,4.74371425265349e-07,91.886659642309
41.24,0.0185779020291653,0.0116451740432804,0.0116451740432804,3.87483655160899e-05,5.12847882883083e-05,1.38559787746986,4.20629010203022e-16,91.929590872232,4.76644988077203e-07,91.889206184458
41.26,0.018637544373459,0.0116721239245112,0.0116721239245112,3.88488848880993e-05,5.12410300197441e-05,1.3855975624404,1.40616075760831e-16,91.930936011701,4.78881556873733e-07,91.8917303308596
41.28,0.0186968999994527,0.0116985474659655,0.0116985474659655,3.89487342410652e-05,5.11938545633139e-05,1.38559724721643,3.58322940412438e-17,91.9322735095489,4.81080687099869e-07,91.894231907325
41.3,0.018755964105214,0.0117244435012463,0.0117244435012463,3.90479161020694e-05,5.1143269043763e-05,1.38559693183531,5.27842652016697e-16,91.9336033411018,4.83241938057855e-07,91.8967107419545
41.32,0.0188147319409494,0.011749809841715,0.011749809841715,3.91464329488947e-05,5.10892809981733e-05,1.38559661633464,9.87828175927473e-17,91.934925482432,4.85364889300809e-07,91.8991666651679
41.34,0.0188731988085804,0.0117746451129969,0.0117746451129969,3.92442872047704e-05,5.10318983772962e-05,1.38559630075233,4.18179912179388e-16,91.9362399103647,4.8744910832776e-07,91.9015995097323
41.36,0.0189313600612611,0.0117989472938,0.0117989472938,3.93414812318848e-05,5.09711295439974e-05,1.38559598512653,2.59382252137511e-16,91.9375466024836,4.89494177102648e-07,91.9040091107913
41.38,0.0189892111030021,0.0118227151090369,0.0118227151090369,3.94380173271706e-05,5.09069832776987e-05,1.38559566949568,3.20493781063927e-17,91.9388455371371,4.9149969253649e-07,91.906395305893
41.4,0.0190467473881985,0.0118459464217105,0.0118459464217105,3.95338977155697e-05,5.08394687706026e-05,1.38559535389844,4.26389243239267e-16,91.9401366934441,4.93465244790012e-07,91.9087579350184
41.42,0.019103964421254,0.0118686410043184,0.0118686410043184,3.96291245452089e-05,5.07685956316895e-05,1.38559503837373,8.01234452659818e-17,91.9414200513,4.95390437042362e-07,91.9110968406083
41.44,0.0191608577561599,0.0118907959531002,0.0118907959531002,3.97236998822588e-05,5.0694373885829e-05,1.38559472296068,1.32142971168015e-16,91.9426955913822,4.97274883562455e-07,91.9134118675912
41.46,0.019217422996102,0.0119124101791416,0.0119124101791416,3.98176257060911e-05,5.06168139733365e-05,1.38559440769868,2.8888919027333e-16,91.9439632951557,4.99118194279734e-07,91.9157028634095
41.48,0.0192736557930593,0.0119334826807201,0.0119334826807201,3.99109039030945e-05,5.05359267515271e-05,1.38559409262729,1.46868701148805e-16,91.9452231448786,5.00919997445865e-07,91.9179696780467
41.5,0.019329551847441,0.0119540115359293,0.0119540115359293,4.00035362625765e-05,5.0451723492495e-05,1.38559377778632,3.06151254491706e-16,91.9464751236077,5.02679924205497e-07,91.9202121640532
41.52,0.0193851069077024,0.0119739953100532,0.0119739953100532,4.00955244715978e-05,5.03642158855566e-05,1.38559346321576,1.37849587538812e-16,91.9477192152032,5.04397609078428e-07,91.9224301765721
41.54,0.019440316769964,0.0119934325645266,0.0119934325645266,4.01868701108944e-05,5.02734160361396e-05,1.38559314895579,1.39700000369091e-16,91.9489554043346,5.06072702978023e-07,91.9246235733645
41.56,0.0194951772776892,0.0120123223417681,0.0120123223417681,4.02775746485009e-05,5.01793364633407e-05,1.38559283504677,2.2662332591842e-17,91.950183676485,5.07704856335486e-07,91.9267922148349
41.58,0.0195496843212851,0.0120306627067159,0.0120306627067159,4.03676394367252e-05,5.00819901023686e-05,1.38559252152923,3.20493781063927e-17,91.9514040179567,5.09293731636115e-07,91.9289359640555
41.6,0.0196038338377937,0.0120484531736032,0.0120484531736032,4.04570657073562e-05,4.99813903027668e-05,1.38559220844386,3.20493781063927e-17,91.9526164158755,5.10838995222521e-07,91.9310546867903
41.62,0.0196576218105381,0.0120656912813646,0.0120656912813646,4.05458545672595e-05,4.98775508275262e-05,1.38559189583153,5.67237777340591e-16,91.9538208581956,5.12340325491409e-07,91.9331482515193
41.64,0.0197110442687976,0.0120823771619683,0.0120823771619683,4.0634006993579e-05,4.97704858515302e-05,1.38559158373322,2.87105906626411e-16,91.9550173337043,5.13797404696795e-07,91.9352165294619
41.66,0.0197640972874707,0.0120985087321664,0.0120985087321664,4.07215238310097e-05,4.96602099628873e-05,1.38559127219007,1.37849587538812e-16,91.9562058320264,5.15209928111119e-07,91.9372593945996
41.68,0.0198167769867791,0.0121140846562288,0.0121140846562288,4.0808405786315e-05,4.96848117745863e-05,1.38559096124333,1.29195173483207e-16,91.9573863436283,5.16577592453314e-07,91.9392767236988
41.7,0.0198690795319453,0.0121291040699233,0.0121291040699233,4.08946534254336e-05,4.99951207248994e-05,1.38559065093438,1.44222201478767e-16,91.9585588598225,5.1790010938939e-07,91.941268396333
41.72,0.019921001132878,0.0121435660668742,0.0121435660668742,4.09802671693128e-05,5.03047504010201e-05,1.3855903413047,1.17756934401283e-16,91.9597233727718,5.19177193478342e-07,91.9432342949045
41.74,0.0199725380439105,0.0121574690388779,0.0121574690388779,4.10652472911004e-05,5.06136592199891e-05,1.38559003239588,1.29195173483207e-16,91.9608798754931,5.2040856747595e-07,91.9451743046657
41.76,0.0200236865634635,0.0121708123862445,0.0121708123862445,4.11495939117648e-05,5.09218055084748e-05,1.38558972424959,1.34311368887474e-16,91.962028361861,5.21593971013727e-07,91.9470883137401
41.78,0.0200744430337984,0.0121835943878479,0.0121835943878479,4.12333069973685e-05,5.12291475129878e-05,1.38558941690759,1.5782488380293e-16,91.9631688266124,5.22733136972896e-07,91.9489762131426
41.8,0.0201248038407252,0.0121958149558345,0.0121958149558345,4.13163863553941e-05,5.15356434072078e-05,1.38558911041169,2.36737325704394e-16,91.964301265349,5.2382582234287e-07,91.9508378967996
41.82,0.0201747654133214,0.0122074722234635,0.0122074722234635,4.13988316326375e-05,5.18412513046407e-05,1.3855888048038,1.26686290510169e-16,91.9654256745417,5.24871783148734e-07,91.9526732615686
41.84,0.020224324223686,0.0122185653868749,0.0122185653868749,4.14806423112627e-05,5.21459292652793e-05,1.38558850012584,1.47957438816714e-16,91.9665420515335,5.25870787951835e-07,91.9544822072572
41.86,0.0202734767866672,0.012229093954577,0.012229093954577,4.15618177069209e-05,5.24496353058179e-05,1.3855881964198,1.43552953313206e-16,91.9676503945428,5.26822610135159e-07,91.9562646366415
41.88,0.0203222196596142,0.0122390567631025,0.0122390567631025,4.16423569657881e-05,5.27523274092001e-05,1.38558789372769,2.6440736937774e-16,91.9687507026668,5.27727039957425e-07,91.9580204554851
41.9,0.0203705494421135,0.0122484528422829,0.0122484528422829,4.17222590618317e-05,5.30539635326122e-05,1.38558759209157,1.42880570444356e-16,91.969842975884,5.28583863820043e-07,91.9597495725557
41.92,0.0204184627757825,0.0122572812356077,0.0122572812356077,4.1801522795713e-05,5.3354501621472e-05,1.38558729155348,1.35263943723665e-16,91.9709272150575,5.29392889339633e-07,91.9614518996434
41.94,0.0204659563439831,0.012265541623735,0.012265541623735,4.18801467911943e-05,5.36538996116498e-05,1.38558699215549,1.36445310640356e-16,91.9720034219372,5.30153927507961e-07,91.9631273515767
41.96,0.0205130268716441,0.0122732327481689,0.0122732327481689,4.19581294942688e-05,5.39521154454548e-05,1.38558669393966,1.71471660878152e-16,91.9730715991631,5.30866799924399e-07,91.9647758462391
41.98,0.0205596711249874,0.0122803538384122,0.0122803538384122,4.20354691705908e-05,5.42491070767426e-05,1.38558639694803,4.60274150786893e-17,91.9741317502672,5.31531333974286e-07,91.9663973045853
42,0.0206058859113285,0.0122869047287331,0.0122869047287331,4.21121639041425e-05,5.45448324815734e-05,1.38558610122262,3.93258406819606e-16,91.9751838796759,5.32147373918693e-07,91.9679916506555
42.02,0.0206516680788811,0.012292884255322,0.012292884255322,4.21882115967104e-05,5.48392496697581e-05,1.38558580680543,3.92523114670944e-17,91.9762279927124,5.32714762090041e-07,91.9695588115916
42.04,0.0206970145165023,0.0122982916512721,0.0122982916512721,4.22636099638983e-05,5.51323166895212e-05,1.38558551373841,1.44444595136665e-16,91.9772640955986,5.3323336107163e-07,91.9710987176503
42.06,0.020741922153528,0.0123031269896156,0.0123031269896156,4.23383565373139e-05,5.54239916417121e-05,1.38558522206346,2.77786956326454e-16,91.978292195457,5.3370303200027e-07,91.9726113022179
42.08,0.0207863879595395,0.0123073888420463,0.0123073888420463,4.24124486606424e-05,5.57142326855775e-05,1.38558493182242,2.79170136445269e-16,91.9793123003127,5.34123659156634e-07,91.974096501823
42.1,0.0208304089442064,0.0123110771232466,0.0123110771232466,4.24858834912252e-05,5.60029980505306e-05,1.38558464305705,4.2283625258952e-16,91.9803244190946,5.34495124410581e-07,91.9755542561499
42.12,0.020873982157047,0.0123141911943076,0.0123141911943076,4.25586579972337e-05,5.62902460439219e-05,1.38558435580906,3.30357427920038e-17,91.9813285616376,5.34817325543371e-07,91.9769845080506
42.14,0.0209171046872951,0.0123167307213995,0.0123167307213995,4.2630768958787e-05,5.65759350601436e-05,1.38558407012004,2.55014184812288e-16,91.9823247386832,5.35090162747091e-07,91.9783872035568
42.16,0.0209597736636705,0.0123186948172281,0.0123186948172281,4.27022129661662e-05,5.68600235903993e-05,1.38558378603151,3.02034570370913e-16,91.9833129618814,5.35313555500376e-07,91.9797622918913
42.18,0.0210019862542224,0.0123200834020073,0.0123200834020073,4.27729864208612e-05,5.71424702326961e-05,1.38558350358487,5.42063383608116e-16,91.9842932437913,5.35487427139177e-07,91.9811097254787
42.2,0.0210437396661772,0.0123208961674429,0.0123208961674429,4.28430855350249e-05,5.7423233699172e-05,1.3855832228214,4.16333634234434e-16,91.9852655978825,5.35611711124883e-07,91.9824294599558
42.22,0.0210850311457241,0.0123211326062972,0.0123211326062972,4.29125063312454e-05,5.7702272826532e-05,1.38558294378228,3.30357427920038e-17,91.9862300385355,5.35686353937311e-07,91.9837214541815
42.24,0.0211258579778899,0.0123207922784494,0.0123207922784494,4.29812446432101e-05,5.79795465842636e-05,1.38558266650852,8.01234452659818e-18,91.9871865810427,5.35711306395749e-07,91.984985670246
42.26,0.0211662174863604,0.0123198752840186,0.0123198752840186,4.30492961163927e-05,5.82550140844074e-05,1.38558239104102,2.9165374312205e-16,91.9881352416088,5.35686532820078e-07,91.9862220734796
42.28,0.0212061070333304,0.0123183808433063,0.0123183808433063,4.31166562077114e-05,5.85286345897718e-05,1.38558211742051,8.01234452659818e-18,91.9890760373513,5.35612006691288e-07,91.987430632461
42.3,0.0212455240193424,0.01231630927877,0.01231630927877,4.31833201876637e-05,5.88003675228155e-05,1.38558184568758,2.40370335797945e-17,91.9900089863005,5.35487711615814e-07,91.9886113190249
42.32,0.0212844658831396,0.0123136598255613,0.0123136598255613,4.32492831396117e-05,5.90701724751952e-05,1.38558157588263,1.60647008234791e-16,91.9909341074002,5.35313641807695e-07,91.9897641082695
42.34,0.0213229301015469,0.0123104326434714,0.0123104326434714,4.3314539962166e-05,5.93380092155371e-05,1.38558130804589,1.43552953313206e-16,91.9918514205069,5.35089800159918e-07,91.9908889785629
42.36,0.0213609141892802,0.0123066279887723,0.0123066279887723,4.33790853694038e-05,5.96038376989849e-05,1.3855810422174,2.86770306387072e-16,91.9927609463903,5.34816198244424e-07,91.9919859115493
42.38,0.0213984156988647,0.0123022452071842,0.0123022452071842,4.34429138935421e-05,5.98676180754154e-05,1.38558077843703,2.79859162922616e-16,91.9936627067327,5.34492857276428e-07,91.9930548921548
42.4,0.0214354322204492,0.0122972842140506,0.0122972842140506,4.35060198852086e-05,6.01293106983203e-05,1.3855805167444,1.79161470206219e-17,91.9945567241286,5.34119816793371e-07,91.9940959085924
42.42,0.0214719613817133,0.0122917453767089,0.0122917453767089,4.35683975152316e-05,6.03888761323557e-05,1.38558025717897,4.10588684450383e-16,91.9954430220841,5.33697115850536e-07,91.9951089523666
42.44,0.021508000847723,0.0122856288035937,0.0122856288035937,4.36300407768621e-05,6.06462751620018e-05,1.38557999977994,3.58322940412438e-17,91.9963216250163,5.33224807003788e-07,91.9960940182774
42.46,0.0215435483208145,0.0122789344921143,0.0122789344921143,4.36909434883833e-05,6.09014688019993e-05,1.3855797445863,2.61354769156666e-16,91.9971925582523,5.32702955345256e-07,91.9970511044237
42.48,0.0215786015404597,0.0122716620016798,0.0122716620016798,4.37510992933223e-05,6.11544183020118e-05,1.3855794916368,4.12071381474304e-16,91.9980558480284,5.321316322352e-07,91.9979802122068
42.5,0.021613158283169,0.0122638119085134,0.0122638119085134,4.38105016652988e-05,6.14050851588388e-05,1.38557924096994,1.44666646912853e-16,91.9989115214885,5.31510922534467e-07,91.9988813463319
42.52,0.0216472163623676,0.0122553845301572,0.0122553845301572,4.38691439066965e-05,6.16534311188577e-05,1.38557899262398,5.13040374369232e-17,91.9997596066835,5.30840919300688e-07,91.9997545148111
42.54,0.0216807736282705,0.012246379656944,0.012246379656944,4.39270191561548e-05,6.18994181933452e-05,1.38557874663691,3.97480129194613e-16,92.0006001325692,5.30121725234776e-07,92.0005997289638
42.56,0.0217138279678119,0.0122367981584358,0.0122367981584358,4.39841203862736e-05,6.21430086600316e-05,1.38557850304644,1.5391211231077e-16,92.0014331290052,5.29353455573901e-07,92.0014170034185
42.58,0.0217463773044925,0.0122266397819379,0.0122266397819379,4.40404404097981e-05,6.23841650737589e-05,1.38557826189003,4.16949968597378e-16,92.002258626753,5.28536232305527e-07,92.002206356112
42.6,0.0217784195983146,0.0122159046695764,0.0122159046695764,4.40959718811437e-05,6.26228502744741e-05,1.38557802320483,4.26238655474289e-16,92.0030766574741,5.27670189471218e-07,92.0029678082902
42.62,0.0218099528456663,0.0122045941065814,0.0122045941065814,4.4150707299212e-05,6.2859027393225e-05,1.38557778702771,2.76745034502517e-16,92.0038872537283,5.26755474130958e-07,92.0037013845069
42.64,0.0218409750792306,0.012192707746968,0.012192707746968,4.42046390111631e-05,6.30926598608195e-05,1.38557755339524,1.4175284507353e-16,92.0046904489711,5.25792232380407e-07,92.0044071126223
42.66,0.0218714843678782,0.0121802459996076,0.0121802459996076,4.42577592161835e-05,6.33237114160412e-05,1.38557732234369,1.39008982115133e-16,92.0054862775519,5.24780638280727e-07,92.0050850238015
42.68,0.0219014788165973,0.0121672093731056,0.0121672093731056,4.43100599673078e-05,6.35521461103128e-05,1.38557709390899,2.53372581020338e-17,92.0062747747113,5.2372085576764e-07,92.0057351525122
42.7,0.021930956566394,0.0121535988064239,0.0121535988064239,4.43615331762348e-05,6.37779283176876e-05,1.38557686812678,2.73595462630232e-16,92.0070559765789,5.22613072885059e-07,92.0063575365215
42.72,0.0219599157941921,0.0121394145007289,0.0121394145007289,4.44121706169324e-05,6.40010227404009e-05,1.38557664503236,1.38777878078145e-16,92.0078299201699,5.21457485873686e-07,92.0069522168926
42.74,0.0219883547127885,0.0121246569974985,0.0121246569974985,4.44619639280462e-05,6.42213944155312e-05,1.38557642466069,2.2662332591842e-17,92.0085966433832,5.20254295795858e-07,92.007519237981
42.76,0.022016271570722,0.0121093268797929,0.0121093268797929,4.4510904618211e-05,6.4439008722994e-05,1.38557620704638,2.80317572997126e-16,92.0093561849978,5.19003715768011e-07,92.0080586474299
42.78,0.0220436646522343,0.0120934252248461,0.0120934252248461,4.4558984069568e-05,6.46538313919809e-05,1.38557599222371,1.25156822484232e-16,92.01010858467,5.17705969514185e-07,92.0085704961652
42.8,0.0220705322771774,0.0120769523100356,0.0120769523100356,4.46061935413423e-05,6.48658285062886e-05,1.3855757802266,1.58028135508273e-16,92.0108538829298,5.1636129329468e-07,92.0090548383898
42.82,0.0220968728009309,0.0120599086957029,0.0120599086957029,4.46525241749541e-05,6.50749665145334e-05,1.38557557108859,1.40616075760831e-16,92.0115921211781,5.14969923851959e-07,92.009511731578
42.84,0.0221226846143497,0.0120422959234587,0.0120422959234587,4.46979669965679e-05,6.52812122303725e-05,1.38557536484287,1.28447654151087e-16,92.0123233416828,5.13532119625861e-07,92.0099412364685
42.86,0.0221479661436803,0.0120241141292869,0.0120241141292869,4.47425129229867e-05,6.54845328451614e-05,1.38557516152226,2.75815577521096e-16,92.0130475875752,5.12048143395695e-07,92.0103434170575
42.88,0.0221727158505009,0.012005364492336,0.012005364492336,4.4786152765701e-05,6.56848959301737e-05,1.38557496115917,1.45330766609988e-16,92.0137649028463,5.10518262762414e-07,92.0107183405908
42.9,0.0221969322316372,0.01198604747976,0.01198604747976,4.48288772342339e-05,6.58822694428185e-05,1.38557476378566,1.47957438816714e-16,92.014475332343,5.08942767506503e-07,92.0110660775562
42.92,0.0222206138191378,0.0119661643642588,0.0119661643642588,4.48706769425562e-05,6.60766217353004e-05,1.38557456943337,1.53075627245853e-16,92.0151789217637,5.0732194114032e-07,92.0113867016742
42.94,0.0222437591801609,0.011945716254873,0.011945716254873,4.49115424116586e-05,6.62679215561734e-05,1.38557437813355,1.34311368887474e-16,92.0158757176545,5.05656088391431e-07,92.0116802898894
42.96,0.022266366916969,0.0119247040961444,0.0119247040961444,4.49514640761123e-05,6.64561380607775e-05,1.38557418991704,2.81232151521661e-16,92.0165657674048,5.03945519773368e-07,92.0119469223605
42.98,0.0222884356668247,0.0119031284528177,0.0119031284528177,4.49904322876169e-05,6.66412408127925e-05,1.38557400481429,4.16949968597378e-16,92.0172491192428,5.02190557371594e-07,92.01218668245
43,0.0223099641019569,0.0118809911632688,0.0118809911632688,4.50284373194759e-05,6.68231997904556e-05,1.38557382285531,1.58636328142894e-16,92.0179258222308,5.00391526164559e-07,92.0123996567138
43.02,0.0223309509295127,0.0118582920633176,0.0118582920633176,4.50654693732497e-05,6.70019853936665e-05,1.38557364406971,1.60246890531964e-16,92.0185959262608,4.98548768970769e-07,92.0125859348901
43.04,0.022351394891493,0.0118350338946874,0.0118350338946874,4.5101518581706e-05,6.71775684470965e-05,1.38557346848665,1.48174226389121e-16,92.0192594820495,4.96662632466044e-07,92.012745609887
43.06,0.022371294764711,0.0118112168724482,0.0118112168724482,4.51365750147855e-05,6.73499202059613e-05,1.3855732961349,2.59134631792629e-16,92.0199165411335,4.94733470558662e-07,92.0128787777712
43.08,0.0223906493607251,0.0117868426799626,0.0117868426799626,4.51706286842236e-05,6.75190123600178e-05,1.38557312704274,3.75812270406911e-17,92.0205671558637,4.9276165499696e-07,92.0129855377547
43.1,0.0224094575258307,0.0117619122225086,0.0117619122225086,4.52036695490589e-05,6.76848170404476e-05,1.38557296123806,1.26432664048552e-16,92.0212113794011,4.90747559940095e-07,92.0130659921816
43.12,0.0224277181409634,0.0117364268617962,0.0117364268617962,4.52356875204929e-05,6.78473068218555e-05,1.38557279874828,1.38082245236068e-16,92.0218492657103,4.88691568708339e-07,92.0131202465147
43.14,0.0224454301217105,0.0117103880479926,0.0117103880479926,4.5266672466253e-05,6.80064547273762e-05,1.38557263960037,7.51624540813822e-17,92.0224808695549,4.86594075711727e-07,92.0131484093215
43.16,0.022462592418221,0.0116837975397335,0.0116837975397335,4.529661421752e-05,6.81622342344479e-05,1.38557248382087,2.68861619758816e-16,92.0231062464916,4.8445547680679e-07,92.0131505922589
43.18,0.0224792040151875,0.011656656063935,0.011656656063935,4.53255025714882e-05,6.83146192765882e-05,1.38557233143583,1.23348476118107e-16,92.0237254528645,4.82276189065264e-07,92.0131269100585
43.2,0.0224952639318253,0.0116289653728573,0.0116289653728573,4.53533272994647e-05,6.84635842491677e-05,1.38557218247085,2.73008221209153e-16,92.0243385457994,4.80056631005376e-07,92.0130774805109
43.22,0.0225107712217941,0.011600727408659,0.011600727408659,4.53800781504584e-05,6.86091040129622e-05,1.38557203695109,1.2230313120034e-16,92.0249455831975,4.77797227413484e-07,92.01300242445
43.24,0.0225257249731975,0.011571942731812,0.011571942731812,4.54057448559298e-05,6.87511538970398e-05,1.3855718949012,2.81688327249736e-16,92.0255466237299,4.75498420433843e-07,92.0129018657355
43.26,0.0225401243085335,0.0115426138514785,0.0115426138514785,4.54303171359672e-05,6.88897097020913e-05,1.3855717563454,5.58340272890538e-16,92.026141726831,4.73160649317724e-07,92.0127759312369
43.28,0.0225539683846688,0.0115127422435957,0.0115127422435957,4.54537847052883e-05,6.90247477068695e-05,1.38557162130739,9.81307786677359e-17,92.0267309526924,4.70784367781311e-07,92.0126247508154
43.3,0.0225672563927961,0.0114823288779828,0.0114823288779828,4.54761372754785e-05,6.91562446655247e-05,1.38557148981044,4.38854183572088e-17,92.0273143622563,4.68370038701903e-07,92.0124484573062
43.32,0.0225799875584095,0.0114513762173099,0.0114513762173099,4.54973645646408e-05,6.92841778184849e-05,1.38557136187728,1.48822694373047e-16,92.0278920172091,4.65918130260596e-07,92.0122471864999
43.34,0.0225921611412991,0.0114198856211176,0.0114198856211176,4.55174562985211e-05,6.94085248877929e-05,1.38557123753021,4.12071381474304e-16,92.028463979975,4.63429121728259e-07,92.0120210771241
43.36,0.0226037764354767,0.0113878591877408,0.0113878591877408,4.5536402218253e-05,6.95292640848777e-05,1.38557111679102,1.76998475780723e-16,92.0290303137087,4.60903492857918e-07,92.0117702708237
43.38,0.0226148327692057,0.0113552978718534,0.0113552978718534,4.55541920846318e-05,6.9646374112553e-05,1.38557099968099,2.82712031388956e-16,92.029591082289,4.58341740278337e-07,92.011494912141
43.4,0.0226253295049247,0.0113222048165329,0.0113222048165329,4.55708156843261e-05,6.97598341665717e-05,1.38557088622094,2.929714625264e-16,92.0301463503115,4.5574436495775e-07,92.0111951484963
43.42,0.0226352660392623,0.0112885808985314,0.0112885808985314,4.55862628332111e-05,6.98696239367358e-05,1.38557077643117,2.88221751899302e-16,92.030696183082,4.53111872203867e-07,92.0108711301665
43.44,0.022644641802999,0.0112544282900075,0.0112544282900075,4.56005233838021e-05,6.99757236128917e-05,1.38557067033149,1.30677384578333e-16,92.0312406466087,4.50444776485509e-07,92.0105230102646
43.46,0.0226534562610544,0.0112197491795931,0.0112197491795931,4.56135872283206e-05,7.00781138831541e-05,1.38557056794122,4.32146973772522e-16,92.0317798075953,4.47743604807753e-07,92.0101509447178
43.48,0.0226617089124535,0.0111845450893617,0.0111845450893617,4.56254443054953e-05,7.01767759381244e-05,1.38557046927916,2.57519295882335e-16,92.0323137334334,4.45008882729186e-07,92.0097550922462
43.5,0.0226693992903306,0.0111488186304878,0.0111488186304878,4.56360846054151e-05,7.02716914737778e-05,1.38557037436363,3.58322940412438e-17,92.0328424921954,4.42241150273309e-07,92.00933561434
43.52,0.0226765269619019,0.0111125717834587,0.0111125717834587,4.56454981729495e-05,7.03628426879099e-05,1.38557028321241,1.72777064849482e-16,92.0333661526263,4.39440948427947e-07,92.008892675237
43.54,0.0226830915284377,0.0110758064811505,0.0110758064811505,4.56536751158469e-05,7.04502122899076e-05,1.38557019584281,3.67171752872013e-17,92.0338847841364,4.36608826859875e-07,92.0084264418997
43.56,0.022689092625285,0.0110385245099038,0.0110385245099038,4.56606056067244e-05,7.05337834947528e-05,1.38557011227161,6.30892638917295e-17,92.0343984567932,4.33745345361306e-07,92.0079370839914
43.58,0.0226945299218082,0.0110007283361892,0.0110007283361892,4.5666279890058e-05,7.06135400272423e-05,1.38557003251507,1.43552953313206e-16,92.034907241314,4.30851067099597e-07,92.0074247738527
43.6,0.0226994031214146,0.0109624206871244,0.0109624206871244,4.56706882868855e-05,7.06894661248736e-05,1.38556995658898,4.87371890662315e-17,92.0354112090573,4.27926559581581e-07,92.006889686477
43.62,0.0227037119615266,0.0109236036220462,0.0109236036220462,4.5673821198562e-05,7.07615465356248e-05,1.38556988450857,3.12070276574334e-16,92.0359104320151,4.24972399957364e-07,92.0063319994861
43.64,0.0227074562135814,0.0108842785217262,0.0108842785217262,4.56756691121736e-05,7.0829766519287e-05,1.38556981628858,2.58514543247062e-16,92.0364049828045,4.21989175020325e-07,92.0057518931045
43.66,0.0227106356830075,0.0108444489671979,0.0108444489671979,4.56762226067081e-05,7.08941118514606e-05,1.38556975194325,2.2662332591842e-17,92.0368949346597,4.18977466260045e-07,92.005149550135
43.68,0.0227132502092391,0.010804116463539,0.010804116463539,4.56754723562741e-05,7.09545688204472e-05,1.38556969148628,2.60123698868067e-16,92.0373803614232,4.15937871559669e-07,92.0045251559322
43.7,0.0227152996657023,0.0107632838899378,0.0107632838899378,4.5673409134541e-05,7.10111242288036e-05,1.38556963493087,1.67494416394221e-16,92.0378613375377,4.12870990248832e-07,92.0038788983763
43.72,0.0227167839597945,0.0107219536573022,0.0107219536573022,4.56700238211663e-05,7.10637653946744e-05,1.38556958228971,1.92962808829802e-16,92.0383379380374,4.09777426960971e-07,92.0032109678473
43.74,0.02271770303292,0.0106801275298074,0.0106801275298074,4.56653074046403e-05,7.11124801502372e-05,1.38556953357495,1.25413029144353e-16,92.0388102385394,4.06657796454961e-07,92.0025215571972
43.76,0.0227180568604409,0.0106378092512735,0.0106378092512735,4.56592509878459e-05,7.11572568432572e-05,1.38556948879826,2.75349672496708e-16,92.0392783152349,4.03512709632364e-07,92.0018108617238
43.78,0.0227178454517134,0.010595000286023,0.010595000286023,4.56518457923254e-05,7.11980843364213e-05,1.38556944797077,5.83307486244101e-17,92.0397422448805,4.0034279234182e-07,92.0010790791424
43.8,0.0227170688500744,0.0105517039532966,0.0105517039532966,4.56430831633358e-05,7.12349520080036e-05,1.38556941110309,4.33037387437279e-16,92.0402021047893,3.97148665128164e-07,92.0003264095583
43.82,0.0227157271328333,0.0105079220674735,0.0105079220674735,4.56329545728008e-05,7.12678497496455e-05,1.38556937820535,1.34072167684476e-16,92.0406579728219,3.93930963001143e-07,91.9995530554384
43.84,0.0227138204112946,0.0104636584954257,0.0104636584954257,4.56214516241589e-05,7.12967679663556e-05,1.38556934928714,2.70527887447329e-16,92.0411099273773,3.90690323863488e-07,91.9987592215831
43.86,0.0227113488307497,0.0104189151436308,0.0104189151436308,4.56085660580649e-05,7.13216975778419e-05,1.38556932435752,2.68622737774948e-16,92.0415580473839,3.87427380796287e-07,91.9979451150969
43.88,0.0227083125704863,0.0103736942009148,0.0103736942009148,4.55942897544066e-05,7.1342630015625e-05,1.38556930342509,1.48606852788289e-16,92.0420024122901,3.84142785685016e-07,91.9971109453596
43.9,0.0227047118437808,0.0103279993806964,0.0103279993806964,4.55786147381184e-05,7.13595572234826e-05,1.38556928649788,1.3455014484288e-16,92.0424431020555,3.80837182700527e-07,91.9962569239969
43.92,0.0227005468979405,0.0102818331558823,0.0102818331558823,4.55615331820057e-05,7.1372471655673e-05,1.38556927358345,2.50569982613688e-16,92.0428801971407,3.77511227585604e-07,91.9953832648504
43.94,0.0226958180142631,0.0102351985127667,0.0102351985127667,4.55430374117765e-05,7.13813662758245e-05,1.38556926468883,3.94887487558866e-16,92.0433137784989,3.74165572707881e-07,91.9944901839478
43.96,0.0226905255080998,0.0101880979266064,0.0101880979266064,4.55231199092332e-05,7.13862345576022e-05,1.38556925982054,7.03080378804153e-17,92.0437439275656,3.70800884417738e-07,91.9935778994724
43.98,0.0226846697288192,0.0101405340338968,0.0101405340338968,4.55017733159626e-05,7.13870704796005e-05,1.38556925898462,2.75815577521096e-16,92.0441707262495,3.67417825208247e-07,91.9926466317325
44,0.0226782510598408,0.0100925111901809,0.0100925111901809,4.54789904384366e-05,7.13838685284518e-05,1.38556926218657,1.54120524203546e-16,92.0445942569227,3.64017056125983e-07,91.9916966031307
44.02,0.0226712699186669,0.0100440307591919,0.0100440307591919,4.54547642501143e-05,7.13766236937197e-05,1.38556926943141,1.1159904557703e-16,92.045014602411,3.60599253164599e-07,91.9907280381326
44.04,0.0226637267568554,0.00999509673004808,0.00999509673004808,4.54290878957121e-05,7.13653314676765e-05,1.38556928072363,1.02608074873846e-16,92.0454318459844,3.57165089424761e-07,91.9897411632353
44.06,0.0226556220600744,0.00994571142225847,0.00994571142225847,4.54019546949466e-05,7.13499878439716e-05,1.38556929606726,2.43817631882423e-16,92.0458460713468,3.53715241382282e-07,91.9887362069361
44.08,0.0226469563480877,0.00989587835507202,0.00989587835507202,4.53733581460783e-05,7.13305893145222e-05,1.38556931546579,2.929714625264e-16,92.0462573626266,3.50250386477298e-07,91.9877133997001
44.1,0.022637730174811,0.00984560068739636,0.00984560068739636,4.53432919284094e-05,7.13071328681814e-05,1.38556933892223,1.25156822484232e-16,92.0466658043667,3.4677120793591e-07,91.9866729739282
44.12,0.0226279441282841,0.00979488124728055,0.00979488124728055,4.53117499073781e-05,7.1279615990516e-05,1.38556936643911,1.83060593881747e-16,92.0470714815144,3.43278390430709e-07,91.9856151639249
44.14,0.0226175988307431,0.00974372372162828,0.00974372372162828,4.5278726135572e-05,7.12480366567014e-05,1.38556939801845,4.80740671595891e-17,92.047474479411,3.39772622491591e-07,91.9845402058655
44.16,0.0226066949385973,0.00969213016086129,0.00969213016086129,4.524421485757e-05,7.12123933348519e-05,1.38556943366177,1.36209856952169e-16,92.0478748837827,3.36254585415996e-07,91.9834483377632
44.18,0.0225952331424728,0.00964010501959995,0.00964010501959995,4.52082105124873e-05,7.11726849793592e-05,1.38556947337012,2.60370378581033e-16,92.0482727807293,3.32724974484111e-07,91.9823397994361
44.2,0.0225832141672552,0.00958765119388079,0.00958765119388079,4.5170707737297e-05,7.11289110311153e-05,1.38556951714407,1.28447654151087e-16,92.048668256715,3.29184479190154e-07,91.9812148324739
44.22,0.0225706387720766,0.00953477192940921,0.00953477192940921,4.51317013694439e-05,7.10810714148469e-05,1.38556956498369,1.67685948093612e-16,92.0490613985575,3.25633795296472e-07,91.9800736802043
44.24,0.0225575077503761,0.00948147014077875,0.00948147014077875,4.50911864488588e-05,7.10291665322327e-05,1.38556961688857,5.99588961666477e-17,92.0494522934178,3.22073620494063e-07,91.9789165876596
44.26,0.0225438219299137,0.0094277496019169,0.0094277496019169,4.50491582231995e-05,7.09731972663441e-05,1.38556967285784,1.01349032408135e-16,92.0498410287902,3.18504644759303e-07,91.9777438015423
44.28,0.0225295821728076,0.00937361372798577,0.00937361372798577,4.50056121482201e-05,7.09131649729855e-05,1.38556973289013,1.40616075760831e-16,92.0502276924918,3.14927567711843e-07,91.9765555701914
44.3,0.0225147893755552,0.00931906595766626,0.00931906595766626,4.49605438914309e-05,7.0849071479806e-05,1.38556979698362,1.43552953313206e-16,92.0506123726517,3.11343087524837e-07,91.9753521435483
44.32,0.0224994444690707,0.00926410999142993,0.00926410999142993,4.49139493347704e-05,7.0780919083635e-05,1.38556986513602,6.30892638917295e-17,92.0509951577012,3.07751903817931e-07,91.9741337731217
44.34,0.0224835484187408,0.00920874798034743,0.00920874798034743,4.48658245762608e-05,7.07087105455972e-05,1.38556993734456,1.31412221024805e-16,92.0513761363626,3.04154712353457e-07,91.9729007119538
44.36,0.0224671022244184,0.00915298462173289,0.00915298462173289,4.48161659334543e-05,7.06324490902244e-05,1.38557001360601,2.79170136445269e-16,92.0517553976394,3.00552216608366e-07,91.9716532145848
44.38,0.0224501069205081,0.00909682347258796,0.00909682347258796,4.47649699449509e-05,7.05521384005703e-05,1.3855700939167,1.1331166295921e-17,92.052133030805,2.96945115237968e-07,91.9703915370184
44.4,0.0224325635759608,0.00904026800453106,0.00904026800453106,4.47122333739227e-05,7.04677826164346e-05,1.38557017827249,1.46211567198694e-16,92.0525091253926,2.93334107379735e-07,91.9691159366868
44.42,0.0224144732943476,0.00898332127808898,0.00898332127808898,4.46579532084026e-05,7.03793863288116e-05,1.38557026666877,1.48174226389121e-16,92.0528837711846,2.89719892653301e-07,91.9678266724151
44.44,0.0223958372138869,0.00892598711514519,0.00892598711514519,4.46021266654421e-05,7.02869545785578e-05,1.38557035910052,8.21020998839574e-17,92.0532570582014,2.8610316489233e-07,91.9665240043862
44.46,0.022376656507494,0.00886826950859674,0.00886826950859674,4.45447511915721e-05,7.01904928508412e-05,1.38557045556225,8.62955915345466e-17,92.0536290766915,2.82484632877565e-07,91.9652081941053
44.48,0.0223569323828149,0.00881017196776734,0.00881017196776734,4.448582446561e-05,7.00900070722543e-05,1.38557055604803,5.13040374369232e-17,92.0539999171199,2.7886498851401e-07,91.9638795043642
44.5,0.0223366660822923,0.00875169821195848,0.00875169821195848,4.44253444008073e-05,6.99855036088159e-05,1.38557066055149,3.05521528927125e-16,92.0543696701582,2.75244927081817e-07,91.9625381992058
44.52,0.0223158588832047,0.00869285159210613,0.00869285159210613,4.43633091457498e-05,6.98769892597539e-05,1.38557076906584,3.9055556787155e-16,92.0547384266732,2.7162514868277e-07,91.9611845438877
44.54,0.0222945120977044,0.00863363668391233,0.00863363668391233,4.42997170873471e-05,6.97644712543966e-05,1.38557088158385,1.52023548612203e-16,92.0551062777164,2.68006343293214e-07,91.9598188048469
44.56,0.0222726270729057,0.00857405656883953,0.00857405656883953,4.42345668514592e-05,6.96479572486197e-05,1.38557099809785,1.12743681122073e-16,92.0554733145132,2.64389208604111e-07,91.9584412496634
44.58,0.022250205190894,0.00851411569436338,0.00851411569436338,4.41678573052191e-05,6.95274553212943e-05,1.38557111859978,2.70527887447329e-16,92.0558396284521,2.60774436520455e-07,91.9570521470241
44.6,0.0222272478688159,0.00845381690614446,0.00845381690614446,4.40995875583072e-05,6.94029739691793e-05,1.38557124308113,3.30357427920038e-17,92.0562053110736,2.57162713161274e-07,91.9556517666865
44.62,0.0222037565589239,0.00839316499624346,0.00839316499624346,4.40297569648594e-05,6.92745221038127e-05,1.385571371533,2.63921326008349e-16,92.0565704540595,2.53554729467231e-07,91.9542403794426
44.64,0.0221797327486396,0.00833216349494709,0.00833216349494709,4.3958365124257e-05,6.9142109046183e-05,1.38557150394606,4.08551010907525e-17,92.0569351492223,2.49951173003838e-07,91.9528182570823
44.66,0.0221551779606053,0.00827081674119115,0.00827081674119115,4.38854118838838e-05,6.90057445256187e-05,1.38557164031058,3.12070276574334e-16,92.0572994884938,2.46352726514971e-07,91.951385672357
44.68,0.0221300937527647,0.00820912844932268,0.00820912844932268,4.38108973394551e-05,6.88654386720167e-05,1.38557178061643,5.55227148500128e-16,92.0576635639145,2.42760065994208e-07,91.9499428989431
44.7,0.0221044817184198,0.00814710222397757,0.00814710222397757,4.37348218356796e-05,6.87212020127337e-05,1.38557192485309,4.16333634234434e-16,92.0580274676227,2.3917387948922e-07,91.9484902114053
44.72,0.022078343486288,0.00808474250410177,0.00808474250410177,4.36571859685415e-05,6.85730454683675e-05,1.38557207300963,1.77722398948334e-16,92.0583912918436,2.35594836725454e-07,91.9470278851601
44.74,0.0220516807206034,0.00802205305234424,0.00802205305234424,4.35779905867688e-05,6.84209803496483e-05,1.38557222507475,3.67171752872013e-17,92.0587551288781,2.32023616589463e-07,91.9455561964393
44.76,0.0220244951211476,0.00795903834970138,0.00795903834970138,4.34972367922219e-05,6.82650183516653e-05,1.38557238103675,1.20983749228328e-16,92.0591190710923,2.28460883985052e-07,91.9440754222526
44.78,0.021996788423357,0.00789570265653341,0.00789570265653341,4.34149259411988e-05,6.81051715496483e-05,1.38557254088355,1.34311368887474e-16,92.0594832109063,2.24907309601989e-07,91.9425858403516
44.8,0.0219685623983872,0.00783204870246562,0.00783204870246562,4.333105964538e-05,6.79414523947486e-05,1.38557270460271,1.37849587538812e-16,92.0598476407832,2.21363557379744e-07,91.9410877291927
44.82,0.0219398188531832,0.00776808241077275,0.00776808241077275,4.32456397732152e-05,6.77738737098199e-05,1.38557287218139,2.73947203245971e-16,92.0602124532184,2.1783028643615e-07,91.9395813679002
44.84,0.0219105596305767,0.00770380678785441,0.00770380678785441,4.31586684505748e-05,6.76024486845339e-05,1.38557304360642,8.51723906196051e-17,92.0605777407287,2.14308152031728e-07,91.9380670362295
44.86,0.0218807866093606,0.00763922700269502,0.00763922700269502,4.30701480612672e-05,6.74271908700508e-05,1.38557321886423,1.42880570444356e-16,92.0609435958409,2.10797811355651e-07,91.9365450145307
44.88,0.0218505017043783,0.00757434639065292,0.00757434639065292,4.29800812489621e-05,6.72481141765768e-05,1.38557339794093,9.78031290763402e-17,92.0613101110817,2.07299908578668e-07,91.9350155837108
44.9,0.0218197068665975,0.00750916928811886,0.00750916928811886,4.28884709176064e-05,6.70652328682575e-05,1.38557358082223,3.8224845992388e-16,92.0616773789657,2.03815091728838e-07,91.933479025198
44.92,0.0217884040832356,0.00744370039239918,0.00744370039239918,4.27953202308051e-05,6.68785615551837e-05,1.38557376749355,1.12172823372375e-16,92.0620454919857,2.00344000155269e-07,91.9319356209041
44.94,0.0217565953778062,0.00737794403854066,0.00737794403854066,4.27006326149521e-05,6.66881151933918e-05,1.38557395793991,4.0807933361625e-16,92.0624145426007,1.96887270314084e-07,91.9303856531878
44.96,0.0217242828102645,0.00731190453374863,0.00731190453374863,4.26044117584797e-05,6.64939090788685e-05,1.38557415214602,1.50751362659743e-16,92.0627846232258,1.93445536732751e-07,91.928829404818
44.98,0.0216914684770638,0.00724558575540667,0.00724558575540667,4.25066616126297e-05,6.62959588406675e-05,1.38557435009626,2.52992236676284e-16,92.063155826221,1.90019419473823e-07,91.9272671589372
45,0.0216581545112771,0.00717899265587395,0.00717899265587395,4.24073863921964e-05,6.60942804382447e-05,1.38557455177466,1.56394725914009e-16,92.0635282438803,1.86609547278796e-07,91.9256991990244
45.02,0.0216243430827059,0.00711212931595345,0.00711212931595345,4.23065905770127e-05,6.58888901576837e-05,1.38557475716494,1.51176614174929e-16,92.0639019684208,1.83216532495601e-07,91.9241258088584
45.04,0.0215900363979768,0.00704500076769699,0.00704500076769699,4.22042789110104e-05,6.56798046039242e-05,1.3855749662505,2.98076446739867e-16,92.0642770919721,1.79840991329474e-07,91.9225472724816
45.06,0.0215552367006577,0.00697761084810469,0.00697761084810469,4.21004564045756e-05,6.54670406996516e-05,1.3855751790144,1.2230313120034e-16,92.0646537065655,1.76483527931558e-07,91.9209638741624
45.08,0.0215199462713585,0.00690996419958994,0.00690996419958994,4.19951283331869e-05,6.52506156768595e-05,1.38557539543942,2.78248780346594e-16,92.0650319041229,1.73144745006499e-07,91.9193758983598
45.1,0.021484167427876,0.00684206604505721,0.00684206604505721,4.18883002390445e-05,6.50305470744073e-05,1.38557561550803,8.6666757081999e-17,92.065411776446,1.69825235133508e-07,91.9177836296858
45.12,0.0214479025252718,0.00677391985146364,0.00677391985146364,4.17799779328656e-05,6.48068527353551e-05,1.38557583920237,2.71711822589382e-16,92.0657934152061,1.66525592338282e-07,91.9161873528698
45.14,0.0214111539560389,0.00670553126432598,0.00670553126432598,4.16701674918184e-05,6.45795507969726e-05,1.3855760665043,1.37149246407634e-16,92.0661769119327,1.6324639811026e-07,91.9145873527213
45.16,0.0213739241501889,0.00663690437760225,0.00663690437760225,4.15588752609534e-05,6.43486596894061e-05,1.38557629739541,8.1710202181505e-17,92.0665623580033,1.59988233938878e-07,91.9129839140944
45.18,0.0213362155753976,0.00656804376306135,0.00656804376306135,4.14461078547994e-05,6.41141981310156e-05,1.38557653185697,1.53075627245853e-16,92.0669498446323,1.56751669259481e-07,91.911377321851
45.2,0.0212980307371529,0.00649895410460568,0.00649895410460568,4.13318721576192e-05,6.38761851241565e-05,1.38557676986998,8.21020998839574e-17,92.0673394628607,1.53537270132261e-07,91.9097678608246
45.22,0.0212593721788549,0.00642964043270137,0.00642964043270137,4.1216175321829e-05,6.36346399465193e-05,1.38557701141516,2.06619086970647e-16,92.0677313035452,1.50345599242266e-07,91.9081558157848
45.24,0.021220242481986,0.00636010785846817,0.00636010785846817,4.10990247713192e-05,6.33895821522401e-05,1.38557725647295,2.68742205309329e-16,92.0681254573476,1.4717720866694e-07,91.9065414714002
45.26,0.021180644266239,0.00629036071081929,0.00629036071081929,4.09804281994669e-05,6.31410315610204e-05,1.38557750502354,1.61046131851761e-16,92.0685220147247,1.44032645179923e-07,91.9049251122037
45.28,0.0211405801896685,0.00622040413482522,0.00622040413482522,4.08603935722166e-05,6.28890082599032e-05,1.38557775704684,9.68135272711647e-17,92.068921065917,1.40912447840234e-07,91.9033070225557
45.3,0.0211000529488352,0.00615024206565465,0.00615024206565465,4.07389291254694e-05,6.26335325926153e-05,1.38557801252251,9.54781043141982e-17,92.0693227009388,1.37817152813909e-07,91.901687486609
45.32,0.0210590652789593,0.00607988099686111,0.00607988099686111,4.06160433684519e-05,6.23746251593449e-05,1.38557827142994,5.06745162040676e-17,92.0697270095674,1.34747283730727e-07,91.9000667882728
45.34,0.021017619954098,0.00600932509797077,0.00600932509797077,4.04917450829102e-05,6.21123068098584e-05,1.38557853374829,5.19259272631903e-17,92.070134081333,1.31703364702626e-07,91.8984452111774
45.36,0.0209757197872713,0.00593857939230532,0.00593857939230532,4.03660433236204e-05,6.18465986390593e-05,1.38557879945646,2.8888919027333e-17,92.0705440055079,1.28685905858797e-07,91.8968230386388
45.38,0.0209333676306683,0.00586764838132924,0.00586764838132924,4.02389474188722e-05,6.15775219829917e-05,1.38557906853312,7.21111007393836e-17,92.0709568710963,1.25695412024629e-07,91.8952005536234
45.4,0.0208905663757777,0.00579653815205614,0.00579653815205614,4.01104669709653e-05,6.13050984126229e-05,1.38557934095669,1.26432664048552e-16,92.0713727668241,1.22732382721707e-07,91.8935780387128
45.42,0.0208473189535915,0.00572525354887634,0.00572525354887634,3.99806118586448e-05,6.1029349732955e-05,1.38557961670537,2.79629676075559e-16,92.0717917811285,1.19797307828342e-07,91.891955776069
45.44,0.0208036283347684,0.00565379983745161,0.00565379983745161,3.98493922339481e-05,6.07502979734775e-05,1.38557989575713,1.85499186897729e-16,92.0722140021477,1.16890675294188e-07,91.8903340473992
45.46,0.0207594975298231,0.00558218279852214,0.00558218279852214,3.97168185270494e-05,6.04679653881668e-05,1.38558017808971,1.10151525861604e-16,92.0726395177108,1.14012950889367e-07,91.8887131339215
45.48,0.0207149295893014,0.00551040644810234,0.00551040644810234,3.95829014439909e-05,6.01823744490471e-05,1.38558046368065,9.64814044149008e-17,92.0730684153278,1.11164612438093e-07,91.8870933163299
45.5,0.0206699276039883,0.00543847680941071,0.00543847680941071,3.94476519682494e-05,5.9893547839307e-05,1.38558075250726,1.45991865245586e-16,92.073500782179,1.08346118478031e-07,91.8854748747602
45.52,0.0206244947050953,0.005366400418861,0.005366400418861,3.9311081361624e-05,5.96015084532997e-05,1.38558104454665,6.65555322425615e-17,92.0739367051055,1.05557916457076e-07,91.8838580887553
45.54,0.0205786340644515,0.00529418202212953,0.00529418202212953,3.91732011655869e-05,5.93062793892152e-05,1.38558133977571,2.95589278916485e-16,92.0743762705989,1.0280045671611e-07,91.8822432372316
45.56,0.020532348894736,0.00522182647598472,0.00522182647598472,3.90340232018215e-05,5.900788394686e-05,1.38558163817115,8.40341783408386e-17,92.0748195647911,1.00074170791623e-07,91.8806305984445
45.58,0.0204856424496538,0.00514934017297173,0.00514934017297173,3.88935595711759e-05,5.87063456196635e-05,1.38558193970948,1.6342040436301e-16,92.0752666734451,9.7379498416893e-08,91.879020449955
45.6,0.0204385180241775,0.00507672899879494,0.00507672899879494,3.87518226570899e-05,5.84016880929017e-05,1.38558224436701,7.72682523912663e-17,92.0757176819442,9.47168455737324e-08,91.8774130685959
45.62,0.0203909789547551,0.00500399909829625,0.00500399909829625,3.86088251269128e-05,5.80939352414767e-05,1.38558255211986,1.81475623842492e-16,92.0761726752829,9.20866356018493e-08,91.8758087304381
45.64,0.0203430286195403,0.00493115541783819,0.00493115541783819,3.84645799301138e-05,5.77831111205906e-05,1.38558286294398,7.93181640714469e-17,92.0766317380569,8.94892677327642e-08,91.8742077107576
45.66,0.0202946704386134,0.00485820581793045,0.00485820581793045,3.83191003015914e-05,5.746923996508e-05,1.38558317681514,2.41170239292692e-16,92.0770949544532,8.69251373406872e-08,91.8726102840026
45.68,0.020245907874231,0.00478515512739999,0.00478515512739999,3.81723997621082e-05,5.71523461840862e-05,1.38558349370892,3.30357427920038e-17,92.0775624082408,8.43946344960275e-08,91.8710167237597
45.7,0.0201967444310593,0.00471200947332696,0.00471200947332696,3.80244921200759e-05,5.68324543575027e-05,1.38558381360074,1.41979106741989e-16,92.0780341827608,8.18981357686088e-08,91.8694273027221
45.72,0.0201471836564125,0.00463877583457017,0.00463877583457017,3.78753914726949e-05,5.65095892317569e-05,1.38558413646587,1.43552953313206e-16,92.0785103609169,7.94360129066179e-08,91.8678422926566
45.74,0.0200972291405285,0.00456546147274602,0.00456546147274602,3.77251122052219e-05,5.61837757115935e-05,1.38558446227939,2.61600288016966e-16,92.0789910251661,7.70086280149663e-08,91.8662619643712
45.76,0.0200468845167951,0.00449207160372103,0.00449207160372103,3.75736689973669e-05,5.58550388658485e-05,1.38558479101624,4.80740671595891e-17,92.0794762575089,7.46163311444721e-08,91.8646865876828
45.78,0.0199961534620386,0.00441861376544842,0.00441861376544842,3.7421076818503e-05,5.55234039121277e-05,1.38558512265119,1.24642829255131e-16,92.0799661394803,7.22594704172986e-08,91.8631164313857
45.8,0.0199450396967834,0.00434509499563214,0.00434509499563214,3.72673509352328e-05,5.51888962212477e-05,1.38558545715888,2.81232151521661e-16,92.0804607521404,6.99383794906969e-08,91.8615517632194
45.82,0.0198935469855188,0.00427152281367047,0.00427152281367047,3.71125069082203e-05,5.48515413081319e-05,1.38558579451379,4.60274150786893e-17,92.0809601760649,6.76533881646083e-08,91.8599928498371
45.84,0.019841679136996,0.00419790569795893,0.00419790569795893,3.69565605979369e-05,5.45113648315887e-05,1.38558613469027,3.28896739433138e-16,92.0814644913362,6.54048112918984e-08,91.8584399567747
45.86,0.0197894400045039,0.00412424981432602,0.00412424981432602,3.67995281627762e-05,5.4168392586984e-05,1.38558647766251,2.7218395469626e-16,92.081973777534,6.31929569751408e-08,91.856893348419
45.88,0.0197368334861669,0.00405056402530989,0.00405056402530989,3.66414260645238e-05,5.3822650505353e-05,1.3855868234046,4.38854183572088e-17,92.0824881137266,6.10181284952717e-08,91.8553532879773
45.9,0.0196838635252336,0.00397685491677831,0.00397685491677831,3.64822710682282e-05,5.34741646482928e-05,1.38558717189045,1.35501041090066e-16,92.0830075784613,5.88806190077894e-08,91.8538200374465
45.92,0.0196305341104051,0.00390313302654593,0.00390313302654593,3.63220802451308e-05,5.31229612037443e-05,1.3855875230939,2.46827032367708e-16,92.0835322497564,5.67807057567891e-08,91.8522938575826
45.94,0.0195768492761156,0.00382940627736756,0.00382940627736756,3.6160870975542e-05,5.27690664846592e-05,1.38558787698862,9.87828175927473e-17,92.0840622050911,5.471866646853e-08,91.8507750078703
45.96,0.0195228131028856,0.00375568486379884,0.00375568486379884,3.59986609489794e-05,5.24125069212289e-05,1.38558823354818,2.31250199544027e-16,92.0845975213978,5.26947644043597e-08,91.8492637464934
45.98,0.0194684297176143,0.00368197593638538,0.00368197593638538,3.58354681697323e-05,5.20533090626607e-05,1.38558859274604,3.58322940412438e-17,92.0851382750527,5.07092531823518e-08,91.8477603303044
46,0.0194137032939252,0.00360829157318227,0.00360829157318227,3.56713109575588e-05,5.16914995676299e-05,1.38558895455553,9.87828175927473e-17,92.0856845418675,4.87623844919249e-08,91.8462650147953
46.02,0.0193586380525184,0.00353464207496328,0.00353464207496328,3.55062079513326e-05,5.13271052076103e-05,1.38558931894989,1.58028135508273e-16,92.0862363970803,4.68543907359492e-08,91.8447780540682
46.04,0.0193032382614836,0.00346103851310567,0.00346103851310567,3.53401781101965e-05,5.09601528562165e-05,1.38558968590225,3.3993498887763e-17,92.0867939153477,4.49855014243129e-08,91.8432997008061
46.06,0.0192475082366833,0.00338749141334084,0.00338749141334084,3.51732407195458e-05,5.05906694916458e-05,1.38559005538561,1.93792760224811e-16,92.0873571707359,4.31559359414662e-08,91.841830206244
46.08,0.0191914523420833,0.0033140142128033,0.0033140142128033,3.50054153913646e-05,5.02186821900175e-05,1.38559042737291,1.68068356681677e-16,92.0879262367123,4.13659045107492e-08,91.8403698201405
46.1,0.0191350749901496,0.00324061740201065,0.00324061740201065,3.4836722069226e-05,4.98442181231518e-05,1.38559080183698,9.61481343191782e-17,92.0885011861375,3.96156067479003e-08,91.8389187907489
46.12,0.0190783806421839,0.00316731968769639,0.00316731968769639,3.46671810307294e-05,4.94673045556837e-05,1.38559117875055,3.67171752872013e-17,92.0890820912568,3.79052360005304e-08,91.8374773647899
46.14,0.0190213738087401,0.0030941308216692,0.0030941308216692,3.44968128919459e-05,4.90879688415102e-05,1.38559155808626,4.12382848927296e-16,92.089669023692,3.62349725978299e-08,91.8360457874229
46.16,0.01896405904998,0.0030210676423401,0.0030210676423401,3.4325638610625e-05,4.87062384195713e-05,1.38559193981668,2.73008221209153e-16,92.0902620544332,3.46049939760078e-08,91.8346243022188
46.18,0.0189064409760794,0.00294814703546776,0.00294814703546776,3.41536794900097e-05,4.8322140813406e-05,1.38559232391429,2.929714625264e-16,92.0908612538313,3.30154631063619e-08,91.8332131511323
46.2,0.0188485242476428,0.00287538796034825,0.00287538796034825,3.39809571831421e-05,4.79357036262673e-05,1.38559271035148,1.32142971168015e-16,92.0914666915894,3.14665318704249e-08,91.8318125744755
46.22,0.0187903135760818,0.00280280793816615,0.00280280793816615,3.38074936962203e-05,4.75469545360152e-05,1.38559309910057,1.55571590062152e-16,92.0920784367553,2.99583531140577e-08,91.8304228108899
46.24,0.0187318137240552,0.00273043085846371,0.00273043085846371,3.36333113943983e-05,4.71559212973371e-05,1.3855934901338,1.47957438816714e-16,92.0926965577136,2.84910599144093e-08,91.8290440973209
46.26,0.0186730295058802,0.00265827508027456,0.00265827508027456,3.3458433004881e-05,4.67626317350867e-05,1.38559388342337,2.24631619641905e-16,92.0933211221778,2.70647795626645e-08,91.8276766689907
46.28,0.0186139657879653,0.00258636603064272,0.00258636603064272,3.32828816228962e-05,4.63671137420629e-05,1.38559427894136,2.77092777091424e-16,92.0939521971829,2.56796321175532e-08,91.8263207593726
46.3,0.0185546274892434,0.00251473241187657,0.00251473241187657,3.31066807145829e-05,4.59693952767903e-05,1.38559467665983,3.84342069951366e-16,92.0945898490779,2.43357279945316e-08,91.8249766001651
46.32,0.0184950195816155,0.00244340113362051,0.00244340113362051,3.29298541232704e-05,4.55695043592996e-05,1.38559507655074,7.21111007393836e-17,92.0952341435179,2.30331698944372e-08,91.8236444212662
46.34,0.0184351470904184,0.00237240730254515,0.00237240730254515,3.2752426076513e-05,4.51674690733483e-05,1.38559547858603,1.97077617226841e-16,92.0958851454569,2.17720460531964e-08,91.8223244507484
46.36,0.018375015094851,0.00230178467593903,0.00230178467593903,3.25744211858533e-05,4.47633175539863e-05,1.38559588273755,3.84675990144631e-16,92.0965429191408,2.05524413315905e-08,91.8210169148335
46.38,0.0183146287284788,0.00223157127316884,0.00223157127316884,3.23958644592772e-05,4.43570779984359e-05,1.3855962889771,1.85499186897729e-16,92.0972075280994,1.93744314292911e-08,91.8197220378681
46.4,0.0182539931796703,0.00216181219455242,0.00216181219455242,3.22167813022737e-05,4.39487786505488e-05,1.38559669727645,3.67171752872013e-17,92.09787903514,1.8238080474041e-08,91.8184400422989
46.42,0.0181931136921011,0.00209255305193587,0.00209255305193587,3.20371975242406e-05,4.3538447805691e-05,1.3855971076073,7.51624540813822e-17,92.0985575023399,1.71434429503097e-08,91.8171711486484
46.44,0.0181319955652344,0.00202385201497101,0.00202385201497101,3.18571393462522e-05,4.31261138083006e-05,1.38559751994129,1.62039639929492e-16,92.0992429910392,1.60905685209303e-08,91.8159155754917
46.46,0.018070644154812,0.0019557678989398,0.0019557678989398,3.16766334053444e-05,4.27118050447817e-05,1.38559793425006,1.48606852788289e-16,92.0999355618343,1.50794957589712e-08,91.8146735394319
46.48,0.0180090648733523,0.00188836820534208,0.00188836820534208,3.14957067622718e-05,4.22955499470579e-05,1.38559835050515,2.40370335797945e-17,92.1006352745709,1.41102540763912e-08,91.8134452550776
46.5,0.0179472631906684,0.00182172750137504,0.00182172750137504,3.13143869066091e-05,4.18773769843561e-05,1.38559876867812,4.80740671595891e-17,92.1013421883372,1.31828651705301e-08,91.8122309350196
46.52,0.0178852446343753,0.00175593594023547,0.00175593594023547,3.11327017660292e-05,4.14573146678698e-05,1.38559918874043,1.61245323185597e-16,92.1020563614571,1.22973425419459e-08,91.8110307898078
46.54,0.0178230147904021,0.0016910913388115,0.0016910913388115,3.09506797101331e-05,4.10353915418771e-05,1.38559961066356,4.31477957672733e-17,92.1027778514838,1.14536881192677e-08,91.8098450279294
46.56,0.0177605793035427,0.00162730376827178,0.00162730376827178,3.07683495594655e-05,4.06116361846287e-05,1.38560003441892,6.65555322425615e-17,92.1035067151931,1.06518980451615e-08,91.808673855786
46.58,0.0176979438779575,0.00156470157684374,0.00156470157684374,3.05857405924074e-05,4.01860772079043e-05,1.38560045997789,2.76745034502517e-16,92.1042430085772,9.89196122983793e-09,91.807517477672
46.6,0.0176351142777379,0.00150342799915772,0.00150342799915772,3.0402882551839e-05,3.97587432519053e-05,1.38560088731185,1.77179733867934e-16,92.1049867868383,9.17385549374343e-09,91.8063760957534
46.62,0.0175720963274371,0.00144365019828834,0.00144365019828834,3.02198056528008e-05,3.93296629841444e-05,1.38560131639212,5.19259272631903e-17,92.1057381043819,8.4975456389046e-09,91.8052499100458
46.64,0.0175088959126275,0.00138555862976759,0.00138555862976759,3.00365405915808e-05,3.88988651003341e-05,1.38560174719,8.05230659258805e-17,92.1064970148116,7.86300225331413e-09,91.8041391183938
46.66,0.017445518980445,0.00132936312836656,0.00132936312836656,2.98531185521674e-05,3.84663783181693e-05,1.38560217967678,1.88247472696781e-16,92.1072635709218,7.27017422759789e-09,91.8030439164502
46.68,0.017381971540162,0.00127530950550385,0.00127530950550385,2.96695712128724e-05,3.80322313759951e-05,1.38560261382373,4.36213111340614e-16,92.1080378246928,6.71900514858193e-09,91.8019644976554
46.7,0.0173182596637461,0.00122367359158077,0.00122367359158077,2.94859307579712e-05,3.75964530363593e-05,1.38560304960207,8.55484294927236e-17,92.108819827284,6.20943522794738e-09,91.8009010532178
46.72,0.0172543894864219,0.0011747624438382,0.0011747624438382,2.93022298820034e-05,3.71590720769088e-05,1.38560348698302,2.13194621619634e-16,92.1096096290289,5.74139165895577e-09,91.7998537720931
46.74,0.0171903672072643,0.00112892187720163,0.00112892187720163,2.91185018011552e-05,3.67201172941645e-05,1.38560392593781,2.4421226548065e-16,92.1104072794285,5.31479777755998e-09,91.7988228409657
46.76,0.0171261990897469,0.00108652416324015,0.00108652416324015,2.89347802599996e-05,3.62796174993019e-05,1.3856043664376,1.08979667784353e-16,92.1112128271466,4.92956679427573e-09,91.7978084442288
46.78,0.0170618914623439,0.00104797750303574,0.00104797750303574,2.8751099539057e-05,3.58376015170414e-05,1.38560480845358,2.2662332591842e-17,92.1120263200032,4.5856017941815e-09,91.7968107639656
46.8,0.0169974507191044,0.00101370224437798,0.00101370224437798,2.85674944655311e-05,3.53940981843159e-05,1.38560525195692,2.14694954145802e-16,92.11284780497,4.282798629901e-09,91.7958299799312
46.82,0.0169328833202287,0.000984129590735594,0.000984129590735594,2.83840004193309e-05,3.49491363476062e-05,1.38560569691875,2.18694445026883e-16,92.1136773281644,4.02105074324047e-09,91.7948662695334
46.84,0.0168681957926676,0.000959668163508072,0.000959668163508072,2.82006533437668e-05,3.45027448640511e-05,1.38560614331024,6.30892638917295e-17,92.1145149348444,3.80023903975027e-09,91.7939198078153
46.86,0.0168033947306997,0.00094070979456771,0.00094070979456771,2.80174897519821e-05,3.40549525974509e-05,1.3856065911025,3.01609169356454e-16,92.1153606694034,3.62024104983579e-09,91.7929907674375
46.88,0.0167384867965237,0.000927557779943732,0.000927557779943732,2.78345467370915e-05,3.36057884182672e-05,1.38560704026668,5.13040374369232e-17,92.1162145753652,3.4809169460092e-09,91.7920793186606
46.9,0.0166734787208327,0.000920447583008154,0.000920447583008154,2.76518619781617e-05,3.31552812027347e-05,1.3856074907739,4.00456947377173e-16,92.1170766953787,3.38213220458489e-09,91.791185629328
46.92,0.0166083773034238,0.000919488849210808,0.000919488849210808,2.7469473750956e-05,3.29888944390344e-05,1.38560794259527,2.87998928710294e-16,92.1179470712132,3.32373735480268e-09,91.7903098648493
46.94,0.0165431894137521,0.000924674698509455,0.000924674698509455,2.72874209346779e-05,3.29503245970475e-05,1.38560839570192,1.6283008188824e-16,92.1188257437535,3.30557858642988e-09,91.7894521881839
46.96,0.0164779219915404,0.000935880018458708,0.000935880018458708,2.7105743019647e-05,3.29108183032556e-05,1.38560885006496,1.52023548612203e-16,92.1197127529953,3.32749196379658e-09,91.7886127598243
46.98,0.0164125820473344,0.000952866087313383,0.000952866087313383,2.69244801160872e-05,3.28703837899624e-05,1.38560930565552,1.94454170885591e-16,92.1206081380401,3.38930824743284e-09,91.787791737781
47,0.0163471766630876,0.000975301403076431,0.000975301403076431,2.67436729594167e-05,3.28290292985756e-05,1.3856097624447,7.60117743061015e-17,92.1215119370912,3.49085530488747e-09,91.7869892775663
47.02,0.0162817129927304,0.0010027970367622,0.0010027970367622,2.65633629196016e-05,3.27867630798284e-05,1.38561022040363,1.35263943723665e-16,92.1224241874488,3.63194557447085e-09,91.7862055321793
47.04,0.0162161982627281,0.00103491805810465,0.00103491805810465,2.63835920067858e-05,3.27435933875631e-05,1.38561067950343,7.89124419014648e-17,92.1233449255058,3.81239101233069e-09,91.7854406520912
47.06,0.0161506397726398,0.00107122874265567,0.00107122874265567,2.62044028767496e-05,3.26995284805065e-05,1.38561113971523,1.61046131851761e-16,92.1242741867436,4.0319987529784e-09,91.7846947852304
47.08,0.016085044895654,0.00111128044949322,0.00111128044949322,2.60258388385582e-05,3.26545766216046e-05,1.38561160101017,1.59845771278246e-16,92.1252120057277,4.29056194817815e-09,91.783968076968
47.1,0.0160194210791462,0.0011546637564719,0.0011546637564719,2.58479438582712e-05,3.26087460731372e-05,1.38561206335938,5.13040374369232e-17,92.1261584161038,4.58787230320389e-09,91.7832606701045
47.12,0.0159537758451789,0.00120099492448373,0.00120099492448373,2.56707625643504e-05,3.2562045097384e-05,1.385612526734,2.27894516901224e-16,92.1271134505936,4.92371573736578e-09,91.7825727048555
47.14,0.0158881167910403,0.00124991353769232,0.00124991353769232,2.54943402508671e-05,3.2514481957735e-05,1.3856129911052,1.31167732959975e-16,92.1280771409909,5.29786804453649e-09,91.7819043188385
47.16,0.0158224515897219,0.00130110509815233,0.00130110509815233,2.53187228818288e-05,3.24660649111408e-05,1.38561345644413,1.31412221024805e-16,92.1290495181582,5.71010164344353e-09,91.7812556470599
47.18,0.0157567879904144,0.0013542860501401,0.0013542860501401,2.51439570925701e-05,3.24168022134419e-05,1.38561392272196,6.25784112421159e-17,92.1300306120223,6.16018364901423e-09,91.7806268219025
47.2,0.0156911338189832,0.00140920584164273,0.00140920584164273,2.497009019207e-05,3.23667021138174e-05,1.38561438990988,1.82885164427093e-16,92.1310204515711,6.64787105073843e-09,91.7800179731127
47.22,0.015625496978398,0.00146564614094863,0.00146564614094863,2.47971701620672e-05,3.23157728563395e-05,1.38561485797909,1.98214456752023e-16,92.1320190648501,7.17292132027055e-09,91.7794292277886
47.24,0.0155598854491805,0.00152341021030524,0.00152341021030524,2.46252456576776e-05,3.22640226759763e-05,1.38561532690078,1.07795070996481e-16,92.1330264789586,7.73507842868131e-09,91.7788607103682
47.26,0.0154943072898032,0.00158233350475551,0.00158233350475551,2.44543660045586e-05,3.221145979726e-05,1.38561579664616,3.01715575840399e-16,92.1340427200468,8.33409068651587e-09,91.778312542618
47.28,0.0154287706370755,0.00164226373565765,0.00164226373565765,2.42845811962247e-05,3.21580924371734e-05,1.38561626718649,4.40095847220288e-16,92.1350678133122,8.96968904642576e-09,91.7777848436219
47.3,0.0153632837065018,0.00170307834281877,0.00170307834281877,2.41159418897728e-05,3.21039288009306e-05,1.38561673849298,2.55014184812288e-16,92.1361017829966,9.64160928270062e-09,91.7772777297702
47.32,0.0152978547926053,0.00176465656864391,0.00176465656864391,2.39484993977646e-05,3.20489770802013e-05,1.38561721053691,3.65506963648658e-16,92.137144652383,1.03495755977012e-08,91.7767913147493
47.34,0.0152324922692473,0.00182689965337904,0.00182689965337904,2.37823056830903e-05,3.19932454535543e-05,1.38561768328954,1.48822694373047e-16,92.1381964437927,1.10933088186429e-08,91.7763257095312
47.36,0.0151672045898674,0.00188972570138654,0.00188972570138654,2.36174133470526e-05,3.1936742086236e-05,1.38561815672216,3.27233410439598e-16,92.1392571785823,1.18725254332681e-08,91.7758810223641
47.38,0.015102000287745,0.0019530512104022,0.0019530512104022,2.34538756186965e-05,3.18794751255069e-05,1.38561863080607,6.79869977755259e-17,92.1403268771409,1.26869342147002e-08,91.7754573587627
47.4,0.0150368879761708,0.00201680925553124,0.00201680925553124,2.32917463409726e-05,3.18214527041949e-05,1.3856191055126,9.54781043141982e-17,92.1414055588876,1.35362463468818e-08,91.7750548214986
47.42,0.01497187634862,0.00208094151484119,0.00208094151484119,2.31310799556979e-05,3.1762682937142e-05,1.38561958081307,2.3277205395428e-16,92.142493242269,1.44201556558617e-08,91.7746735105921
47.44,0.0149069741788601,0.00214539285479243,0.00214539285479243,2.29719314837807e-05,3.17031739187623e-05,1.38562005667885,1.73518600724112e-16,92.1435899447563,1.53383656109641e-08,91.7743135233029
47.46,0.01484219032102,0.00221011392285201,0.00221011392285201,2.28143565051743e-05,3.16429337248181e-05,1.38562053308129,3.74271698932427e-16,92.1446956828431,1.62905632879467e-08,91.7739749541226
47.48,0.0147775337096069,0.00227506359711834,0.00227506359711834,2.26584111371293e-05,3.15819704121978e-05,1.38562100999178,1.61046131851761e-16,92.1458104720434,1.72764367268952e-08,91.7736578947659
47.5,0.0147130133594841,0.00234020368769899,0.00234020368769899,2.25041520058531e-05,3.15202920144753e-05,1.38562148738174,1.44444595136665e-16,92.1469343268889,1.8295671557077e-08,91.7733624341639
47.52,0.0146486383657807,0.00240549660470502,0.00240549660470502,2.23516362191925e-05,3.14579065450182e-05,1.38562196522258,5.37484410618657e-17,92.1480672609273,1.93479437644854e-08,91.773088658456
47.54,0.0145844179037438,0.00247091430295273,0.00247091430295273,2.22009213335462e-05,3.13948219932136e-05,1.38562244348574,1.57417593101224e-16,92.1492092867201,2.04329307816054e-08,91.7728366509837
47.56,0.0145203612285539,0.00253642772936919,0.00253642772936919,2.20520653195945e-05,3.13310463231353e-05,1.38562292214269,1.85499186897729e-16,92.1503604158407,2.15503032906301e-08,91.7726064922832
47.58,0.014456477675033,0.00260200934314406,0.00260200934314406,2.1905126523464e-05,3.12665874768747e-05,1.3856234011649,1.52234546005365e-16,92.1515206588727,2.26997266699517e-08,91.7723982600797
47.6,0.0143927766573263,0.00266763881343176,0.00266763881343176,2.17601636246744e-05,3.12014533707661e-05,1.38562388052388,3.66559289138082e-16,92.1526900254079,2.38808643693081e-08,91.7722120292811
47.62,0.0143292676684904,0.00273329415842448,0.00273329415842448,2.16172355908701e-05,3.11356518938322e-05,1.38562436019113,3.0782422462154e-16,92.1538685240452,2.50933769454549e-08,91.7720478719723
47.64,0.0142659602800097,0.00279895571796437,0.00279895571796437,2.14764016278573e-05,3.10691909077843e-05,1.38562484013821,5.31478809715679e-17,92.1550561623884,2.63369172405284e-08,91.77190585741
47.66,0.0142028641412323,0.00286460308960079,0.00286460308960079,2.13377211285533e-05,3.10020782499087e-05,1.38562532033667,1.48822694373047e-16,92.1562529470454,2.76111419539749e-08,91.7717860520179
47.68,0.0141399889787304,0.00293022317186354,0.00293022317186354,2.1201253613486e-05,3.09343217266278e-05,1.38562580075809,1.80766731977347e-16,92.1574588836264,2.89156981419664e-08,91.7716885193812
47.7,0.0140773445955647,0.00299579975256955,0.00299579975256955,2.1067058672044e-05,3.0865929116608e-05,1.38562628137406,2.17073918222974e-16,92.1586739767432,3.02502328606749e-08,91.7716133202431
47.72,0.0140149408704543,0.0030613197930051,0.0030613197930051,2.09351958965831e-05,3.07969081692061e-05,1.38562676215621,6.04918746141641e-17,92.1598982300073,3.16143893089629e-08,91.7715605125005
47.74,0.0139527877568703,0.00312676843062003,0.00312676843062003,2.08057248137385e-05,3.07272666038028e-05,1.38562724307618,2.22333537519509e-16,92.1611316460297,3.30078044175644e-08,91.7715301511998
47.76,0.013890895281996,0.00319213647044183,0.00319213647044183,2.06787048116182e-05,3.06570121098027e-05,1.38562737965664,2.36194349471821e-16,92.1623742264194,3.4430121385342e-08,91.7715222885342
47.78,0.0138292735456155,0.00325741030318505,0.00325741030318505,2.0554195062634e-05,3.0586152344414e-05,1.38562733674946,3.67171752872013e-17,92.1636259717827,3.58809703927377e-08,91.7715369738402
47.8,0.0137679327188729,0.00332258133067329,0.00332258133067329,2.04322544416922e-05,3.05146949335366e-05,1.3856272950019,6.89247937694062e-17,92.1648868817225,3.73599859596671e-08,91.7715742535948
47.82,0.0137068830429168,0.0033876385950882,0.0033876385950882,2.03129414422487e-05,3.04426474724284e-05,1.38562725440425,1.1911206455961e-16,92.1661569548377,3.88667944092624e-08,91.7716341714135
47.84,0.0136461348274396,0.00345257311516726,0.00345257311516726,2.0196314086961e-05,3.03700175230404e-05,1.38562721494679,3.42193717970894e-16,92.1674361887227,4.04010254398019e-08,91.7717167680476
47.86,0.0135856984490799,0.00351737925469238,0.00351737925469238,2.00824298333047e-05,3.02968126137948e-05,1.38562717661979,6.70360838422379e-17,92.1687245799666,4.1962302963599e-08,91.771822081383
47.88,0.0135255843497,0.0035820449548296,0.0035820449548296,1.99713454794117e-05,3.02230402398074e-05,1.38562713941351,1.63812770844631e-16,92.1700221241531,4.35502489643123e-08,91.7719501464383
47.9,0.0134658030345287,0.00364656539342088,0.00364656539342088,1.98631170628225e-05,3.01487078635532e-05,1.38562710331821,1.21513221120044e-16,92.1713288158606,4.51644878364189e-08,91.772100995364
47.92,0.0134063650701777,0.00371093135272408,0.00371093135272408,1.97577997576623e-05,3.00738229135344e-05,1.38562706832415,2.78133396232013e-16,92.1726446486614,4.68046338489572e-08,91.7722746574414
47.94,0.0133472810824855,0.00377513914913015,0.00377513914913015,1.96554477678546e-05,2.99983927818381e-05,1.38562703442155,2.40370335797945e-17,92.1739696151218,4.84703060926032e-08,91.7724711590823
47.96,0.0132885617542531,0.00383918048462884,0.00383918048462884,1.95561142192061e-05,2.99224248272445e-05,1.38562700160067,1.87735233726348e-16,92.1753037068026,5.0161117389904e-08,91.7726905238289
47.98,0.0132302178227857,0.00390304963956699,0.00390304963956699,1.94598510480604e-05,2.98459263723405e-05,1.38562696985174,2.44343668377153e-16,92.1766469142587,5.18766863493712e-08,91.7729327723539
48,0.0131722600773039,0.0039667417920118,0.0039667417920118,1.93667088881713e-05,2.97689047048522e-05,1.38562693916502,1.9112422996194e-16,92.1779992270396,5.36166219362417e-08,91.7731979224609
48.02,0.0131146993561897,0.00403025023156701,0.00403025023156701,1.92767369566455e-05,2.96913670776444e-05,1.38562690953072,1.13594588900152e-16,92.1793606336897,5.53805355265708e-08,91.7734859890852
48.04,0.0130575465440432,0.00409357291372465,0.00409357291372465,1.91899829375418e-05,2.96133207060567e-05,1.38562688093911,9.24028647830615e-17,92.1807311217485,5.71680351212675e-08,91.7737969842953
48.06,0.0130008125685968,0.00415670017789375,0.00415670017789375,1.91064928661987e-05,2.95347727701234e-05,1.38562685338042,2.68622737774948e-16,92.1821106777517,5.89787301677316e-08,91.7741309172939
48.08,0.0129445083974249,0.00421963345289725,0.00421963345289725,1.90263110137699e-05,2.94557304132415e-05,1.3856268268449,2.02856360869148e-16,92.1834992872313,6.08122296311988e-08,91.7744877944201
48.1,0.0128886450345001,0.00428236256746516,0.00428236256746516,1.89494797702802e-05,2.93762007423926e-05,1.3856268013228,4.53246651836839e-17,92.1848969347162,6.26681419947412e-08,91.7748676191511
48.12,0.0128332335165347,0.00434488654988939,0.00434488654988939,1.88760395310207e-05,2.92961908268108e-05,1.38562677680438,1.99022509253512e-16,92.1863036037339,6.45460680268103e-08,91.775270392105
48.14,0.0127782849091513,0.00440720122984714,0.00440720122984714,1.88060285841595e-05,2.92157077004251e-05,1.38562675327991,3.44251200788941e-16,92.1877192768103,6.64456166926409e-08,91.7756961110436
48.16,0.0127238103028634,0.00446930206974175,0.00446930206974175,1.87394829989299e-05,2.91347583576407e-05,1.38562673073966,8.95807351031095e-17,92.1891439354715,6.83663892428478e-08,91.776144770875
48.18,0.0126698208088357,0.00453118587696632,0.00453118587696632,1.86764365204697e-05,2.90533497586676e-05,1.38562670917391,1.53075627245853e-16,92.1905775602447,7.03079917496827e-08,91.7766163636577
48.2,0.0126163275544777,0.00459284967986901,0.00459284967986901,1.86169204643953e-05,2.89714888246362e-05,1.38562668857295,2.38358833189424e-16,92.1920201306592,7.22700264280869e-08,91.7771108786037
48.22,0.0125633416787962,0.00465428883229497,0.00465428883229497,1.85609636178129e-05,2.88891824395954e-05,1.38562666892708,1.40616075760831e-16,92.1934716252482,7.42521003146387e-08,91.777628302083
48.24,0.0125108743275778,0.00471550083083226,0.00471550083083226,1.85085921453151e-05,2.88064374496244e-05,1.38562665022662,4.40387494599693e-16,92.1949320215495,7.62538117669688e-08,91.7781686176279
48.26,0.0124589366483365,0.00477648380235329,0.00477648380235329,1.84598294996461e-05,2.8723260663055e-05,1.38562663246188,2.24631619641905e-16,92.1964012961078,7.82747668573272e-08,91.7787318059376
48.28,0.0124075397850676,0.00483723367546386,0.00483723367546386,1.84146963397955e-05,2.86396588504712e-05,1.38562661562321,7.25548655477939e-17,92.1978794244756,8.0314566354162e-08,91.7793178448832
48.3,0.0123566948727739,0.004897746473458,0.004897746473458,1.83732104555437e-05,2.85556387480401e-05,1.38562659970095,8.05230659258805e-17,92.1993663812155,8.23728168118861e-08,91.7799267095134
48.32,0.0123064130317975,0.00495802205564851,0.00495802205564851,1.83353866974165e-05,2.84712070504067e-05,1.38562658468548,9.13547832665484e-17,92.2008621399016,8.44491180346193e-08,91.7805583720598
48.34,0.0122567053619315,0.00501805517033528,0.00501805517033528,1.83012369166519e-05,2.83863704160225e-05,1.38562657056716,3.23881126810889e-16,92.2023666731215,8.65430756124459e-08,91.781212801943
48.36,0.0122075829363048,0.0050778461630971,0.0050778461630971,1.82707699144265e-05,2.83011354667018e-05,1.3856265573364,1.5391211231077e-16,92.2038799524784,8.86542941711219e-08,91.781889965779
48.38,0.0121590567950842,0.00513739036311288,0.00513739036311288,1.82439913963649e-05,2.82155087851788e-05,1.38562654498361,4.38854183572088e-17,92.2054019485928,9.07823773720756e-08,91.7825898273861
48.4,0.012111137938929,0.00519668734669169,0.00519668734669169,1.82209039390672e-05,2.81294969182166e-05,1.38562653349921,1.22565303272257e-16,92.2069326311055,9.29269317697169e-08,91.7833123477912
48.42,0.0120638373222687,0.00525573279103629,0.00525573279103629,1.82015069646721e-05,2.80431063743869e-05,1.38562652287365,3.03121935470652e-16,92.2084719686791,9.50875629541279e-08,91.7840574852377
48.44,0.0120171658463577,0.00531452547904418,0.00531452547904418,1.81857967257128e-05,2.79563436254016e-05,1.38562651309741,1.90619721655724e-16,92.2100199290005,9.72638736224073e-08,91.7848251951932
48.46,0.0119711343521271,0.00537306502530952,0.00537306502530952,1.81737662992045e-05,2.78692151056692e-05,1.38562650416095,2.2662332591842e-17,92.211576478784,9.94554799722382e-08,91.7856154303566
48.48,0.0119257536128414,0.0054313472007608,0.0054313472007608,1.81654055896487e-05,2.77817272122949e-05,1.38562649605479,3.28799129477158e-16,92.213141583773,1.01661978914753e-07,91.7864281406675
48.5,0.0118810343265617,0.00548937170461839,0.00548937170461839,1.8160701344453e-05,2.76938863048581e-05,1.38562648876945,1.34430809879408e-16,92.2147152087432,1.03882994844418e-07,91.7872632733137
48.52,0.0118369871084181,0.00554713558467948,0.00554713558467948,1.81596371767132e-05,2.76056987074114e-05,1.38562648229547,1.83279644569041e-16,92.2162973175056,1.06118126118856e-07,91.7881207727412
48.54,0.0117936224826916,0.00560463792523718,0.00560463792523718,1.81621935988798e-05,2.75171707075916e-05,1.38562647662341,4.84067636355823e-17,92.2178878729086,1.08366988453582e-07,91.7890005806623
48.56,0.0117509508747477,0.00566187626670388,0.00566187626670388,1.81683480643862e-05,2.74283085555105e-05,1.38562647174388,4.17411622145613e-16,92.2194868368415,1.10629198528442e-07,91.789902636066
48.58,0.0117089826027665,0.00571884980488714,0.00571884980488714,1.81780750199966e-05,2.73391184653082e-05,1.38562646764746,6.16742380590534e-17,92.2210941702378,1.12904371094622e-07,91.7908268752275
48.6,0.0116677278693467,0.00577555691061652,0.00577555691061652,1.81913459658549e-05,2.72496066155981e-05,1.3856264643248,1.47522907955259e-16,92.2227098330775,1.15192116563836e-07,91.7917732317185
48.62,0.0116271967529476,0.00583199560675503,0.00583199560675503,1.82081295233562e-05,2.71597791476896e-05,1.38562646176655,3.30964145470509e-16,92.2243337843913,1.17492056919728e-07,91.7927416364176
48.64,0.0115873991991939,0.00588816506960484,0.00588816506960484,1.82283915142729e-05,2.7069642169586e-05,1.38562645996338,1.48011665477437e-16,92.2259659822633,1.19803809806465e-07,91.7937320175211
48.66,0.0115483450120622,0.00594406391825126,0.00594406391825126,1.82520950417915e-05,2.69792017528747e-05,1.385626458906,2.33906946961395e-16,92.2276063838346,1.22127001064998e-07,91.7947443005544
48.68,0.011510043844958,0.00599969109048587,0.00599969109048587,1.82792005811362e-05,2.68884639331723e-05,1.38562645858514,3.35491513802109e-16,92.2292549453071,1.24461247857332e-07,91.795778408383
48.7,0.0114725051916823,0.00605504438301423,0.00605504438301423,1.83096660778215e-05,2.67974347110123e-05,1.38562645899153,1.18368662852197e-16,92.2309116219469,1.2680617795307e-07,91.7968342612249
48.72,0.0114357383773247,0.00611012288838654,0.00611012288838654,1.83434470496855e-05,2.67061200542873e-05,1.38562646011597,4.10510499419787e-17,92.2325763680879,1.29161416228834e-07,91.7979117766621
48.74,0.0113997525490975,0.00616492646346697,0.00616492646346697,1.83804966922858e-05,2.66145258940309e-05,1.38562646194924,4.90523034850331e-16,92.2342491371359,1.31526595275866e-07,91.7990108696533
48.76,0.0113645566670915,0.00621945358590025,0.00621945358590025,1.84207659928078e-05,2.65226581290801e-05,1.38562646448217,3.60555503696918e-17,92.2359298815723,1.33901341899441e-07,91.8001314525466
48.78,0.0113301594950291,0.00627370245937423,0.00627370245937423,1.84642038429197e-05,2.64305226245209e-05,1.38562646770562,4.89015645381701e-17,92.2376185529585,1.36285292548107e-07,91.8012734350926
48.8,0.0112965695909794,0.00632767378936609,0.00632767378936609,1.85107571562623e-05,2.63381252101347e-05,1.38562647161045,1.25156822484232e-16,92.2393151019393,1.38678078848776e-07,91.8024367244576
48.82,0.0112637952980869,0.0063813646230358,0.0063813646230358,1.85603709901129e-05,2.62454716830618e-05,1.38562647618758,1.49575687153021e-16,92.2410194782479,1.41079341107306e-07,91.8036212252373
48.84,0.0112318447353227,0.00643477558134224,0.00643477558134224,1.86129886667114e-05,2.61525678095786e-05,1.38562648142794,3.25462973226292e-17,92.2427316307097,1.43488719629554e-07,91.8048268394708
48.86,0.0112007257882705,0.00648790492530628,0.00648790492530628,1.86685518933169e-05,2.60594193208785e-05,1.38562648732247,1.33892486342604e-16,92.2444515072466,1.45905851828395e-07,91.8060534666552
48.88,0.0111704460999897,0.00654075322083256,0.00654075322083256,1.87270008877823e-05,2.59660319170685e-05,1.38562649386217,5.40462186372674e-17,92.2461790548821,1.48330390063776e-07,91.8073010037597
48.9,0.0111410130619459,0.00659331810524376,0.00659331810524376,1.87882744994121e-05,2.58724112665032e-05,1.38562650103804,1.64643444956823e-16,92.2479142197451,1.50761974641554e-07,91.8085693452408
48.92,0.0111124338050736,0.0066456004354516,0.0066456004354516,1.88523103312619e-05,2.57785630055629e-05,1.38562650884112,2.38829699129461e-16,92.2496569470752,1.53200259368167e-07,91.8098583830575
48.94,0.0110847151909352,0.00669759768632779,0.00669759768632779,1.89190448599393e-05,2.56844927402078e-05,1.38562651726249,2.39333170349028e-16,92.251407181227,1.55644897085727e-07,91.8111680066868
48.96,0.0110578638030695,0.00674931158667109,0.00674931158667109,1.89884135544116e-05,2.55902060442015e-05,1.38562652629322,1.7128436244882e-16,92.2531648656752,1.58095539189851e-07,91.8124981031396
48.98,0.0110318859384814,0.0068007397577414,0.0068007397577414,1.90603509923438e-05,2.54957084622198e-05,1.38562653592445,7.03080378804153e-17,92.2549299430197,1.60551848165926e-07,91.8138485569768
49,0.011006787599348,0.00685188198434409,0.00685188198434409,1.91347909737848e-05,2.54010055078524e-05,1.38562654614732,2.6434666282904e-16,92.2567023549902,1.63013484088514e-07,91.8152192503259
49.02,0.0109825744849469,0.00690273907814466,0.00690273907814466,1.92116666313057e-05,2.5306102666045e-05,1.385626556953,2.58669704741884e-16,92.2584820424516,1.65480106067854e-07,91.8166100628976
49.04,0.0109592519838165,0.0069533084897103,0.0069533084897103,1.92909105371971e-05,2.52110053913235e-05,1.38562656833272,1.66918502655643e-16,92.2602689454092,1.67951385268274e-07,91.818020872003
49.06,0.0109368251661941,0.00700359202729375,0.00700359202729375,1.93724548076922e-05,2.51157191084594e-05,1.38562658027769,1.28447654151087e-16,92.2620630030142,1.7042699092545e-07,91.8194515525708
49.08,0.010915298776728,0.00705358753736854,0.00705358753736854,1.94562312029488e-05,2.50202492171336e-05,1.38562659277918,2.36737325704394e-16,92.2638641535686,1.72906591792889e-07,91.8209019771652
49.1,0.0108946772275266,0.00710329556025528,0.00710329556025528,1.95421712223721e-05,2.49246010837201e-05,1.38562660582848,1.61692606494721e-16,92.2656723345312,1.75389867713867e-07,91.822372016004
49.12,0.0108749645915091,0.00715271628081816,0.00715271628081816,1.96302061969487e-05,2.48287800528324e-05,1.38562661941692,2.34455220662822e-16,92.2674874825229,1.77876493710022e-07,91.8238615369765
49.14,0.0108561645961281,0.00720184842744949,0.00720184842744949,1.97202673763016e-05,2.4732791437776e-05,1.38562663353583,4.95536141880058e-17,92.2693095333324,1.803661539641e-07,91.8253704056622
49.16,0.0108382806174719,0.00725069218637381,0.00725069218637381,1.98122860107075e-05,2.46366405256548e-05,1.38562664817661,4.37480614683075e-16,92.2711384219221,1.82858533623175e-07,91.82689848535
49.18,0.0108213156747317,0.00729924785442989,0.00729924785442989,1.9906193431213e-05,2.45403325755955e-05,1.38562666333064,3.77941535437321e-17,92.2729740824339,1.85353318316485e-07,91.8284456370572
49.2,0.0108052724251182,0.00734751419858486,0.00734751419858486,2.00019211241383e-05,2.44438728234098e-05,1.38562667898937,3.10678594444817e-16,92.2748164481949,1.87850198977067e-07,91.8300117195488
49.22,0.010790153159168,0.00739549180756969,0.00739549180756969,2.00994008000091e-05,2.4347266478042e-05,1.38562669514425,4.89032055027362e-16,92.2766654517238,1.90348874252578e-07,91.8315965893576
49.24,0.0107759597965264,0.0074431810743896,0.0074431810743896,2.01985644582664e-05,2.42505187229014e-05,1.38562671178679,2.96916559329933e-16,92.2785210247369,1.92849037486874e-07,91.833200100804
49.26,0.010762693882172,0.00749058103499012,0.00749058103499012,2.0299344449946e-05,2.41536347169724e-05,1.3856267289085,9.37820882651286e-17,92.280383098154,1.95350391184921e-07,91.8348221060167
49.28,0.0107503565831234,0.00753769216689728,0.00753769216689728,2.04016735330021e-05,2.40566195930381e-05,1.38562674650092,2.22946275998039e-16,92.2822516021051,1.97852640262501e-07,91.8364624549531
49.3,0.0107389486856199,0.00758451403777076,0.00758451403777076,2.05054849262453e-05,2.39594784623431e-05,1.38562676455565,2.32012374552788e-16,92.2841264659367,2.00355488671072e-07,91.8381209954203
49.32,0.0107284705928097,0.00763104738703928,0.00763104738703928,2.06107123563967e-05,2.38622164108193e-05,1.38562678306428,3.19917375470571e-16,92.2860076182179,2.02858655309163e-07,91.8397975730963
49.34,0.0107189223229509,0.00767729233394277,0.00767729233394277,2.07172901043988e-05,2.3764838503304e-05,1.38562680201846,3.22341310569544e-16,92.2878949867474,2.05361849432032e-07,91.841492031552
49.36,0.0107103035080895,0.00772324787716395,0.00772324787716395,2.08251530443333e-05,2.36673497779893e-05,1.38562682140983,2.99258654701926e-16,92.28978849856,2.07864788009552e-07,91.8432042122721
49.38,0.0107026133933085,0.00776891530555765,0.00776891530555765,2.09342366817557e-05,2.38457593857433e-05,1.38562684123011,1.04544978044847e-16,92.291688079933,2.10367194279727e-07,91.8449339546783
49.4,0.0106958508364446,0.00781429435338158,0.00781429435338158,2.1044477187539e-05,2.42416522668876e-05,1.38562686147101,4.29408596512546e-16,92.2935936563935,2.1286879389138e-07,91.8466810961507
49.42,0.0106900143083756,0.00785938491479892,0.00785938491479892,2.11558114265757e-05,2.46353980946079e-05,1.38562688212428,6.1543986090938e-17,92.295505152725,2.15369316350639e-07,91.8484454720513
49.44,0.010685101893806,0.00790418800756652,0.00790418800756652,2.12681769861388e-05,2.50269716142171e-05,1.38562690318171,1.55416766746245e-16,92.2974224929744,2.17868490199309e-07,91.8502269157464
49.46,0.0106811112925885,0.00794870303626046,0.00794870303626046,2.13815121986718e-05,2.54163476547387e-05,1.38562692463509,3.884128117227e-17,92.2993456004591,2.20366052175974e-07,91.85202525863
49.48,0.0106780398215563,0.0079929305275784,0.0079929305275784,2.14957561646761e-05,2.58035011320157e-05,1.38562694647626,1.81873161282391e-16,92.3012743977739,2.22861740465713e-07,91.8538403301474
49.5,0.0106758844168897,0.00803687114712088,0.00803687114712088,2.1610848768477e-05,2.61884070511531e-05,1.3856269686971,8.02235370542462e-17,92.3032088067987,2.25355299039565e-07,91.8556719578188
49.52,0.0106746416369758,0.00808052470353657,0.00808052470353657,2.17267306958111e-05,2.6571040507406e-05,1.38562699128948,5.96906223549092e-17,92.3051487487053,2.27846473315062e-07,91.8575199672637
49.54,0.0106743076657759,0.0081238919661628,0.0081238919661628,2.18433434452266e-05,2.69513766906204e-05,1.38562701424535,4.13315842990742e-16,92.3070941439651,2.30335012567047e-07,91.8593841822248
49.56,0.0106748783166988,0.00816697272067398,0.00816697272067398,2.19606293419592e-05,2.73293908870098e-05,1.38562703755663,2.66824306009619e-16,92.3090449123563,2.32820668963342e-07,91.8612644245928
49.58,0.010676349036924,0.00820976819226532,0.00820976819226532,2.20785315432363e-05,2.7705058479377e-05,1.38562706121532,4.10451850873246e-16,92.3110009729716,2.35303201422062e-07,91.8631605144316
49.6,0.0106787149122293,0.00825227840274646,0.00825227840274646,2.21969940479444e-05,2.80783549535535e-05,1.38562708521342,1.43385153193536e-16,92.3129622442259,2.37782366932667e-07,91.8650722700027
49.62,0.0106819706722509,0.00829450356374922,0.00829450356374922,2.23159617005044e-05,2.84492558986216e-05,1.38562710954295,7.08764225367649e-17,92.3149286438638,2.40257932127892e-07,91.8669995077913
49.64,0.0106861106961791,0.00833644429055743,0.00833644429055743,2.24353801938972e-05,2.88177370100229e-05,1.38562713419599,2.68742205309329e-17,92.3169000889674,2.42729661229652e-07,91.8689420425317
49.66,0.0106911290188983,0.00837810120062531,0.00837810120062531,2.25551960718858e-05,2.91837740911127e-05,1.38562715916463,3.21618543355009e-16,92.3188764959642,2.45197327138809e-07,91.8708996872329
49.68,0.010697019337502,0.00841947504359674,0.00841947504359674,2.26753567292375e-05,2.95473430587112e-05,1.38562718444098,2.62488368809845e-16,92.3208577806349,2.47660708542189e-07,91.8728722532054
49.7,0.010703775018216,0.00846056553519457,0.00846056553519457,2.27958104108352e-05,2.99084199433253e-05,1.38562721001718,2.59784131799018e-16,92.3228438581217,2.50119571108199e-07,91.8748595500872
49.72,0.0107113891036635,0.00850137429753172,0.00850137429753172,2.29165062091716e-05,3.02669808929235e-05,1.38562723588541,8.25893569800096e-17,92.324834642936,2.5257370847074e-07,91.8768613858707
49.74,0.0107198543205037,0.00854190105902117,0.00854190105902117,2.3037394061397e-05,3.06230021762666e-05,1.38562726203788,3.84675990144631e-16,92.3268300489668,2.55022900280965e-07,91.8788775669291
49.76,0.0107291630873497,0.00858214692686171,0.00858214692686171,2.31584247449546e-05,3.09764601851281e-05,1.3856272884668,1.69825795794393e-16,92.3288299894887,2.5746693438681e-07,91.8809078980447
49.78,0.0107393075230297,0.00862211207236471,0.00862211207236471,2.3279549871653e-05,3.13273314371809e-05,1.38562731516444,2.84438230694235e-16,92.3308343771705,2.59905603940013e-07,91.8829521824351
49.8,0.0107502794550925,0.00866179751999729,0.00866179751999729,2.3400721882293e-05,3.16755925793277e-05,1.38562734212308,1.10005726292921e-16,92.3328431240832,2.62338703056639e-07,91.8850102217816
49.82,0.0107620704285763,0.00870120345265077,0.00870120345265077,2.3521894040451e-05,3.20212203908099e-05,1.38562736933503,3.0245937307082e-16,92.3348561417088,2.64766030674389e-07,91.8870818162569
49.84,0.0107746717150132,0.00874033094047215,0.00874033094047215,2.36430204243776e-05,3.23641917874262e-05,1.38562739679263,1.30000135622998e-16,92.3368733409483,2.67187391516929e-07,91.8891667645535
49.86,0.0107880743216254,0.00877918071736599,0.00877918071736599,2.37640559191602e-05,3.27044838226431e-05,1.38562742448824,2.53119081626182e-16,92.3388946321309,2.69602585486287e-07,91.8912648639114
49.88,0.0108022690007149,0.00881775281668854,0.00881775281668854,2.3884956207676e-05,3.30420736913695e-05,1.38562745241425,3.1289205621058e-17,92.3409199250221,2.72011429360224e-07,91.8933759101476
49.9,0.0108172462591954,0.00885604856203201,0.00885604856203201,2.40056777640467e-05,3.33769387348415e-05,1.38562748056309,1.38082245236068e-16,92.3429491288328,2.7441373123755e-07,91.8954996976842
49.92,0.0108329963682837,0.0088940690234575,0.0088940690234575,2.4126177840524e-05,3.37090564406228e-05,1.3856275089272,7.55883070874643e-17,92.3449821522277,2.76809307413861e-07,91.8976360195781
49.94,0.0108495093732621,0.008931814166351,0.008931814166351,2.42464144622196e-05,3.40384044492659e-05,1.38562753749906,7.56943959917247e-17,92.3470189033347,2.79197974666915e-07,91.8997846675495
49.96,0.0108667751033765,0.0089692851910075,0.0089692851910075,2.43663464150301e-05,3.43649605569762e-05,1.38562756627116,3.92625320925682e-16,92.349059289753,2.81579562310728e-07,91.9019454320124
49.98,0.0108847831817492,0.00900648240283927,0.00900648240283927,2.44859332359835e-05,3.46887027182774e-05,1.38562759523603,1.34848020223718e-16,92.3511032185629,2.83953887605222e-07,91.9041181021035
50,0.0109035230353617,0.00904340756850707,0.00904340756850707,2.46051352041767e-05,3.50096090497853e-05,1.38562762438623,3.24277311823604e-16,92.3531505963341,2.86320784203886e-07,91.9063024657125
50.02,0.010922983905071,0.00908006031414719,0.00908006031414719,2.47239133275018e-05,3.53276578313189e-05,1.38562765371433,1.39066698116007e-16,92.3552013291356,2.88680083349389e-07,91.9084983095122
50.04,0.0109431548555758,0.00911644228642978,0.00911644228642978,2.48422293364183e-05,3.56428275147813e-05,1.38562768321295,3.73004542955947e-16,92.3572553225439,2.91031620141711e-07,91.910705418989
50.06,0.0109640247854176,0.00915255388708,0.00915255388708,2.49600456705433e-05,3.59550967219402e-05,1.38562771287472,4.08551010907525e-17,92.3593124816532,2.93375237395453e-07,91.9129235784732
50.08,0.010985582436898,0.00918839628093193,0.00918839628093193,2.50773254713544e-05,3.62644442541971e-05,1.3856277426923,3.52770709157977e-16,92.3613727110839,2.95710770692757e-07,91.9151525711699
50.1,0.0110078164059714,0.00922396976130702,0.00922396976130702,2.51940325677522e-05,3.65708490894789e-05,1.38562777265838,1.06597310809817e-16,92.3634359149924,2.98038063330386e-07,91.91739217919
50.12,0.0110307151520227,0.00925927542017675,0.00925927542017675,2.53101314702606e-05,3.68742903922303e-05,1.38562780276568,2.90025844229635e-16,92.3655019970801,3.00356970177033e-07,91.9196421835812
50.14,0.0110542670075816,0.00929431454498757,0.00929431454498757,2.54255873570385e-05,3.71747475120809e-05,1.38562783300692,3.77941535437321e-17,92.3675708606036,3.02667337422443e-07,91.9219023643596
50.16,0.0110784601879242,0.00932908771677677,0.00932908771677677,2.55403660658148e-05,3.7472199990729e-05,1.38562786337489,6.72750724214401e-17,92.3696424083831,3.049690213818e-07,91.9241725005409
50.18,0.0111032828005161,0.00936359583556829,0.00936359583556829,2.56544340838843e-05,3.7766627564606e-05,1.38562789386238,4.31812595287691e-16,92.371716542813,3.07261874512976e-07,91.9264523701725
50.2,0.0111287228543713,0.00939783953299905,0.00939783953299905,2.57677585380308e-05,3.80580101695394e-05,1.38562792446221,1.58332523852304e-16,92.3737931658708,3.09545760363613e-07,91.9287417503651
50.22,0.011154768269199,0.00943181971839462,0.00943181971839462,2.58803071838401e-05,3.8346327942973e-05,1.38562795516723,3.18207113097993e-16,92.3758721791273,3.11820540552694e-07,91.9310404173247
50.24,0.0111814068844316,0.00946553811306103,0.00946553811306103,2.59920483974123e-05,3.86315612295185e-05,1.38562798597031,3.49250000922727e-17,92.3779534837559,3.1408608007435e-07,91.9333481463852
50.26,0.0112086264680562,0.00949899447368582,0.00949899447368582,2.61029511656314e-05,3.89136905845078e-05,1.38562801686435,2.7770027881964e-16,92.3800369805426,3.16342245369203e-07,91.9356647120404
50.28,0.0112364147252627,0.0095321907564152,0.0095321907564152,2.62129850768624e-05,3.91926967777678e-05,1.38562804784229,3.26177221784709e-16,92.3821225698956,3.1858891011033e-07,91.937989887977
50.3,0.0112647593068932,0.00956512723046836,0.00956512723046836,2.63221203109937e-05,3.94685607962852e-05,1.38562807889708,1.69257814953284e-16,92.3842101518557,3.2082594797081e-07,91.9403234471067
50.32,0.0112936478176932,0.00959780470986208,0.00959780470986208,2.64303276321165e-05,3.97412638510897e-05,1.3856281100217,3.60555503696918e-17,92.3862996261055,3.23053230212901e-07,91.9426651615999
50.34,0.011323067824366,0.00963022450646746,0.00963022450646746,2.65375783797795e-05,4.00107873794742e-05,1.38562814120916,6.16742380590534e-17,92.3883908919798,3.25270640635119e-07,91.9450148029179
50.36,0.011353006863365,0.00966238766754303,0.00966238766754303,2.66438444593374e-05,4.027711304877e-05,1.3856281724525,1.34311368887474e-16,92.3904838484757,3.27478059660836e-07,91.9473721418466
50.38,0.0113834524485297,0.00969429441650026,0.00969429441650026,2.67490983348928e-05,4.05402227616758e-05,1.38562820374479,2.4424512283236e-16,92.3925783942621,3.29675366266929e-07,91.9497369485297
50.4,0.0114143920784259,0.00972594663983241,0.00972594663983241,2.68533130202594e-05,4.08000986591439e-05,1.38562823507911,1.50751362659743e-16,92.3946744276905,3.31862454859517e-07,91.952108992502
50.42,0.0114458132435094,0.00975734479748127,0.00975734479748127,2.69564620728409e-05,4.10567231263759e-05,1.38562826644859,1.12029654426511e-16,92.3967718468047,3.34039207790625e-07,91.9544880427234
50.44,0.011477703433027,0.00978848980772232,0.00978848980772232,2.70585195839374e-05,4.13100787941545e-05,1.38562829784637,4.67195954995211e-17,92.3988705493509,3.3620551801988e-07,91.956873867612
50.46,0.0115100501416913,0.00981938300295692,0.00981938300295692,2.71594601730429e-05,4.15601485452832e-05,1.38562832926562,3.46944695195361e-16,92.4009704327883,3.38361280435565e-07,91.9592662350784
50.48,0.0115428408761083,0.00985002453244636,0.00985002453244636,2.72592589797062e-05,4.18069155181389e-05,1.38562836069956,1.57621370006086e-16,92.403071394299,3.40506383175669e-07,91.9616649125595
50.5,0.0115760631609858,0.00988041588920293,0.00988041588920293,2.73578916575104e-05,4.20503631108904e-05,1.3856283921414,1.62089155481428e-16,92.4051733307985,3.42640733182568e-07,91.9640696670525
50.52,0.0116097045450886,0.00991055808759951,0.00991055808759951,2.74553343668775e-05,4.22904749861619e-05,1.3856284235844,1.50964138154008e-16,92.4072761389458,3.44764226308873e-07,91.9664802651492
50.54,0.0116437526069498,0.00994045200092467,0.00994045200092467,2.75515637679176e-05,4.2527235073031e-05,1.38562845502186,1.88503070197661e-16,92.4093797151541,3.46876761300174e-07,91.9688964730704
50.56,0.0116781949603799,0.00997009829062166,0.00997009829062166,2.76465570150498e-05,4.27606275741343e-05,1.38562848644708,3.18887285829407e-16,92.4114839556009,3.48978243170193e-07,91.9713180567
50.58,0.011713019259686,0.00999949835727498,0.00999949835727498,2.7740291751537e-05,4.29906369701083e-05,1.38562851785342,8.141504094412e-17,92.4135887562384,3.51068584165107e-07,91.9737447816193
50.6,0.0117482132047153,0.0100286525855974,0.0100286525855974,2.78327461020651e-05,4.32172480202553e-05,1.38562854923423,1.93627054542329e-16,92.4156940128041,3.53147685441326e-07,91.9761764131425
50.62,0.0117837645456289,0.0100575626061206,0.0100575626061206,2.79238986684899e-05,4.34404457716475e-05,1.38562858058294,2.9165374312205e-17,92.4177996208313,3.55215458762865e-07,91.97861271635
50.64,0.0118196610874609,0.0100862286397391,0.0100862286397391,2.80137285230108e-05,4.3660215558905e-05,1.38562861189295,9.55621149809701e-17,92.4199054756595,3.5727181251859e-07,91.9810534561244
50.66,0.0118558906944651,0.0101146521123098,0.0101146521123098,2.81022152044071e-05,4.38765430115229e-05,1.38562864315774,2.70409208833394e-16,92.422011472445,3.59316661847661e-07,91.9834983971843
50.68,0.0118924412942228,0.010142833589772,0.010142833589772,2.8189338711811e-05,4.40894140569803e-05,1.38562867437079,2.83279157398025e-17,92.4241175061712,3.61349922371401e-07,91.9859473041199
50.7,0.0119293008815497,0.0101707744386858,0.0101707744386858,2.82750795003234e-05,4.4298814924737e-05,1.38562870552563,4.95536141880058e-17,92.4262234716598,3.63371510193298e-07,91.9883999414274
50.72,0.0119664575221749,0.010198475135846,0.010198475135846,2.83594184766491e-05,4.45047321517844e-05,1.38562873661579,2.44803023067219e-16,92.4283292635806,3.65381343345493e-07,91.9908560735445
50.74,0.012003899356246,0.0102259370982516,0.0102259370982516,2.84423369934802e-05,4.47071525850884e-05,1.38562876763488,2.39601255754103e-16,92.4304347764626,3.67379340342292e-07,91.9933154648848
50.76,0.0120416146015819,0.0102531599336496,0.0102531599336496,2.85238168468716e-05,4.49060633878062e-05,1.38562879857648,3.95800898886926e-16,92.4325399047048,3.69365420180166e-07,91.9957778798734
50.78,0.0120795915567792,0.0102801463571607,0.0102801463571607,2.86038402710554e-05,4.51014520426174e-05,1.38562882943425,4.55366289206494e-16,92.4346445425862,3.71339509570203e-07,91.9982430829819
50.8,0.0121178186040975,0.0103068958565646,0.0103068958565646,2.8682389934288e-05,4.52933063550542e-05,1.38562886020186,2.85676882847404e-16,92.4367485842773,3.73301528955365e-07,92.0007108387635
50.82,0.0121562842121604,0.0103334100954437,0.0103334100954437,2.87594489359713e-05,4.54816144606074e-05,1.38562889087301,2.30137075393447e-17,92.43885192385,3.7525140360025e-07,92.0031809118881
50.84,0.0121949769384905,0.0103596895784529,0.0103596895784529,2.88350008014804e-05,4.56663648245037e-05,1.38562892144144,1.46923329642846e-16,92.4409544552888,3.77189057322966e-07,92.0056530671777
50.86,0.0122338854318559,0.0103857353506823,0.0103857353506823,2.89090294811069e-05,4.58475462516983e-05,1.38562895190092,1.0757150683395e-16,92.4430560725013,3.79114420209748e-07,92.0081270696417
50.88,0.012272998434451,0.0104115478008742,0.0104115478008742,2.8981519344138e-05,4.60251478855422e-05,1.38562898224525,1.47794639458243e-16,92.4451566693291,3.81027421382506e-07,92.0106026845116
50.9,0.0123123047839048,0.0104371283458608,0.0104371283458608,2.90524551770134e-05,4.6199159214666e-05,1.38562901246826,4.65354459342705e-16,92.4472561395583,3.82927987552328e-07,92.013079677277
50.92,0.0123517934151634,0.0104624773977422,0.0104624773977422,2.9121822180144e-05,4.63695700776423e-05,1.38562904256383,1.20784598888821e-16,92.4493543769304,3.84816049769779e-07,92.0155578137204
50.94,0.0123914533621604,0.0104875959400709,0.0104875959400709,2.91896059641569e-05,4.65363706640964e-05,1.38562907252585,1.1673026324197e-16,92.4514512751527,3.86691539085423e-07,92.0180368599523
50.96,0.0124312737594128,0.0105124848624525,0.0105124848624525,2.92557925503042e-05,4.66995515251423e-05,1.38562910234826,2.63738828815147e-16,92.4535467279098,3.88554385585495e-07,92.020516582447
50.98,0.0124712438434055,0.0105371447197408,0.0105371447197408,2.9320368362819e-05,4.68591035696075e-05,1.38562913202502,1.74670948363872e-16,92.4556406288735,3.90404523695706e-07,92.0229967480771
51,0.012511352953888,0.0105615762192216,0.0105615762192216,2.93833202303286e-05,4.70150180738038e-05,1.38562916155016,3.69372558731198e-16,92.4577328717138,3.92241888323929e-07,92.0254771241493
51.02,0.012551590535029,0.0105857804944279,0.0105857804944279,2.9444635381338e-05,4.71672866824147e-05,1.3856291909177,3.91397084378258e-16,92.4598233501101,3.94066408109909e-07,92.0279574784392
51.04,0.0125919461364329,0.0106097579668642,0.0106097579668642,2.95043014441455e-05,4.7315901415601e-05,1.38562922012172,5.46838845272101e-16,92.4619119577613,3.95878021336668e-07,92.0304375792265
51.06,0.0126324094140515,0.0106335094852791,0.0106335094852791,2.95623064415278e-05,4.74608546694455e-05,1.38562924915633,3.35204359814714e-16,92.4639985883968,3.97676664358569e-07,92.0329171953301
51.08,0.0126729701309636,0.010657035979045,0.010657035979045,2.96186387917881e-05,4.76021392223913e-05,1.38562927801569,1.32688392766436e-16,92.4660831357874,3.99462269672668e-07,92.0353960961431
51.1,0.0127136181580839,0.0106803374678371,0.0106803374678371,2.96732873044647e-05,4.77397482374631e-05,1.38562930669398,1.64204199767915e-16,92.4681654937557,4.01234775079821e-07,92.0378740516677
51.12,0.0127543434747111,0.0107034149444552,0.0107034149444552,2.97262411801476e-05,4.78736752680398e-05,1.38562933518542,4.10608228381872e-16,92.470245556187,4.02994115970067e-07,92.0403508325503
51.14,0.0127951361690201,0.0107262696169291,0.0107262696169291,2.97774900076468e-05,4.80039142600752e-05,1.38562936348428,6.08635009990948e-16,92.47232321704,4.04740226286951e-07,92.042826210116
51.16,0.012835986438464,0.0107489018553378,0.0107489018553378,2.9827023762335e-05,4.8130459556095e-05,1.38562939158485,2.65739404857839e-17,92.4743983703574,4.06473049135132e-07,92.0452999564037
51.18,0.0128768845900322,0.0107713117083246,0.0107713117083246,2.98748328051683e-05,4.82533058996371e-05,1.38562941948148,3.22987933708018e-17,92.4764709102767,4.08192516047337e-07,92.0477718442006
51.2,0.0129178210405035,0.0107935002571598,0.0107935002571598,2.99209078811716e-05,4.83724484385828e-05,1.38562944716854,3.20418656529302e-16,92.4785407310405,4.09898566270915e-07,92.0502416470768
51.22,0.0129587863165396,0.0108154680551344,0.0108154680551344,2.9965240117596e-05,4.84878827295976e-05,1.38562947464046,3.84342069951366e-16,92.4806077270078,4.11591137606722e-07,92.0527091394199
51.24,0.0129997710547628,0.0108372155030174,0.0108372155030174,3.00078210220599e-05,4.85996047390191e-05,1.38562950189169,1.1638602697714e-16,92.482671792664,4.13270162551812e-07,92.0551740964691
51.26,0.0130407660017297,0.0108587432534497,0.0108587432534497,3.00486424818687e-05,4.87076108488527e-05,1.38562952891674,1.03231837913227e-16,92.4847328226316,4.14935583728682e-07,92.0576362943497
51.28,0.0130817620138476,0.0108800523760515,0.0108800523760515,3.00876967632538e-05,4.88118978598795e-05,1.38562955571015,1.58028135508273e-16,92.4867907116812,4.16587334598713e-07,92.0600955101075
51.3,0.0131227500572215,0.0109011424812366,0.0109011424812366,3.01249765088096e-05,4.89124629940996e-05,1.38562958226651,9.98332983638422e-17,92.4888453547415,4.18225355855744e-07,92.0625515217422
51.32,0.0131637212074447,0.0109220146041665,0.0109220146041665,3.01604747385492e-05,4.90093039005046e-05,1.38562960858044,5.50757629308019e-17,92.4908966469103,4.19849576139522e-07,92.0650041082419
51.34,0.0132046666493495,0.0109426689263678,0.0109426689263678,3.01941848455551e-05,4.91024186535238e-05,1.38562963464662,6.52157595513166e-17,92.4929444834644,4.21459940001196e-07,92.0674530496166
51.36,0.0132455776766565,0.0109631060804363,0.0109631060804363,3.02261005989738e-05,4.91918057621277e-05,1.38562966045977,2.73888611179587e-16,92.4949887598709,4.2305637849133e-07,92.0698981269319
51.38,0.0132864456916453,0.0109833264158848,0.0109833264158848,3.0256216139452e-05,4.92774641680516e-05,1.38562968601464,2.62090635753763e-16,92.4970293717967,4.2463882941078e-07,92.0723391223424
51.4,0.0133272622047032,0.0110033300680872,0.0110033300680872,3.02845259809932e-05,4.93593932526792e-05,1.38562971130605,1.48174226389121e-16,92.4990662151196,4.26207225256602e-07,92.0747758191253
51.42,0.0133680188338953,0.0110231182828161,0.0110231182828161,3.03110250069446e-05,4.94375928359325e-05,1.38562973632884,4.28660432173003e-16,92.5010991859386,4.27761501900999e-07,92.0772080017131
51.44,0.0134087073044572,0.0110426906340036,0.0110426906340036,3.03357084722693e-05,4.95120631831547e-05,1.38562976107792,3.32777661212807e-17,92.5031281805836,4.29301592805353e-07,92.0796354557271
51.46,0.0134493194482636,0.0110620474437646,0.0110620474437646,3.03585720016943e-05,4.95828050066649e-05,1.38562978554824,1.8380430111342e-16,92.5051530956266,4.30827433359703e-07,92.0820579680097
51.48,0.0134898472032529,0.0110811894798393,0.0110811894798393,3.03796115877087e-05,4.96498194668682e-05,1.38562980973478,2.6733509001433e-16,92.5071738278913,4.3233895316812e-07,92.0844753266576
51.5,0.0135302826128404,0.0111001160802994,0.0111001160802994,3.03988235914482e-05,4.97131081771407e-05,1.3856298336326,1.01665254806537e-16,92.5091902744635,4.33836086656317e-07,92.0868873210538
51.52,0.0135706178252849,0.0111188288697611,0.0111188288697611,3.041620474094e-05,4.97726732051618e-05,1.38562985723678,4.65354459342705e-16,92.5112023327012,4.35318764874858e-07,92.0892937418999
51.54,0.0136108450930217,0.0111373273878949,0.0111373273878949,3.04317521307508e-05,4.98285170758006e-05,1.38562988054248,3.62774327738969e-17,92.5132099002451,4.36786913570505e-07,92.0916943812484
51.56,0.0136509567720118,0.011155611361121,0.011155611361121,3.0445463220763e-05,4.98806427733367e-05,1.38562990354488,2.98775589569075e-16,92.5152128750279,4.38240470544115e-07,92.0940890325344
51.58,0.0136909453210054,0.0111736820709736,0.0111736820709736,3.04573358367032e-05,4.99290537447905e-05,1.38562992623922,2.15738978836366e-17,92.5172111552853,4.39679357202978e-07,92.0964774906069
51.6,0.0137308033008491,0.011191538661673,0.011191538661673,3.04673681673782e-05,4.99737538992573e-05,1.38562994862082,4.47204399920675e-16,92.5192046395651,4.41103507490641e-07,92.0988595517609
51.62,0.0137705233737359,0.0112091816362779,0.0112091816362779,3.04755587663187e-05,5.00147476145685e-05,1.38562997068501,1.14228610134342e-16,92.5211932267377,4.42512841367902e-07,92.1012350137677
51.64,0.0138100983024439,0.0112266112876859,0.0112266112876859,3.04819065503609e-05,5.00520397366255e-05,1.38562999242721,2.60123698868067e-16,92.5231768160056,4.43907288438833e-07,92.1036036759064
51.66,0.0138495209495813,0.0112438272465325,0.0112438272465325,3.0486410796812e-05,5.0085635579622e-05,1.38563001384287,1.57926542353762e-16,92.5251553069135,4.45286776378853e-07,92.1059653389946
51.68,0.0138887842767944,0.0112608302016286,0.0112608302016286,3.04890711468844e-05,5.01155409322607e-05,1.3856300349275,1.71471660878152e-16,92.5271285993578,4.46651226595251e-07,92.1083198054182
51.7,0.0139278813439828,0.011277619759058,0.011277619759058,3.0489887601262e-05,5.01417620564215e-05,1.38563005567668,1.87435781186154e-16,92.5290965935964,4.48000558566662e-07,92.1106668791624
51.72,0.0139668053084816,0.0112941956765158,0.0112941956765158,3.04888605200835e-05,5.01643056878276e-05,1.38563007608603,4.63089947318573e-16,92.5310591902587,4.49334696593356e-07,92.113006365841
51.74,0.0140055494242835,0.0113105581199252,0.0113105581199252,3.0485990624677e-05,5.01831790411522e-05,1.38563009615123,2.68742205309329e-17,92.5330162903544,4.50653563046952e-07,92.1153380727262
51.76,0.0140441070411842,0.0113267072743515,0.0113267072743515,3.04812789953741e-05,5.01983898109071e-05,1.38563011586802,4.55013702015256e-17,92.5349677952835,4.51957070173626e-07,92.1176618087781
51.78,0.0140824716039916,0.0113426432475027,0.0113426432475027,3.04747270692226e-05,5.02099461689998e-05,1.38563013523221,2.69338748119512e-16,92.536913606846,4.53245143720143e-07,92.1199773846732
51.8,0.0141206366516901,0.0113583653001925,0.0113583653001925,3.04663366413204e-05,5.02178567696188e-05,1.38563015423965,1.65421445485469e-16,92.5388536272507,4.54517695450515e-07,92.122284612834
51.82,0.0141585958166053,0.0113738732620717,0.0113738732620717,3.04561098634388e-05,5.02221307485673e-05,1.38563017288627,2.37819559120296e-16,92.5407877591246,4.55774640503904e-07,92.1245833074569
51.84,0.0141963428235909,0.0113891676876751,0.0113891676876751,3.04440492429127e-05,5.02227777257058e-05,1.38563019116804,2.65860168056465e-16,92.5427159055226,4.57015897876779e-07,92.1268732845403
51.86,0.0142338714891868,0.0114042477423238,0.0114042477423238,3.04301576423847e-05,5.0219807804508e-05,1.38563020908101,1.12244339365213e-16,92.5446379699363,4.58241371136372e-07,92.1291543619129
51.88,0.0142711757207967,0.0114191133816328,0.0114191133816328,3.04144382786205e-05,5.02132315733927e-05,1.38563022662128,1.87948836291429e-16,92.5465538563029,4.59450978796988e-07,92.1314263592607
51.9,0.014308249515847,0.0114337640393684,0.0114337640393684,3.03968947216669e-05,5.02030601063908e-05,1.38563024378502,2.91818783450144e-16,92.5484634690147,4.60644627801004e-07,92.1336890981547
51.92,0.0143450869609867,0.0114481999996768,0.0114481999996768,3.03775308939322e-05,5.01893049633662e-05,1.38563026056847,5.43423645178765e-17,92.5503667129277,4.6182222412647e-07,92.1359424020774
51.94,0.0143816822312287,0.0114624206111,0.0114624206111,3.03563510694363e-05,5.01719781904608e-05,1.38563027696792,1.38430498614478e-16,92.5522634933706,4.62983680501726e-07,92.1381860964493
51.96,0.014418029589169,0.0114764255308874,0.0114764255308874,3.03333598729189e-05,5.01510923207604e-05,1.38563029297974,2.76077303574787e-16,92.5541537161532,4.64128899047512e-07,92.1404200086555
51.98,0.0144541233841369,0.0114902143423865,0.0114902143423865,3.03085622790892e-05,5.01266603749606e-05,1.38563030860035,1.43552953313206e-16,92.5560372875758,4.65257781402403e-07,92.142643968071
52,0.0144899580513996,0.0115037869672822,0.0115037869672822,3.02819636102457e-05,5.00986958589245e-05,1.38563032382626,1.26051267511258e-16,92.5579141144372,4.66370231615793e-07,92.1448578060865
52.02,0.0145255281113719,0.0115171424610317,0.0115171424610317,3.02535695374435e-05,5.00672127670132e-05,1.38563033865403,1.45826871561025e-16,92.5597841040435,4.6746615180842e-07,92.1470613561337
52.04,0.0145608281687854,0.0115302809459552,0.0115302809459552,3.02233860772833e-05,5.00322255789776e-05,1.38563035308029,1.32142971168015e-16,92.5616471642163,4.68545440243714e-07,92.1492544537093
52.06,0.0145958529119269,0.0115432012686134,0.0115432012686134,3.01914195922408e-05,4.99937492612901e-05,1.38563036710175,1.6720670747916e-16,92.5635032033013,4.69607993738612e-07,92.1514369364002
52.08,0.014630597111827,0.0115559028991985,0.0115559028991985,3.01576767885752e-05,4.99517992658127e-05,1.38563038071519,1.49897240416619e-17,92.5653521301765,4.70653709110051e-07,92.1536086439069
52.1,0.014665055621515,0.011568385990962,0.011568385990962,3.01221647155074e-05,4.99063915293529e-05,1.38563039391745,1.51653596789605e-16,92.5671938542603,4.71682481246315e-07,92.1557694180675
52.12,0.0146992233752138,0.0115806495511294,0.0115806495511294,3.00848907642902e-05,4.98575424736636e-05,1.38563040670545,2.68323836227191e-16,92.5690282855195,4.72694202142703e-07,92.1579191028805
52.14,0.014733095387596,0.0115926928930843,0.0115926928930843,3.00458626662796e-05,4.98052690036666e-05,1.38563041907618,2.96565002644755e-16,92.5708553344772,4.73688766687498e-07,92.1600575445277
52.16,0.0147666667530453,0.0116045152891427,0.0116045152891427,3.00050884915806e-05,4.97495885063426e-05,1.38563043102671,3.884128117227e-17,92.5726749122213,4.74666060607871e-07,92.1621845913971
52.18,0.0147999326448769,0.011616116409888,0.011616116409888,2.99625766478475e-05,4.96905188500651e-05,1.38563044255417,4.68053983183615e-16,92.5744869304112,4.7562597445263e-07,92.1643000941038
52.2,0.0148328883146457,0.0116274948802103,0.0116274948802103,2.99183358791914e-05,4.96280783830461e-05,1.38563045365578,4.53918941240645e-16,92.5762913012866,4.76568395877603e-07,92.1664039055128
52.22,0.0148655290913797,0.0116386510086638,0.0116386510086638,2.98723752640261e-05,4.95622859324474e-05,1.38563046432883,1.58078907601313e-16,92.5780879376742,4.77493209645633e-07,92.1684958807592
52.24,0.0148978503808958,0.0116495831814536,0.0116495831814536,2.98247042129814e-05,4.94931608008287e-05,1.3856304745707,1.57723159729324e-16,92.5798767529956,4.78400299073071e-07,92.1705758772691
52.26,0.0149298476650792,0.0116602905906744,0.0116602905906744,2.97753324694589e-05,4.94207227681454e-05,1.38563048437881,3.96509875194567e-16,92.5816576612746,4.79289542654634e-07,92.1726437547803
52.28,0.0149615165011943,0.0116707727619482,0.0116707727619482,2.97242701054962e-05,4.93449920861977e-05,1.38563049375071,1.42035615841437e-16,92.5834305771446,4.80160829974802e-07,92.1746993753617
52.3,0.014992852521191,0.0116810285231573,0.0116810285231573,2.96715275208013e-05,4.92659894777425e-05,1.38563050268398,3.30357427920038e-17,92.5851954158555,4.81014030367179e-07,92.1767426034327
52.32,0.015023851431033,0.0116910575972531,0.0116910575972531,2.9617115441827e-05,4.91837361358272e-05,1.38563051117631,1.43832185153253e-16,92.5869520932806,4.81849028112446e-07,92.1787733057824
52.34,0.0150545090100505,0.0117008586359222,0.0117008586359222,2.95610449186406e-05,4.90982537195706e-05,1.38563051922548,4.34166319867054e-16,92.5887005259242,4.82665697365843e-07,92.1807913515876
52.36,0.0150848211102513,0.0117104309045574,0.0117104309045574,2.95033273235981e-05,4.90095643523869e-05,1.3856305268293,1.47141640802844e-16,92.5904406309279,4.83463912764776e-07,92.1827966124313
52.38,0.0151147836557175,0.0117197727868317,0.0117197727868317,2.94439743500783e-05,4.89176906210975e-05,1.38563053398573,3.46690175727503e-16,92.5921723260772,4.8424354653583e-07,92.1847889623202
52.4,0.015144392641936,0.0117288840253161,0.0117288840253161,2.93829980085119e-05,4.88226555694915e-05,1.38563054069276,1.86405434684685e-16,92.5938955298087,4.85004474280739e-07,92.1867682777014
52.42,0.0151736441352032,0.0117377635424788,0.0117377635424788,2.93204106257633e-05,4.87244826992139e-05,1.38563054694849,4.80690591834143e-16,92.5956101612159,4.85746564368779e-07,92.1887344374792
52.44,0.0152025342720033,0.0117464095677644,0.0117464095677644,2.92562248426834e-05,4.86231959642147e-05,1.38563055275109,1.36739057612518e-16,92.5973161400561,4.86469682758407e-07,92.1906873230314
52.46,0.0152310592584116,0.0117548216242163,0.0117548216242163,2.91904536118929e-05,4.85188197694164e-05,1.38563055809883,2.73507456796411e-16,92.5990133867564,4.87173704569194e-07,92.1926268182246
52.48,0.0152592153694964,0.011762998664588,0.011762998664588,2.91231101946362e-05,4.84113789656071e-05,1.38563056299005,1.59895966214725e-16,92.6007018224198,4.87858490937958e-07,92.1945528094298
52.5,0.0152869989487553,0.0117709392589508,0.0117709392589508,2.90542081599308e-05,4.83008988483302e-05,1.38563056742319,2.9463756081541e-16,92.6023813688314,4.88523904930176e-07,92.1964651855364
52.52,0.0153144064075411,0.0117786426477925,0.0117786426477925,2.89837613799737e-05,4.81874051512232e-05,1.38563057139677,2.89139082454464e-16,92.6040519484641,4.89169815879451e-07,92.1983638379669
52.54,0.0153414342244942,0.0117861071006745,0.0117861071006745,2.89117840298816e-05,4.80709240455734e-05,1.38563057490939,8.95807351031095e-18,92.6057134844845,4.89796085886932e-07,92.2002486606905
52.56,0.0153680789450258,0.0117933314951724,0.0117933314951724,2.88382905842173e-05,4.79514821349891e-05,1.38563057795976,2.53372581020338e-17,92.6073659007585,4.90402570785639e-07,92.2021195502358
52.58,0.0153943371807469,0.0118003148205496,0.0118003148205496,2.87632958132686e-05,4.78291064500702e-05,1.38563058054667,5.6932768213075e-16,92.6090091218568,4.90989138944847e-07,92.2039764057041
52.6,0.015420205608973,0.0118070557759202,0.0118070557759202,2.86868147817301e-05,4.7703824446188e-05,1.38563058266898,1.46046821718546e-16,92.6106430730604,4.91555646679742e-07,92.2058191287808
52.62,0.0154456809722003,0.0118135529559491,0.0118135529559491,2.86088628451381e-05,4.75756639986002e-05,1.38563058432566,1.31167732959975e-16,92.6122676803659,4.92101949823342e-07,92.2076476237476
52.64,0.0154707600775956,0.0118198051900464,0.0118198051900464,2.85294556480878e-05,4.74446533988981e-05,1.38563058551577,1.64399564738579e-16,92.6138828704901,4.92627911441123e-07,92.2094617974932
52.66,0.0154954397965196,0.0118258109867314,0.0118258109867314,2.84486091189408e-05,4.73108213474571e-05,1.38563058623847,3.98649368799643e-16,92.6154885708761,4.93133383508796e-07,92.211261559524
52.68,0.0155197170640368,0.0118315689654324,0.0118315689654324,2.83663394695344e-05,4.71741969523265e-05,1.38563058649298,1.6720670747916e-16,92.617084709697,4.93618222823708e-07,92.2130468219743
52.7,0.0155435888784476,0.0118370778251272,0.0118370778251272,2.82826631903421e-05,4.70348097227902e-05,1.38563058627865,1.22892231842524e-16,92.6186712158616,4.94082282325897e-07,92.2148174996153
52.72,0.0155670523008184,0.0118423361284416,0.0118423361284416,2.81975970475237e-05,4.68926895633714e-05,1.3856305855949,3.28506125590525e-16,92.6202480190182,4.94525420741367e-07,92.2165735098646
52.74,0.0155901044545568,0.0118473427015876,0.0118473427015876,2.81111580809671e-05,4.67478667711685e-05,1.38563058444125,1.69636680150214e-16,92.6218150495601,4.94947488599336e-07,92.2183147727943
52.76,0.0156127425249387,0.0118520953419855,0.0118520953419855,2.80233635989102e-05,4.66003720283048e-05,1.38563058281732,2.52102535022516e-16,92.6233722386289,4.95348340286335e-07,92.220041211139
52.78,0.0156349637587061,0.011856593309857,0.011856593309857,2.79342311761057e-05,4.64502363974884e-05,1.38563058072282,1.23153149825936e-16,92.6249195181195,4.95727822474273e-07,92.2217527503028
52.8,0.0156567654636388,0.0118608349897777,0.0118608349897777,2.78437786499425e-05,4.62974913171266e-05,1.38563057815755,2.55454352639216e-16,92.6264568206837,4.96085791478335e-07,92.2234493183669
52.82,0.0156781450081369,0.0118648184449134,0.0118648184449134,2.77520241167199e-05,4.6142168594443e-05,1.38563057512142,1.46046821718546e-16,92.6279840797345,4.96422100720724e-07,92.225130846095
52.84,0.0156990998208379,0.0118685423077206,0.0118685423077206,2.76589859277535e-05,4.59843003992599e-05,1.38563057161442,3.03360103687521e-16,92.6295012294498,4.9673659542686e-07,92.2267972669394
52.86,0.0157196273902174,0.0118720051954025,0.0118720051954025,2.75646826871193e-05,4.58239192613341e-05,1.38563056763665,2.78652248494808e-16,92.631008204776,4.97029129983273e-07,92.2284485170459
52.88,0.0157397252642156,0.01187520570963,0.01187520570963,2.74691332463279e-05,4.56610580601424e-05,1.38563056318831,1.26686290510169e-17,92.6325049414315,4.97299550097547e-07,92.2300845352589
52.9,0.0157593910498542,0.0118781419146339,0.0118781419146339,2.73723567008429e-05,4.54957500213293e-05,1.38563055826969,2.93983173420482e-16,92.6339913759106,4.97547709674049e-07,92.2317052631247
52.92,0.0157786224129062,0.0118808121350956,0.0118808121350956,2.72743723866954e-05,4.53280287091573e-05,1.38563055288116,1.3609197734813e-16,92.635467445486,4.97773460206329e-07,92.2333106448955
52.94,0.0157974170775065,0.0118832148020981,0.0118832148020981,2.71751998764931e-05,4.51579280213998e-05,1.38563054702323,1.55623163605774e-16,92.6369330882125,4.97976646437644e-07,92.2349006275321
52.96,0.0158157728258533,0.0118853482686648,0.0118853482686648,2.70748589741957e-05,4.49854821806817e-05,1.38563054069648,1.43552953313206e-16,92.6383882429299,4.98157121790198e-07,92.2364751607064
52.98,0.0158336874978403,0.0118872109014467,0.0118872109014467,2.69733697128715e-05,4.48107257304819e-05,1.38563053390159,1.25413029144353e-16,92.6398328492657,4.98314735828887e-07,92.2380341968028
53,0.0158511589907534,0.0118888012336205,0.0118888012336205,2.68707523491413e-05,4.46336935264746e-05,1.38563052663935,6.42238270755436e-17,92.6412668476377,4.98449337154279e-07,92.2395776909199
53.02,0.0158681852589606,0.0118901172287568,0.0118901172287568,2.67670273593103e-05,4.44544207298669e-05,1.38563051891066,1.25413029144353e-16,92.642690179257,4.98560780152907e-07,92.2411056008709
53.04,0.0158847643136017,0.0118911571389346,0.0118911571389346,2.66622154352467e-05,4.42729428011823e-05,1.38563051071649,1.22892231842524e-16,92.6441027861302,4.98648909568029e-07,92.2426178871835
53.06,0.0159008942222981,0.011891919442881,0.011891919442881,2.65563374784792e-05,4.40892954904903e-05,1.38563050205794,3.05784072181663e-16,92.6455046110614,4.98713581714836e-07,92.2441145131
53.08,0.0159165731088557,0.0118924025696968,0.0118924025696968,2.64494145986794e-05,4.39035148351863e-05,1.38563049293619,1.51441789986817e-16,92.6468955976548,4.98754649051207e-07,92.2455954445756
53.1,0.0159317991530158,0.0118926042549311,0.0118926042549311,2.63414681064406e-05,4.37156371480008e-05,1.38563048335254,1.44055180923049e-16,92.6482756903165,4.98771961142038e-07,92.247060650277
53.12,0.0159465705901553,0.0118925232563945,0.0118925232563945,2.62325195100515e-05,4.35256990118926e-05,1.38563047330837,4.56017856827133e-16,92.6496448342564,4.98765374302521e-07,92.2485101015804
53.14,0.0159608857110428,0.0118921578214044,0.0118921578214044,2.61225905096846e-05,4.33337372709452e-05,1.38563046280519,1.59895966214725e-16,92.6510029754897,4.98734740990537e-07,92.2499437725686
53.16,0.0159747428616045,0.0118915055637525,0.0118915055637525,2.60117029935264e-05,4.31397890239271e-05,1.38563045184459,1.50751362659743e-16,92.6523500608388,4.98679917039113e-07,92.2513616400277
53.18,0.0159881404426457,0.0118905648423552,0.0118905648423552,2.5899879032616e-05,4.29438916165203e-05,1.38563044042827,2.77555756156289e-16,92.6536860379345,4.98600759245605e-07,92.2527636834429
53.2,0.0160010769096601,0.0118893346384424,0.0118893346384424,2.57871408760358e-05,4.27460826328829e-05,1.38563042855804,3.28701490535294e-16,92.6550108552175,4.9849712585386e-07,92.2541498849945
53.22,0.0160135507725661,0.0118878121028618,0.0118878121028618,2.56735109457173e-05,4.25463998876552e-05,1.38563041623578,3.94562209507324e-17,92.6563244619392,4.98368873179072e-07,92.2555202295528
53.24,0.0160255605955193,0.0118859960500567,0.0118859960500567,2.5559011831199e-05,4.23448814179661e-05,1.38563040346353,1.20318632868358e-16,92.6576268081631,4.98215861393743e-07,92.2568747046721
53.26,0.0160371049966918,0.0118838845973418,0.0118838845973418,2.54436662850143e-05,4.21415654758839e-05,1.38563039024337,1.44055180923049e-16,92.6589178447653,4.98037956456343e-07,92.2582133005847
53.28,0.0160481826480774,0.0118814757467287,0.0118814757467287,2.5327497217373e-05,4.19364905199782e-05,1.38563037657754,2.0364599546551e-16,92.6601975234353,4.97835015646394e-07,92.2595360101945
53.3,0.0160587922752929,0.0118787675990993,0.0118787675990993,2.52105276899172e-05,4.17296952059942e-05,1.38563036246834,1.80811119143634e-16,92.6614657966768,4.97606908297512e-07,92.2608428290694
53.32,0.0160689326573972,0.011875758292449,0.011875758292449,2.50927809117415e-05,4.15212183793034e-05,1.38563034791819,3.17474934059786e-16,92.6627226178078,4.97353497475186e-07,92.2621337554331
53.34,0.0160786026267339,0.011872446523331,0.011872446523331,2.49742802332206e-05,4.13110990671317e-05,1.38563033292963,1.22565303272257e-16,92.663967940961,4.97074652030869e-07,92.2634087901575
53.36,0.0160878010687284,0.0118688299811391,0.0118688299811391,2.48550491402256e-05,4.10993764676792e-05,1.38563031750526,2.89804408164346e-16,92.6652017210841,4.96770245155491e-07,92.2646679367527
53.38,0.0160965269217697,0.0118649070048755,0.0118649070048755,2.47351112495955e-05,4.08860899447916e-05,1.38563030164784,3.19390183612006e-16,92.6664239139395,4.96440147146996e-07,92.2659112013584
53.4,0.0161047791770194,0.0118606756311197,0.0118606756311197,2.46144903025885e-05,4.06712790168573e-05,1.38563028536018,1.46046821718546e-16,92.6676344761042,4.9608423553579e-07,92.267138592733
53.42,0.0161125568782976,0.011856133808203,0.011856133808203,2.44932101586827e-05,4.04549833479262e-05,1.38563026864523,7.38701665701193e-17,92.6688333649697,4.95702380137655e-07,92.2683501222434
53.44,0.0161198591219339,0.0118512802258518,0.0118512802258518,2.43712947913138e-05,4.02372427399378e-05,1.38563025150602,1.95277783935775e-16,92.6700205387414,4.95294468126272e-07,92.2695458038535
53.46,0.0161266850566411,0.0118461123779685,0.0118461123779685,2.42487682806515e-05,4.00180971236175e-05,1.3856302339457,3.26472315833411e-16,92.671195956438,4.94860378960701e-07,92.2707256541127
53.48,0.0161330338834002,0.0118406290527669,0.0118406290527669,2.4125654808945e-05,3.97975865500388e-05,1.38563021596752,5.62293072341792e-17,92.6723595778908,4.94399996921641e-07,92.2718896921431
53.5,0.0161389048553223,0.011834828302744,0.011834828302744,2.40019786530423e-05,3.95757511801875e-05,1.38563019757482,2.68742205309329e-17,92.6735113637431,4.93913211111429e-07,92.2730379396271
53.52,0.0161442972775997,0.0118287079662551,0.0118287079662551,2.3877764178965e-05,3.93526312760795e-05,1.38563017877105,4.00316650651982e-16,92.6746512754485,4.93399909185911e-07,92.2741704207937
53.54,0.0161492105073363,0.0118222665296088,0.0118222665296088,2.37530358364174e-05,3.91282671934334e-05,1.38563015955978,3.89238344666173e-16,92.6757792752705,4.92859987962046e-07,92.2752871624046
53.56,0.016153643953513,0.011815501987021,0.011815501987021,2.36278181516005e-05,3.89026993707908e-05,1.38563013994464,1.64253062795263e-16,92.6768953262809,4.92293339917319e-07,92.2763881937395
53.58,0.016157597076881,0.0118084128881304,0.0118084128881304,2.35021357213026e-05,3.86759683204119e-05,1.38563011992942,1.68306920828276e-16,92.6779993923581,4.91699865243837e-07,92.2774735465814
53.6,0.0161610693898909,0.011800997134707,0.011800997134707,2.33760132060978e-05,3.84481146196158e-05,1.38563009951795,1.54588423650042e-16,92.679091438186,4.91079473776982e-07,92.2785432552007
53.62,0.0161640604566298,0.011793252658025,0.011793252658025,2.3249475325089e-05,3.82191789014552e-05,1.38563007871422,4.24446341580679e-16,92.6801714292521,4.9043206426237e-07,92.2795973563392
53.64,0.0161665698927365,0.0117851780059678,0.0117851780059678,2.31225468478841e-05,3.79892018447237e-05,1.38563005752228,3.0878727574719e-16,92.6812393318454,4.89757549910532e-07,92.2806358891933
53.66,0.0161685973654031,0.0117767716328518,0.0117767716328518,2.29952525894727e-05,3.77582241659624e-05,1.38563003594629,1.60246890531964e-17,92.6822951130549,4.89055843931998e-07,92.2816588953971
53.68,0.0161701425932547,0.0117680317128455,0.0117680317128455,2.28676174029831e-05,3.75262866094683e-05,1.38563001399053,2.2662332591842e-17,92.683338740767,4.88326866769757e-07,92.2826664190045
53.7,0.0161712053463915,0.0117589563554145,0.0117589563554145,2.27396661714672e-05,3.72934299348593e-05,1.38562999165936,4.21010394822311e-16,92.6843701836636,4.87570537902471e-07,92.2836585064711
53.72,0.0161717854462826,0.0117495436665814,0.0117495436665814,2.26114238042362e-05,3.70596949141877e-05,1.38562996895724,3.86278943823503e-16,92.6853894112194,4.86786786934239e-07,92.2846352066351
53.74,0.0161718827657974,0.0117397922450933,0.0117397922450933,2.24829152267058e-05,3.68251223159533e-05,1.38562994588875,3.90986814785022e-16,92.6863963936995,4.85975539611855e-07,92.2855965706987
53.76,0.0161714972291657,0.0117297000964776,0.0117297000964776,2.23541653760737e-05,3.65897528997738e-05,1.38562992245854,3.42287508220146e-17,92.687391102157,4.8513672939673e-07,92.2865426522079
53.78,0.0161706288119723,0.0117192658117803,0.0117192658117803,2.22251991926912e-05,3.63536274050613e-05,1.38562989867139,1.33231581544201e-16,92.6883735084296,4.84270301322209e-07,92.2874735070323
53.8,0.0161692775411611,0.0117084877603449,0.0117084877603449,2.20960416143634e-05,3.61167865428058e-05,1.38562987453215,1.88460494687192e-16,92.6893435851373,4.83376193671344e-07,92.2883891933445
53.82,0.0161674434950172,0.0116973641818185,0.0116973641818185,2.19667175674115e-05,3.58792709842515e-05,1.38562985004579,3.51540189402076e-17,92.6903013056789,4.82454356781282e-07,92.2892897715989
53.84,0.0161651268032336,0.0116858937152381,0.0116858937152381,2.18372519604141e-05,3.56411213524588e-05,1.38562982521736,3.22987933708018e-17,92.6912466442289,4.81504743399989e-07,92.2901753045096
53.86,0.0161623276468578,0.0116740743702698,0.0116740743702698,2.17076696780962e-05,3.5402378214533e-05,1.38562980005203,2.82712031388956e-16,92.6921795757343,4.80527310614906e-07,92.2910458570287
53.88,0.0161590462583991,0.0116619049298854,0.0116619049298854,2.15779955714709e-05,3.51630820689675e-05,1.38562977455505,2.96835467819659e-16,92.6931000759111,4.79522020335114e-07,92.2919014963233
53.9,0.0161552829217904,0.0116493835460432,0.0116493835460432,2.14482544521751e-05,3.49232733374283e-05,1.38562974873175,1.33472289204846e-16,92.6940081212407,4.78488844595132e-07,92.2927422917526
53.92,0.0161510379724843,0.0116365090199829,0.0116365090199829,2.13184710845025e-05,3.46829923560943e-05,1.3856297225876,1.67781631951951e-16,92.694903688966,4.77427753018662e-07,92.2935683148439
53.94,0.0161463117974792,0.0116232793629631,0.0116232793629631,2.11886701781987e-05,3.44422793658872e-05,1.38562969612812,1.28510113505205e-16,92.695786757088,4.76338727765663e-07,92.2943796392689
53.96,0.0161411048353821,0.0116096934551103,0.0116096934551103,2.10588763802735e-05,3.42011745035897e-05,1.38562966935895,1.79161470206219e-17,92.6966573043613,4.7522175147826e-07,92.2951763408189
53.98,0.0161354175764735,0.0115957503585529,0.0115957503585529,2.09291142673232e-05,3.39597177900774e-05,1.38562964228581,1.40958069153898e-16,92.6975153102906,4.74076814031036e-07,92.2959584973802
54,0.0161292505627802,0.0115814477132451,0.0115814477132451,2.07994083380395e-05,3.37179491236572e-05,1.38562961491454,1.25028522273692e-16,92.698360755126,4.72903908191556e-07,92.296726188908
54.02,0.0161226043881604,0.0115667849101321,0.0115667849101321,2.06697830048148e-05,3.34759082691871e-05,1.38562958725103,1.73749681663794e-16,92.6991936198589,4.71703041192299e-07,92.2974794974013
54.04,0.0161154796983676,0.0115517601991478,0.0115517601991478,2.05402625873848e-05,3.32336348496387e-05,1.38562955930129,4.58282293390687e-16,92.7000138862175,4.70474213515452e-07,92.2982185068761
54.06,0.0161078771911982,0.0115363726085676,0.0115363726085676,2.04108713024728e-05,3.2991168336105e-05,1.38562953107143,5.74993890216649e-17,92.7008215366625,4.69217444929755e-07,92.2989433033386
54.08,0.0160997976165277,0.0115206203996216,0.0115206203996216,2.0281633257481e-05,3.2748548039141e-05,1.38562950256761,8.84992378903613e-17,92.7016165543818,4.67932753275291e-07,92.2996539747587
54.1,0.0160912417764754,0.0115045024547424,0.0115045024547424,2.01525724421819e-05,3.25058130998812e-05,1.38562947379613,1.71471660878152e-16,92.7023989232864,4.66620163142438e-07,92.3003506110416
54.12,0.0160822105254968,0.0114880177421333,0.0114880177421333,2.00237127195479e-05,3.22630024787163e-05,1.38562944476334,2.21356878520754e-16,92.7031686280049,4.6527970490754e-07,92.3010333040003
54.14,0.0160727047705167,0.0114711652207247,0.0114711652207247,1.98950778189435e-05,3.20201549495192e-05,1.38562941547569,4.08551010907525e-17,92.7039256538792,4.63911423894019e-07,92.3017021473273
54.16,0.0160627254710618,0.0114539433624734,0.0114539433624734,1.97666913262908e-05,3.17773090874329e-05,1.38562938593972,1.30246815419076e-16,92.7046699869583,4.62515357228512e-07,92.3023572365657
54.18,0.0160522736394039,0.0114363515505162,0.0114363515505162,1.96385766772508e-05,3.15345032633196e-05,1.38562935616207,7.13278692827912e-17,92.7054016139942,4.61091562770701e-07,92.3029986690797
54.2,0.016041350340714,0.0114183888729163,0.0114183888729163,1.95107571475963e-05,3.12917756315478e-05,1.38562932614944,1.7572443420028e-16,92.7061205224358,4.59640097415939e-07,92.3036265440258
54.22,0.0160299566931977,0.0114000537364448,0.0114000537364448,1.93832558452067e-05,3.1049164122221e-05,1.38562929590862,3.01502725319486e-16,92.7068267004235,4.58161027220692e-07,92.3042409623222
54.24,0.0160180938683114,0.0113813452696954,0.0113813452696954,1.92560957015017e-05,3.0806706432962e-05,1.3856292654465,2.41502750465759e-16,92.7075201367841,4.56654422580901e-07,92.304842026619
54.26,0.0160057630908732,0.0113622628795481,0.0113622628795481,1.91292994634264e-05,3.05644400206972e-05,1.38562923477005,4.24748734595495e-16,92.7082008210246,4.55120364982274e-07,92.3054298412671
54.28,0.0159929656392946,0.0113428055142372,0.0113428055142372,1.90028896832028e-05,3.03224020898885e-05,1.3856292038863,1.02686252466044e-16,92.7088687433266,4.53558943142976e-07,92.3060045122877
54.3,0.0159797028457498,0.0113229722063362,0.0113229722063362,1.88768887125215e-05,3.00806295889799e-05,1.38562917280239,4.4564052340281e-16,92.7095238945407,4.51970246745501e-07,92.3065661473406
54.32,0.0159659760963787,0.0113027629760399,0.0113027629760399,1.87513186906789e-05,2.98391591979641e-05,1.38562914152551,2.77353297910926e-16,92.71016626618,4.50354381383747e-07,92.3071148556926
54.34,0.0159517868314945,0.0112821759647546,0.0112821759647546,1.86262015371294e-05,2.95980273192775e-05,1.38562911006297,2.9165374312205e-17,92.7107958504145,4.48711453133776e-07,92.3076507481858
54.36,0.0159371365458,0.0112612113013703,0.0112612113013703,1.85015589435215e-05,2.93572700733602e-05,1.38562907842213,4.25861953098025e-17,92.7114126400646,4.47041579161419e-07,92.3081739372046
54.38,0.0159220267886174,0.0112398679103249,0.0112398679103249,1.83774123643028e-05,2.91169232879973e-05,1.38562904661042,2.85001921755857e-16,92.712016628595,4.45344882418472e-07,92.3086845366438
54.4,0.015906459164098,0.011218145741718,0.011218145741718,1.82537830072456e-05,2.88770224894375e-05,1.38562901463538,1.43999464355147e-16,92.7126078101085,4.43621495982169e-07,92.3091826618749
54.42,0.0158904353315162,0.0111960437302319,0.0111960437302319,1.81306918253549e-05,2.86376028952873e-05,1.38562898250459,1.52970744994933e-16,92.7131861793392,4.41871555822729e-07,92.3096684297136
54.44,0.0158739570054499,0.0111735618724826,0.0111735618724826,1.80081595080751e-05,2.8398699407628e-05,1.38562895022573,1.51017285185457e-16,92.7137517316461,4.40095212375285e-07,92.3101419583857
54.46,0.0158570259561155,0.0111506998647584,0.0111506998647584,1.78862064722121e-05,2.81603466032454e-05,1.38562891780654,3.25906484183663e-16,92.7143044630064,4.38292619932278e-07,92.3106033674932
54.48,0.0158396440095677,0.0111274566740841,0.0111274566740841,1.77648528523671e-05,2.79225787258586e-05,1.38562888525484,2.49992853288581e-16,92.7148443700092,4.36463939054281e-07,92.3110527779808
54.5,0.0158218130480287,0.0111038327295227,0.0111038327295227,1.76441184937342e-05,2.76854296801243e-05,1.38562885257852,3.67171752872013e-17,92.7153714498482,4.34609341391633e-07,92.3114903121008
54.52,0.0158035350101515,0.011079827569258,0.011079827569258,1.75240229415906e-05,2.74489330216454e-05,1.38562881978554,1.83279644569041e-16,92.715885700315,4.3272900582713e-07,92.3119160933789
54.54,0.0157848118913225,0.0110554411166303,0.0110554411166303,1.74045854339883e-05,2.72131219525296e-05,1.38562878688392,2.88611278530046e-16,92.7163871197921,4.30823120886844e-07,92.312330246579
54.56,0.0157656457439722,0.0110306732217264,0.0110306732217264,1.72858248909037e-05,2.69780293102873e-05,1.38562875388177,3.69350832850596e-17,92.7168757072461,4.28891877025502e-07,92.3127328976683
54.58,0.0157460386778674,0.011005523792982,0.011005523792982,1.71677599084748e-05,2.6743687564057e-05,1.38562872078725,1.62287066611901e-16,92.7173514622202,4.26935483020056e-07,92.3131241737818
54.6,0.0157259928604873,0.0109799930633565,0.0109799930633565,1.70504087472814e-05,2.65101288046132e-05,1.3856286876086,1.20318632868358e-16,92.7178143848273,4.24954147165291e-07,92.3135042031866
54.62,0.0157055105172953,0.0109540803630734,0.0109540803630734,1.6933789326387e-05,2.62773847401476e-05,1.38562865435411,2.00308613164955e-17,92.7182644757426,4.22948085952779e-07,92.3138731152463
54.64,0.0156845939321331,0.0109277875107562,0.0109277875107562,1.68179192121825e-05,2.60454866853888e-05,1.38562862103213,1.46046821718546e-16,92.7187017361963,4.20917535160644e-07,92.3142310403845
54.66,0.0156632454475538,0.0109011134608105,0.0109011134608105,1.670281561228e-05,2.58144655593817e-05,1.38562858765111,1.30984067432836e-16,92.7191261679663,4.18862723816715e-07,92.3145781100491
54.68,0.0156414674651911,0.0108740591618974,0.0108740591618974,1.65884953657662e-05,2.55843518752741e-05,1.38562855421952,1.56240718268665e-16,92.7195377733705,4.16783903610518e-07,92.3149144566754
54.7,0.0156192624461339,0.0108466246248399,0.0108466246248399,1.64749749356278e-05,2.5355175735875e-05,1.38562852074591,6.24513301022979e-16,92.7199365552594,4.14681318516962e-07,92.3152402136496
54.72,0.0155966329113124,0.0108188106289921,0.0108188106289921,1.63622704000762e-05,2.51269668254395e-05,1.38562848723888,1.65178713960019e-17,92.7203225170086,4.12555240958616e-07,92.3155555152722
54.74,0.0155735814418942,0.0107906178541045,0.0107906178541045,1.6250397444488e-05,2.48997544036733e-05,1.38562845370711,9.07378119212461e-17,92.7206956625109,4.10405934196938e-07,92.3158604967206
54.76,0.0155501106796898,0.0107620457278418,0.0107620457278418,1.61393713549265e-05,2.46735673021803e-05,1.38562842015932,4.02615329629402e-17,92.7210559961688,4.08233676922625e-07,92.3161552940123
54.78,0.0155262233275732,0.0107330965179439,0.0107330965179439,1.60292070083592e-05,2.4448433913582e-05,1.38562838660428,1.48444765643759e-16,92.7214035228866,4.06038758916144e-07,92.3164400439673
54.8,0.0155019221498947,0.010703770229363,0.010703770229363,1.59199188668115e-05,2.42243821897414e-05,1.38562835305083,1.6283008188824e-16,92.7217382480626,4.03821476226088e-07,92.3167148841709
54.82,0.0154772099729425,0.0106740682612272,0.0106740682612272,1.58115209688223e-05,2.40014396342136e-05,1.38562831950787,3.17601292247499e-16,92.7220601775811,4.01582130687017e-07,92.316979952936
54.84,0.0154520896853751,0.0106439911323699,0.0106439911323699,1.57040269236887e-05,2.37796332960283e-05,1.38562828598432,2.92313345343623e-16,92.7223693178048,3.99321040044893e-07,92.3172353892652
54.86,0.0154265642386868,0.010613540220516,0.010613540220516,1.55974499038036e-05,2.3558989765915e-05,1.38562825248918,1.90198275812568e-16,92.7226656755662,3.97038518670535e-07,92.3174813328135
54.88,0.0154006366476777,0.0105827164662683,0.0105827164662683,1.54918026378369e-05,2.33395351694199e-05,1.3856282190315,1.8484914686487e-16,92.7229492581604,3.94734903114292e-07,92.3177179238496
54.9,0.0153743099909379,0.0105515208852547,0.0105515208852547,1.53870974054683e-05,2.3121295162909e-05,1.38562818562036,1.68640343666983e-16,92.7232200733363,3.9241052558704e-07,92.3179453032186
54.92,0.0153475874113399,0.0105199552624885,0.0105199552624885,1.52833460292722e-05,2.29042949249081e-05,1.38562815226491,3.12609813124043e-16,92.7234781292886,3.90065743854335e-07,92.3181636123032
54.94,0.0153204721165434,0.0104880207396679,0.0104880207396679,1.51805598709285e-05,2.26885591563253e-05,1.38562811897434,3.05941489989867e-16,92.72372343465,3.87700902663309e-07,92.318372992986
54.96,0.0152929673795169,0.0104557192350443,0.0104557192350443,1.50787498255763e-05,2.2474112072679e-05,1.38562808575787,1.36268758514685e-16,92.7239559984828,3.85316370869284e-07,92.3185735876109
54.98,0.0152650765390491,0.0104230515677675,0.0104230515677675,1.4977926315298e-05,2.22609773992133e-05,1.38562805262478,3.77941535437321e-17,92.7241758302704,3.82912520220564e-07,92.3187655389448
55,0.0152368030003135,0.0103900198614957,0.0103900198614957,1.48780992856413e-05,2.20491783666787e-05,1.3856280195844,2.65739404857839e-17,92.7243829399094,3.8048973500171e-07,92.3189489901391
55.02,0.0152081502354025,0.0103566265099743,0.0103566265099743,1.47792782004667e-05,2.18387377068918e-05,1.38562798664608,9.38676168631739e-17,92.7245773377011,3.78048402390265e-07,92.3191240846915
55.04,0.0151791217838952,0.0103228725580974,0.0103228725580974,1.46814720395632e-05,2.16296776505143e-05,1.38562795381922,2.73008221209153e-16,92.7247590343431,3.75588919207047e-07,92.3192909664071
55.06,0.0151497212534327,0.0102887604434257,0.0102887604434257,1.45846892921493e-05,2.14220199188375e-05,1.38562792111327,1.1450927053316e-16,92.7249280409213,3.73111696255624e-07,92.3194497793602
55.08,0.0151199523203041,0.0102542919584872,0.0102542919584872,1.4488937956778e-05,2.12157857235606e-05,1.38562788853771,4.42949334669835e-16,92.7250843689008,3.70617145786051e-07,92.3196006678555
55.1,0.0150898187300462,0.0102194697385165,0.0102194697385165,1.43942255361539e-05,2.10109957596849e-05,1.38562785610205,2.19427091786044e-17,92.7252280301183,3.68105691138154e-07,92.3197437763894
55.12,0.0150593242980572,0.0101842962745992,0.0101842962745992,1.43005590373214e-05,2.08076702059579e-05,1.38562782381584,2.04275505453762e-17,92.7253590367731,3.65577765777194e-07,92.3198792496119
55.14,0.0150284729102046,0.0101487733015568,0.0101487733015568,1.42079449671885e-05,2.06058287162136e-05,1.38562779168868,2.90578696130974e-16,92.7254774014187,3.63033806543579e-07,92.3200072322875
55.16,0.0149972685234814,0.0101129038756924,0.0101129038756924,1.41163893346624e-05,2.04054904213713e-05,1.38562775973017,2.15738978836366e-17,92.7255831369547,3.60474264742628e-07,92.320127869257
55.18,0.0149657151666411,0.0100766910608803,0.0100766910608803,1.40258976469809e-05,2.02066739221074e-05,1.38562772794998,4.63747967244323e-17,92.7256762566178,3.5789959409048e-07,92.3202413053984
55.2,0.0149338169408552,0.0100401368044305,0.0100401368044305,1.39364749104315e-05,2.00093972870796e-05,1.38562769635779,1.18909779560148e-16,92.7257567739736,3.55310259875202e-07,92.3203476855891
55.22,0.0149015780203886,0.0100032445772753,0.0100032445772753,1.38481256311802e-05,1.98136780495961e-05,1.3856276649633,4.84067636355823e-17,92.7258247029079,3.52706735581645e-07,92.3204471546669
55.24,0.0148690026532782,0.00996601691628177,0.00996601691628177,1.37608538168121e-05,1.96195332067273e-05,1.38562763377625,1.79206254976374e-16,92.7258800576185,3.50089499998461e-07,92.3205398573916
55.26,0.0148360951620307,0.00992845761030508,0.00992845761030508,1.3674662976286e-05,1.94269792141988e-05,1.38562760280642,1.60896576519841e-16,92.7259228526062,3.47459040593247e-07,92.320625938407
55.28,0.0148028599443275,0.00989057002993921,0.00989057002993921,1.35895561235536e-05,1.92360319855034e-05,1.3856275720636,3.35395823123094e-16,92.7259531026665,3.44815851583893e-07,92.3207055422019
55.3,0.0147693014737463,0.00985235686172541,0.00985235686172541,1.3505535779676e-05,1.90467068890143e-05,1.38562754155759,2.72949427578406e-16,92.7259708228812,3.42160438278055e-07,92.3207788130726
55.32,0.014735424300477,0.00981382243553149,0.00981382243553149,1.34226039760846e-05,1.88590187450988e-05,1.38562751129825,4.80740671595891e-17,92.7259760286094,3.39493317555318e-07,92.3208458950839
55.34,0.0147012330520857,0.00977497022268783,0.00977497022268783,1.33407622593585e-05,1.86729818254516e-05,1.38562748129543,1.5949396440654e-16,92.7259687354795,3.36814999062809e-07,92.3209069320319
55.36,0.0146667324342518,0.0097358036437188,0.0097358036437188,1.32600116949739e-05,1.84886098504311e-05,1.38562745155903,1.55003148536508e-16,92.7259489593803,3.34126012216368e-07,92.3209620674052
55.38,0.0146319272315369,0.00969632704572583,0.00969632704572583,1.31803528731842e-05,1.83059159866161e-05,1.38562742209893,1.62682166567578e-16,92.7259167164525,3.31426894146455e-07,92.3210114443478
55.4,0.0145968223081596,0.00965654474126961,0.00965654474126961,1.31017859152185e-05,1.81249128470284e-05,1.38562739292506,1.41979106741989e-16,92.7258720230803,3.28718181501365e-07,92.3210552056204
55.42,0.0145614226087832,0.00961646021314,0.00961646021314,1.30243104799144e-05,1.79456124886901e-05,1.38562736404735,1.45771832166137e-16,92.7258148958826,3.26000423465649e-07,92.3210934935637
55.44,0.01452573315931,0.00957607880048138,0.00957607880048138,1.29479257707317e-05,1.7768026410625e-05,1.38562733547577,1.61742228287049e-16,92.7257453517051,3.23274174045496e-07,92.3211264500602
55.46,0.0144897590676921,0.00953540487281408,0.00953540487281408,1.28726305435267e-05,1.75921655538591e-05,1.38562730722027,2.9165374312205e-17,92.7256634076108,3.20539995926038e-07,92.3211542164971
55.48,0.0144535055247516,0.00949444265529059,0.00949444265529059,1.27984231157412e-05,1.74180402996438e-05,1.38562727929084,4.89015645381701e-17,92.7255690808725,3.17798459024866e-07,92.3211769337291
55.5,0.0144169778049925,0.0094531974991916,0.0094531974991916,1.27253013760726e-05,1.7245660469456e-05,1.38562725169748,1.94371617635899e-16,92.725462388964,3.15050137599041e-07,92.3211947420412
55.52,0.0143801812674609,0.00941167432033829,0.00941167432033829,1.26532627939481e-05,1.70750353232219e-05,1.38562722445017,2.54510203717305e-16,92.7253433495511,3.12295614102409e-07,92.3212077811118
55.54,0.0143431213565775,0.00936987813554558,0.00936987813554558,1.25823044296555e-05,1.69061735597609e-05,1.38562719755894,5.40462186372674e-17,92.7252119804842,3.09535476774777e-07,92.3212161899759
55.56,0.0143058036029938,0.00932781441800769,0.00932781441800769,1.2512422947869e-05,1.67390833170078e-05,1.38562717103381,1.64838289338561e-16,92.7250682997891,3.06770319159754e-07,92.3212201069888
55.58,0.0142682336244594,0.00928548938391812,0.00928548938391812,1.24436146259541e-05,1.65737721680159e-05,1.38562714488481,2.56520187184616e-17,92.7249123256588,3.04000744926385e-07,92.3212196697895
55.6,0.0142304171266883,0.00924290756637934,0.00924290756637934,1.23758753707932e-05,1.64102471267302e-05,1.38562711912196,4.39694516208779e-16,92.7247440764454,3.01227362083189e-07,92.3212150152645
55.62,0.0141923599042451,0.00920007546220136,0.00920007546220136,1.23092007282555e-05,1.62485146428804e-05,1.38562709375531,2.95073012833275e-16,92.7245635706516,2.98450780567338e-07,92.3212062795116
55.64,0.0141540678414099,0.00915699962906554,0.00915699962906554,1.22435858999377e-05,1.60885806050892e-05,1.3856270687949,2.43685945331157e-17,92.7243708269222,2.95671618994949e-07,92.321193597805
55.66,0.0141155469131091,0.00911368516907699,0.00911368516907699,1.21790257563339e-05,1.59304503404289e-05,1.38562704425078,2.46762000873398e-16,92.7241658640363,2.9289050755407e-07,92.3211771045585
55.68,0.0140768031857609,0.0090701399549519,0.0090701399549519,1.21155148506158e-05,1.57741286137547e-05,1.38562702013298,1.68545147303955e-16,92.7239487008988,2.9010806920029e-07,92.3211569332911
55.7,0.014037842818228,0.00902636928790809,0.00902636928790809,1.20530474360482e-05,1.56196196297032e-05,1.38562699645155,1.28447654151087e-16,92.7237193565323,2.8732494424709e-07,92.3211332165916
55.72,0.0139986720626753,0.00898238082747718,0.00898238082747718,1.19916174827758e-05,1.54669270344687e-05,1.38562697321654,2.80432058430936e-17,92.7234778500688,2.84541773490117e-07,92.3211060860835
55.74,0.013959297265514,0.00893818155214993,0.00893818155214993,1.19312186905369e-05,1.53160539131392e-05,1.38562695043799,3.30357427920038e-17,92.7232242007418,2.8175920254665e-07,92.3210756723911
55.76,0.0139197248682934,0.00889377864577259,0.00889377864577259,1.18718445106407e-05,1.51670027939144e-05,1.38562692812593,1.31960663004174e-16,92.7229584278783,2.78977879444788e-07,92.3210421051041
55.78,0.0138799614086182,0.00884917938079805,0.00884917938079805,1.18134881594439e-05,1.50197756476622e-05,1.38562690629038,1.1159904557703e-16,92.7226805508903,2.76198460891574e-07,92.3210055127444
55.8,0.0138400135210601,0.00880439132915066,0.00880439132915066,1.17561426386131e-05,1.48743738910273e-05,1.38562688494139,3.03756635733858e-16,92.7223905892675,2.73421608897853e-07,92.3209660227319
55.82,0.0137998879380545,0.00875942324528791,0.00875942324528791,1.16998007530578e-05,1.47307983850986e-05,1.38562686408896,5.22340957091112e-17,92.722088562569,2.70647987885286e-07,92.3209237613508
55.84,0.0137595914908435,0.00871428187800087,0.00871428187800087,1.16444551293103e-05,1.45890494407386e-05,1.3856268437431,4.25861953098025e-17,92.7217744904154,2.67878265650678e-07,92.3208788537168
55.86,0.0137191311103315,0.00866897667057218,0.00866897667057218,1.1590098233874e-05,1.44491268152525e-05,1.38562682391382,2.46957043981868e-17,92.7214483924813,2.65113113365979e-07,92.3208314237438
55.88,0.0136785138280384,0.0086235158180471,0.0086235158180471,1.15367223947334e-05,1.43110297188276e-05,1.38562680461109,2.66252270168075e-16,92.7211102884871,2.62353211846414e-07,92.3207815941109
55.9,0.0136377467769418,0.00857790840272929,0.00857790840272929,1.1484319818561e-05,1.41747568136452e-05,1.38562678584489,2.15738978836366e-17,92.7207601981917,2.59599239496384e-07,92.3207294862308
55.92,0.0135968371924024,0.00853216360780721,0.00853216360780721,1.14328826130947e-05,1.40403062187655e-05,1.38562676762519,2.06035690737152e-16,92.7203981413845,2.56851880024095e-07,92.3206752202171
55.94,0.0135557924130221,0.00848628934728155,0.00848628934728155,1.13824028044875e-05,1.39076755090173e-05,1.38562674996193,2.74181446301377e-16,92.7200241378782,2.54111823405874e-07,92.3206189148529
55.96,0.0135146198815132,0.00844029702597678,0.00844029702597678,1.13328723596307e-05,1.39131900689371e-05,1.38562673286503,2.19427091786044e-17,92.7196382075008,2.51379757689397e-07,92.3205606875593
55.98,0.0134733271455525,0.00839419516720748,0.00839419516720748,1.12842832062624e-05,1.39297106767078e-05,1.38562671634443,3.19791932429451e-16,92.7192403700887,2.48656378636954e-07,92.320500654364
56,0.0134319218586175,0.00834799483560814,0.00834799483560814,1.12366272525758e-05,1.39456451047071e-05,1.38562670041,1.65178713960019e-17,92.7188306454789,2.45942383457327e-07,92.3204389298709
56.02,0.0133904117808135,0.00830170567004702,0.00830170567004702,1.11898964083264e-05,1.39609834770571e-05,1.38562668507163,2.65739404857839e-17,92.7184090535016,2.43238468877133e-07,92.3203756272297
56.04,0.0133488047796577,0.0082553388028137,0.0082553388028137,1.1144082606515e-05,1.39757159396403e-05,1.38562667033916,1.34907516374957e-16,92.7179756139734,2.40545338855442e-07,92.3203108581057
56.06,0.0133071088308984,0.00820890463851081,0.00820890463851081,1.10991778219182e-05,1.3989832657213e-05,1.38562665622245,2.73243269226182e-16,92.7175303466896,2.37863699762141e-07,92.32024473265
56.08,0.0132653320192274,0.00816241493293911,0.00816241493293911,1.10551740937137e-05,1.40033238207327e-05,1.38562664273128,3.42521871485003e-16,92.7170732714174,2.3519425314548e-07,92.3201773594702
56.1,0.0132234825390478,0.00811588018308292,0.00811588018308292,1.10120635435107e-05,1.4016179641807e-05,1.38562662987546,1.73518600724112e-16,92.7166044078886,2.32537707786162e-07,92.3201088456017
56.12,0.0131815686951628,0.00806931338551896,0.00806931338551896,1.09698383987245e-05,1.40283903606875e-05,1.38562661766474,4.29632791757465e-16,92.7161237757931,2.29894776322198e-07,92.3200392964787
56.14,0.0131395989034504,0.00802272570289768,0.00802272570289768,1.09284910111258e-05,1.40399462431606e-05,1.38562660610886,3.19540898610694e-16,92.7156313947713,2.27266168498617e-07,92.3199688159062
56.16,0.0130975816915057,0.00797613066037453,0.00797613066037453,1.08880138762465e-05,1.40508375807702e-05,1.38562659521752,1.50324908162764e-16,92.7151272844078,2.24652598882082e-07,92.319897506032
56.18,0.0130555256992377,0.00792953966490486,0.00792953966490486,1.08483996552252e-05,1.40610546943698e-05,1.38562658500041,1.34311368887474e-16,92.7146114642247,2.22054779628436e-07,92.3198254673196
56.2,0.0130134396794426,0.00788296665859786,0.00788296665859786,1.08096411920706e-05,1.40705879358993e-05,1.38562657546717,1.48606852788289e-16,92.7140839536745,2.19473422411358e-07,92.3197527985205
56.22,0.0129713324983006,0.00783642414757379,0.00783642414757379,1.07717315349556e-05,1.40794276881628e-05,1.38562656662741,1.40616075760831e-16,92.7135447721338,2.16909244690489e-07,92.3196795966483
56.24,0.0129292131358838,0.00778992638694114,0.00778992638694114,1.07346639545425e-05,1.40875643648286e-05,1.38562655849074,1.44222201478767e-16,92.7129939388969,2.14362968264942e-07,92.3196059569518
56.26,0.012887090686537,0.0077434871734215,0.0077434871734215,1.06984319623606e-05,1.40949884142039e-05,1.38562655106669,1.34311368887474e-16,92.7124314731692,2.11835301915409e-07,92.3195319728895
56.28,0.0128449743592808,0.00769712158256162,0.00769712158256162,1.06630293293041e-05,1.41016903181246e-05,1.38562654436478,7.03080378804153e-17,92.7118573940609,2.09326961655036e-07,92.3194577361043
56.3,0.0128028734781028,0.00765084348145891,0.00765084348145891,1.0628450103207e-05,1.41076605943979e-05,1.38562653839451,1.60246890531964e-17,92.7112717205809,2.06838667836441e-07,92.3193833363982
56.32,0.0127607974822134,0.00760466759922804,0.00760466759922804,1.05946886260582e-05,1.41128897965803e-05,1.38562653316531,1.16936318589005e-16,92.7106744716305,2.04371134544113e-07,92.3193088617076
56.34,0.0127187559262293,0.00755861075699504,0.00755861075699504,1.05617395526943e-05,1.41173685188622e-05,1.38562652868658,2.8888919027333e-17,92.7100656659974,2.01925076344701e-07,92.3192343980799
56.36,0.0126767584802827,0.00751268770903891,0.00751268770903891,1.0529597865763e-05,1.41210873914055e-05,1.38562652496771,2.96348452778242e-16,92.7094453223499,1.99501207804856e-07,92.3191600296489
56.38,0.012634814930067,0.00746691449331531,0.00746691449331531,1.04982588916342e-05,1.41240370861162e-05,1.38562652201802,5.60864116861873e-17,92.7088134592307,1.97100247348534e-07,92.319085838612
56.4,0.0125929351767816,0.00742130768232574,0.00742130768232574,1.04677183152968e-05,1.41262083142024e-05,1.38562651984679,4.58387343774506e-16,92.7081700950513,1.94722896523962e-07,92.3190119052075
56.42,0.0125511292370378,0.00737588518675355,0.00737588518675355,1.04379721980746e-05,1.41275918330575e-05,1.38562651846327,2.37819559120296e-16,92.7075152480864,1.92369879058896e-07,92.3189383076918
56.44,0.0125094072426035,0.00733066311084878,0.00733066311084878,1.04090169879979e-05,1.41281784400427e-05,1.38562651787666,2.8888919027333e-17,92.7068489364682,1.90041895537233e-07,92.3188651223181
56.46,0.0124677794401412,0.00728565904355725,0.00728565904355725,1.0380849535875e-05,1.41279589782606e-05,1.38562651809612,4.08551010907525e-17,92.7061711781811,1.87739656186141e-07,92.3187924233141
56.48,0.0124262561907609,0.00724089260312514,0.00724089260312514,1.03534671078087e-05,1.41269243372211e-05,1.38562651913077,8.813578979258e-17,92.7054819910559,1.85463865446824e-07,92.3187202828619
56.5,0.0123848479695411,0.00719638078427858,0.00719638078427858,1.03268673979298e-05,1.41250654537295e-05,1.38562652098965,1.98538072407096e-16,92.704781392765,1.83215230653466e-07,92.3186487710768
56.52,0.0123435653648943,0.00715214209988454,0.00715214209988454,1.03010485386961e-05,1.41223733125528e-05,1.38562652368179,2.78479405152325e-16,92.704069400817,1.80994450461306e-07,92.3185779559877
56.54,0.0123024190778335,0.00710819641649632,0.00710819641649632,1.02760091122721e-05,1.41188389448654e-05,1.38562652721616,4.60274150786893e-17,92.7033460325514,1.78802223525577e-07,92.3185079035173
56.56,0.0122614199211213,0.00706456349263274,0.00706456349263274,1.02517481617807e-05,1.41144534349102e-05,1.38562653160167,7.03080378804153e-17,92.7026113051341,1.76639243197714e-07,92.3184386774629
56.58,0.012220578818269,0.0070212630706928,0.0070212630706928,1.02282651995528e-05,1.41092079171123e-05,1.38562653684719,1.59040497786839e-16,92.7018652355521,1.74506208615113e-07,92.3183703394781
56.6,0.0121799068024536,0.00697831570297535,0.00697831570297535,1.02055602173892e-05,1.41030935814079e-05,1.38562654296152,3.30357427920038e-17,92.7011078406092,1.72403803003769e-07,92.3183029490542
56.62,0.0121394150152228,0.00693574150562055,0.00693574150562055,1.01836336929954e-05,1.40961016699137e-05,1.38562654995343,2.2662332591842e-17,92.7003391369207,1.70332712000492e-07,92.3182365635033
56.64,0.0120991147051254,0.00689356235498683,0.00689356235498683,1.01624865966567e-05,1.4088223477593e-05,1.38562655783162,2.78479405152325e-16,92.6995591409095,1.6829362220642e-07,92.3181712379402
56.66,0.0120590172261435,0.00685179953638064,0.00685179953638064,1.01421203984758e-05,1.40794503571406e-05,1.38562656660475,1.07496882123731e-16,92.6987678688011,1.66287210579416e-07,92.3181070252665
56.68,0.0120191340359886,0.00681047414120631,0.00681047414120631,1.01225370747405e-05,1.40697737183171e-05,1.38562657628138,1.81652414555476e-16,92.6979653366197,1.64314149255704e-07,92.3180439761541
56.7,0.0119794766942258,0.00676960984728363,0.00676960984728363,1.01037391101831e-05,1.40591850295024e-05,1.38562658687007,1.63616705219799e-16,92.6971515601839,1.62375111817998e-07,92.3179821390297
56.72,0.0119400568602314,0.0067292285411758,0.0067292285411758,1.0085729504757e-05,1.40476758183627e-05,1.38562659837928,1.48822694373047e-16,92.6963265551024,1.60470759312757e-07,92.3179215600594
56.74,0.011900886290973,0.00668935319021424,0.00668935319021424,1.00685117724881e-05,1.40352376722941e-05,1.38562661081743,4.30360619696132e-16,92.69549033677,1.58601757608075e-07,92.3178622831344
56.76,0.011861976838603,0.00665000648804971,0.00665000648804971,1.00520899475728e-05,1.40218622415311e-05,1.38562662419286,2.68622737774948e-16,92.694642920364,1.56768758589296e-07,92.3178043498565
56.78,0.011823340447871,0.00661121253762326,0.00661121253762326,1.00364685833259e-05,1.40075412391472e-05,1.38562663851386,2.40370335797945e-17,92.6937843208403,1.54972417516912e-07,92.317747799525
56.8,0.0117849891533243,0.00657299581996683,0.00657299581996683,1.00216527520388e-05,1.39922664421643e-05,1.38562665378866,2.79170136445269e-16,92.6929145529296,1.53213374704339e-07,92.3176926691228
56.82,0.0117469350763323,0.00653537979005523,0.00653537979005523,1.00076480456033e-05,1.39760296917757e-05,1.38562667002541,2.68383643167915e-16,92.692033631134,1.51492272393645e-07,92.3176389933046
56.84,0.0117091904218774,0.00649838951749528,0.00649838951749528,9.99446057293103e-06,1.3958822897342e-05,1.3856266872322,1.68068356681677e-16,92.6911415697235,1.498097475231e-07,92.3175868043844
56.86,0.0116717674751472,0.00646204905886202,0.00646204905886202,9.98209695708195e-06,1.39406380341711e-05,1.38562670541707,4.54095694076766e-16,92.690238382733,1.48166425459041e-07,92.3175361323242
56.88,0.0116346785979008,0.00642638390009573,0.00642638390009573,9.97056433291428e-06,1.39214671490695e-05,1.38562672458795,2.00308613164955e-16,92.6893240839585,1.46562931085644e-07,92.3174870047225
56.9,0.0115979362246127,0.00639141931699173,0.00639141931699173,9.95987034104059e-06,1.39013023545687e-05,1.38562674475275,3.99333193455369e-16,92.6883986869547,1.4499987964381e-07,92.3174394468045
56.92,0.0115615528583851,0.0063571803419577,0.0063571803419577,9.95002312311452e-06,1.38801358369189e-05,1.38562676591927,1.20983749228328e-16,92.6874622050315,1.43477879624145e-07,92.3173934814116
56.94,0.0115255410666234,0.00632369259358407,0.00632369259358407,9.94103131565805e-06,1.38579598538691e-05,1.38562678809525,1.89775894043583e-16,92.6865146512518,1.41997538070766e-07,92.3173491289922
56.96,0.0114899134764775,0.00629098168316855,0.00629098168316855,9.93290404234186e-06,1.38347667366645e-05,1.38562681128837,2.78479405152325e-16,92.6855560384279,1.40559449009371e-07,92.3173064075926
56.98,0.0114546827700226,0.00625907423139483,0.00625907423139483,9.92565090466605e-06,1.38105488904916e-05,1.38562683550621,1.35263943723665e-16,92.6845863791198,1.39164201161853e-07,92.317265332849
57,0.011419861679215,0.0062279947009442,0.0062279947009442,9.91928197546268e-06,1.37852987980303e-05,1.3856268607563,1.7128436244882e-16,92.6836056856323,1.37812375535489e-07,92.3172259179791
57.02,0.0113854629805753,0.00619776971922895,0.00619776971922895,9.91380778493686e-06,1.37590090165673e-05,1.38562688704609,2.63921326008349e-16,92.6826139700125,1.36504549280244e-07,92.3171881737754
57.04,0.0113514994896259,0.00616842602857348,0.00616842602857348,9.90923931295371e-06,1.37316721851022e-05,1.38562691438292,1.58231126132105e-16,92.6816112440481,1.35241290867139e-07,92.317152108598
57.06,0.0113179840550649,0.00613998748327933,0.00613998748327933,9.90558797291631e-06,1.3703281016797e-05,1.38562694277409,1.90451255231602e-16,92.6805975192649,1.34023156713101e-07,92.3171177283685
57.08,0.0112849295526866,0.00611248025224669,0.00611248025224669,9.90286560327667e-06,1.36738283105231e-05,1.38562697222679,3.65506963648658e-16,92.6795728069246,1.32850698895581e-07,92.3170850365644
57.1,0.0112523488790333,0.00608593097704107,0.00608593097704107,9.90108444968142e-06,1.36433069437558e-05,1.38562700274816,6.1104305785425e-16,92.6785371180236,1.31724462741743e-07,92.3170540342137
57.12,0.0112202549447935,0.00606036487677231,0.00606036487677231,9.90025715114665e-06,1.3611709877015e-05,1.38562703434523,4.62639183907108e-16,92.6774904632908,1.30644981042491e-07,92.3170247198908
57.14,0.0111886606679215,0.00603580712549779,0.00603580712549779,9.90039672575863e-06,1.35790301554195e-05,1.38562706702495,3.94887487558866e-16,92.6764328531862,1.29612782731423e-07,92.3169970897117
57.16,0.0111575789665178,0.00601228068787068,0.00601228068787068,9.90151655195774e-06,1.35452609106856e-05,1.38562710079419,2.6440736937774e-16,92.6753642978992,1.28628385652368e-07,92.3169711373312
57.18,0.0111270227514345,0.00598981195445254,0.00598981195445254,9.90363035189302e-06,1.35103953602389e-05,1.38562713565974,2.31250199544027e-16,92.6742848073474,1.27692297041558e-07,92.3169468539394
57.2,0.0110970049186205,0.00596842483962553,0.00596842483962553,9.90675217329298e-06,1.34744268087683e-05,1.38562717162829,2.46306299651872e-16,92.6731943911754,1.26805019313585e-07,92.3169242282594
57.22,0.0110675383412217,0.00594814228498517,0.00594814228498517,9.91089636955843e-06,1.34373486504469e-05,1.38562720870645,3.14631211327649e-16,92.6720930587535,1.25967044757605e-07,92.3169032465455
57.24,0.0110386358614239,0.0059289886583845,0.0059289886583845,9.91607758112692e-06,1.339915437093e-05,1.38562724690073,1.71096858985447e-16,92.6709808191771,1.25178855055174e-07,92.3168838925819
57.26,0.0110103102820527,0.00591098455299299,0.00591098455299299,9.92231071313528e-06,1.33598375462451e-05,1.38562728621756,1.22565303272257e-16,92.6698576812653,1.24440920315918e-07,92.3168661476817
57.28,0.0109825743579332,0.00589415404459237,0.00589415404459237,9.92961091405981e-06,1.3319391842348e-05,1.38562732666326,9.78031290763402e-17,92.6687236535606,1.23753708238645e-07,92.3168499906865
57.3,0.0109554407870162,0.00587851719533761,0.00587851719533761,9.93799355697058e-06,1.3277811024448e-05,1.38562736824408,9.78031290763402e-17,92.667578744328,1.2311766771778e-07,92.3168353979672
57.32,0.0109289222012725,0.00586409499004105,0.00586409499004105,9.9474742135225e-06,1.32350889507915e-05,1.38562741096615,1.5391211231077e-16,92.6664229615548,1.22533248129913e-07,92.3168223434243
57.34,0.0109030311573947,0.00585090724966142,0.00585090724966142,9.95806863199403e-06,1.31912195766581e-05,1.38562745483553,4.21315253946128e-16,92.66525631295,1.22000878600758e-07,92.3168107984895
57.36,0.0108777801272689,0.00583897282505867,0.00583897282505867,9.96979271245694e-06,1.31461969521407e-05,1.38562749985815,2.55014184812288e-16,92.6640788059443,1.21520984880883e-07,92.3168007321276
57.38,0.0108531814882625,0.00582830892046726,0.00582830892046726,9.9826624868499e-06,1.31000152312488e-05,1.38562754603987,1.36209856952169e-16,92.6628904476897,1.21093978738111e-07,92.3167921108388
57.4,0.0108292475133337,0.00581893479738213,0.00581893479738213,9.99669408896327e-06,1.30526686645815e-05,1.38562759338644,1.48174226389121e-16,92.6616912450596,1.20720262296991e-07,92.3167848986619
57.42,0.0108059903609701,0.00581086460074934,0.00581086460074934,1.00119037337373e-05,1.30041516064328e-05,1.3856276419035,1.50324908162764e-16,92.6604812046492,1.20400231413946e-07,92.3167790571776
57.44,0.0107834220649748,0.00580411431905986,0.00580411431905986,1.00283076893538e-05,1.29544585125707e-05,1.38562769159659,5.13040374369232e-17,92.6592603327755,1.20134266516159e-07,92.3167745455126
57.46,0.0107615545241156,0.00579869717272244,0.00579869717272244,1.00459222554009e-05,1.29035839444569e-05,1.38562774247116,3.98206268267945e-16,92.6580286354777,1.19922736941051e-07,92.3167713203444
57.48,0.0107403994916599,0.0057946269641473,0.0057946269641473,1.00647637342954e-05,1.28515225683579e-05,1.38562779453253,1.59845771278246e-16,92.6567861185178,1.19766005757914e-07,92.3167693359063
57.5,0.0107199685647894,0.00579191395830778,0.00579191395830778,1.00848484058918e-05,1.27982691555673e-05,1.38562784778595,2.77555756156289e-17,92.6555327873814,1.19664417713822e-07,92.316768543993
57.52,0.0107002731739747,0.00579057069989368,0.00579057069989368,1.01061925048619e-05,1.2743818588401e-05,1.38562790223651,1.58231126132105e-16,92.654268647278,1.19618314662868e-07,92.3167688939668
57.54,0.0106813245722233,0.00579060512855704,0.00579060512855704,1.01288121935345e-05,1.26881658575329e-05,1.38562795788924,1.44444595136665e-16,92.6529937031424,1.1962802110125e-07,92.3167703327647
57.56,0.0106631338243547,0.00579202502246861,0.00579202502246861,1.01527235353e-05,1.26313060642147e-05,1.38562801474904,1.60246890531964e-17,92.6517079596353,1.19693852846223e-07,92.3167728049049
57.58,0.0106457117962078,0.00579483766530589,0.00579483766530589,1.01779424708863e-05,1.2573234421609e-05,1.38562807282068,5.13040374369232e-17,92.6504114211449,1.1981611366095e-07,92.3167762524957
57.6,0.0106290691438777,0.00579904825818795,0.00579904825818795,1.02044847942506e-05,1.25139462561208e-05,1.38562813210885,3.58322940412438e-17,92.6491040917875,1.19995094290175e-07,92.3167806152426
57.62,0.0106132163029736,0.00580466116799345,0.00580466116799345,1.02323661260665e-05,1.24534370085083e-05,1.38562819261809,5.65310512407699e-16,92.6477859754096,1.2023107728186e-07,92.3167858304583
57.64,0.0105981634779157,0.00581167891646592,0.00581167891646592,1.02616018912172e-05,1.23917022349929e-05,1.38562825435287,5.13040374369232e-17,92.6464570755889,1.20524329754731e-07,92.3167918330711
57.66,0.0105839206313554,0.00582010287187223,0.00582010287187223,1.02922072953056e-05,1.23287376121439e-05,1.38562831731749,9.78031290763402e-17,92.645117395636,1.20875111112895e-07,92.3167985556356
57.68,0.0105704974736259,0.00582993331516382,0.00582993331516382,1.0324197300428e-05,1.22645389319942e-05,1.38562838151617,2.68861619758816e-16,92.6437669385966,1.21283660991748e-07,92.3168059283425
57.7,0.0105579034524098,0.00584116950953681,0.00584116950953681,1.03575866033741e-05,1.21991021075907e-05,1.38562844695299,2.93409387229021e-16,92.6424057072526,1.21750213722886e-07,92.31681387903
57.72,0.0105461477424741,0.00585380871456902,0.00585380871456902,1.03923896140935e-05,1.21324231741049e-05,1.38562851363193,1.44444595136665e-16,92.6410337041248,1.22274995441127e-07,92.3168223331949
57.74,0.0105352392356667,0.00586784633618178,0.00586784633618178,1.0428620433451e-05,1.20644982870566e-05,1.38562858155682,3.38515629906568e-16,92.6396509314744,1.22858206726609e-07,92.316831214005
57.76,0.0105251865310734,0.00588327837350334,0.00588327837350334,1.04662928348761e-05,1.1995323729197e-05,1.38562865073137,2.6957699562131e-16,92.6382573913057,1.23500046230821e-07,92.316840442311
57.78,0.0105159979254301,0.00590009851796925,0.00590009851796925,1.05054202436653e-05,1.19248959065121e-05,1.3856287211592,5.74658844704924e-16,92.6368530853685,1.24200698622503e-07,92.3168499366601
57.8,0.0105076814038,0.00591829942988053,0.00591829942988053,1.0546015718542e-05,1.18532113524417e-05,1.38562879284375,1.6283008188824e-16,92.6354380151598,1.24960335069814e-07,92.3168596133088
57.82,0.010500244630523,0.00593787191079891,0.00593787191079891,1.05880919337921e-05,1.1817467941988e-05,1.38562882858716,3.67171752872013e-17,92.6340121819275,1.25779108418693e-07,92.3168693862378
57.84,0.0104936949405297,0.00595880635993644,0.00595880635993644,1.06316611632107e-05,1.20294567769186e-05,1.38562861659833,3.60822483003176e-16,92.632575586672,1.26657172961572e-07,92.3168791671655
57.86,0.0104880393309168,0.00598109213237718,0.00598109213237718,1.06767352644811e-05,1.2242973865817e-05,1.38562840308124,1.60246890531964e-17,92.6311282301501,1.27594655989717e-07,92.3168888655638
57.88,0.0104832844529843,0.00600471733853326,0.00600471733853326,1.07233256637099e-05,1.24580152243148e-05,1.38562818803988,1.44666646912853e-16,92.6296701128768,1.28591677079776e-07,92.3168983886732
57.9,0.0104794366045729,0.00602966937722491,0.00602966937722491,1.07714433441295e-05,1.26745766222403e-05,1.38562797147848,4.60274150786893e-17,92.6282012351293,1.29648349058106e-07,92.3169076415187
57.92,0.0104765017228882,0.00605593323198398,0.00605593323198398,1.0821098830152e-05,1.28926535785112e-05,1.38562775340152,1.34311368887474e-16,92.6267215969496,1.30764761125044e-07,92.3169165269265
57.94,0.0104744853777173,0.00608349514774892,0.00608349514774892,1.08723021790078e-05,1.31122413635776e-05,1.38562753381374,4.95276970240007e-16,92.625231198148,1.31940998141457e-07,92.316924945541
57.96,0.0104733927651174,0.00611233905548366,0.00611233905548366,1.09250629695868e-05,1.33333349972009e-05,1.3856273127201,2.50826058288707e-16,92.6237300383065,1.33177129538972e-07,92.3169327958418
57.98,0.0104732287015767,0.00614244831920255,0.00614244831920255,1.097939029236e-05,1.35559292457899e-05,1.38562709012586,2.92093643437091e-16,92.622218116782,1.34473208837817e-07,92.3169399741621
58,0.0104739976186769,0.00617380531125474,0.00617380531125474,1.10352927430394e-05,1.37800186232884e-05,1.38562686603648,3.9391084759473e-16,92.6206954327104,1.35829278950618e-07,92.3169463747068
58.02,0.0104757035582586,0.00620639276398337,0.00620639276398337,1.10927784159124e-05,1.40055973907316e-05,1.38562664045771,3.02034570370913e-16,92.6191619850099,1.37245370253749e-07,92.3169518895714
58.04,0.0104783501681048,0.00624019157554538,0.00624019157554538,1.1151854895316e-05,1.42326595515829e-05,1.38562641339555,4.93914087963737e-17,92.617617772385,1.38721498176508e-07,92.3169564087612
58.06,0.0104819406982047,0.0062751829274857,0.0062751829274857,1.12125292542028e-05,1.44611988541765e-05,1.38562618485625,1.38777878078145e-16,92.6160627933305,1.40257666576266e-07,92.3169598202115
58.08,0.0104864779974984,0.00631134675380858,0.00631134675380858,1.12748080481491e-05,1.46912087881645e-05,1.38562595484631,4.30658859939617e-16,92.6144970461352,1.41853866291976e-07,92.3169620098073
58.1,0.0104919645112507,0.00634866319050738,0.00634866319050738,1.13386973158987e-05,1.49226825871818e-05,1.38562572337251,1.21513221120044e-16,92.6129205288866,1.43510073697679e-07,92.3169628614042
58.12,0.0104984022789506,0.0063871108941289,0.0063871108941289,1.14042025742344e-05,1.51556132230724e-05,1.38562549044188,2.55014184812288e-16,92.6113332394748,1.45226251666837e-07,92.3169622568496
58.14,0.010505792932797,0.00642666803000643,0.00642666803000643,1.14713288202788e-05,1.53899934094426e-05,1.38562525606169,7.89124419014648e-17,92.6097351755967,1.47002351018818e-07,92.3169600760044
58.16,0.0105141376967644,0.0064673141843887,0.0064673141843887,1.15400805307989e-05,1.562581559722e-05,1.3856250202395,3.30357427920038e-17,92.6081263347608,1.48838310518898e-07,92.3169561967645
58.18,0.0105234373862413,0.00650902811601128,0.00650902811601128,1.16104616638479e-05,1.58630719766517e-05,1.38562478298313,4.3503415482977e-16,92.6065067142917,1.50734049645808e-07,92.3169504950839
58.2,0.0105336924082518,0.00655178581409563,0.00655178581409563,1.16824756613342e-05,1.61017544750841e-05,1.38562454430063,3.30357427920038e-17,92.6048763113347,1.52689484503134e-07,92.3169428449972
58.22,0.0105449027622403,0.00659556703436516,0.00659556703436516,1.17561254508456e-05,1.63418547542982e-05,1.38562430420035,1.49038223369933e-16,92.6032351228604,1.54704507568439e-07,92.3169331186429
58.24,0.0105570680414662,0.00664034725082879,0.00664034725082879,1.18314134536275e-05,1.65833642165047e-05,1.38562406269089,4.12071381474304e-16,92.6015831456697,1.56779006497653e-07,92.3169211862874
58.26,0.010570187434896,0.00668610513742974,0.00668610513742974,1.19083415836074e-05,1.68262739945746e-05,1.38562381978111,3.93258406819606e-16,92.599920376399,1.58912848213666e-07,92.3169069163489
58.28,0.0105842597297267,0.00673281778345525,0.00673281778345525,1.19869112579714e-05,1.70705749598099e-05,1.38562357548014,3.05311331771918e-16,92.5982468115248,1.6110589337124e-07,92.3168901754222
58.3,0.0105992833144033,0.00678046292971567,0.00678046292971567,1.20671233994496e-05,1.73162577141728e-05,1.38562332979739,2.8888919027333e-16,92.5965624473693,1.63357982856429e-07,92.3168708283032
58.32,0.0106152561821931,0.0068290165220092,0.0068290165220092,1.21489784450801e-05,1.756331259406e-05,1.38562308274251,1.64204199767915e-16,92.5948672801051,1.65668952733647e-07,92.316848738015
58.34,0.0106321759352787,0.00687845598463327,0.00687845598463327,1.2232476354727e-05,1.78117296705249e-05,1.38562283432543,6.25784112421159e-17,92.5931613057612,1.68038611101817e-07,92.3168237658331
58.36,0.0106500397893517,0.00692875883019211,0.00692875883019211,1.23176166162038e-05,1.80614987463912e-05,1.38562258455636,8.1710202181505e-17,92.5914445202278,1.70466772327989e-07,92.3167957713117
58.38,0.0106688445787053,0.00697990294573048,0.00697990294573048,1.24043982543394e-05,1.83126093551422e-05,1.38562233344575,1.62039639929492e-16,92.5897169192622,1.72953221849391e-07,92.3167646123105
58.4,0.0106885867617713,0.00703186494757538,0.00703186494757538,1.24928198409476e-05,1.85650507642521e-05,1.38562208100434,3.10833533492489e-16,92.5879784984944,1.75497737388634e-07,92.3167301450212
58.42,0.0107092624271673,0.00708462277534292,0.00708462277534292,1.25828795016092e-05,1.88188119698562e-05,1.38562182724313,3.15853084707525e-16,92.5862292534326,1.78100085578563e-07,92.3166922239951
58.44,0.0107308673000805,0.00713815275838574,0.00713815275838574,1.26745749283899e-05,1.90738817025249e-05,1.3856215721734,4.40970210692625e-16,92.5844691794689,1.80760015211967e-07,92.316650702171
58.46,0.0107533967491706,0.00719243446392204,0.00719243446392204,1.2767903386935e-05,1.93302484228219e-05,1.38562131580668,4.44089209850063e-16,92.5826982718857,1.83477267849179e-07,92.3166054309025
58.48,0.0107768457937502,0.00724744456434347,0.00724744456434347,1.28628617263368e-05,1.95879003215271e-05,1.38562105815478,1.94619172333087e-16,92.580916525861,1.86251564799658e-07,92.3165562599873
58.5,0.010801209111412,0.00730316150975067,0.00730316150975067,1.29594463907924e-05,1.98468253211903e-05,1.38562079922978,3.02034570370913e-16,92.5791239364747,1.89082622551225e-07,92.3165030376952
58.52,0.0108264810459481,0.00735956315499161,0.00735956315499161,1.30576534279084e-05,2.0107011074133e-05,1.38562053904403,4.67195954995211e-17,92.5773204987149,1.91970135894334e-07,92.3164456107978
58.54,0.0108526556155945,0.00741662847360001,0.00741662847360001,1.31574785000684e-05,2.03684449637809e-05,1.38562027761014,9.41237363483903e-17,92.5755062074838,1.94913793351313e-07,92.3163838245975
58.56,0.0108797265215618,0.00747433636427721,0.00747433636427721,1.32589168943597e-05,2.06311141039972e-05,1.385620014941,2.31943189408995e-16,92.5736810576041,1.97913268497413e-07,92.3163175229575
58.58,0.0109076871568163,0.00753266518817596,0.00753266518817596,1.336196353335e-05,2.08950053401935e-05,1.38561975104976,1.79161470206219e-16,92.5718450438252,2.0096821851432e-07,92.316246548332
58.6,0.0109365306151394,0.00759159568787012,0.00759159568787012,1.34666129862959e-05,2.11601052502175e-05,1.38561948594985,1.34311368887474e-16,92.5699981608299,2.04078294797755e-07,92.3161707417963
58.62,0.010966249700322,0.00765110490991698,0.00765110490991698,1.35728594765125e-05,2.14264001405784e-05,1.38561921965496,2.99794480833239e-17,92.5681404032405,2.072431280104e-07,92.3160899430778
58.64,0.0109968369356232,0.00771117472941823,0.00771117472941823,1.36806968943613e-05,2.16938760515539e-05,1.38561895217905,4.54095694076766e-16,92.5662717656258,2.10462345921954e-07,92.3160039905872
58.66,0.011028284573331,0.00777178361240972,0.00777178361240972,1.37901188057569e-05,2.19625187543038e-05,1.38561868353635,1.7128436244882e-16,92.5643922425072,2.13735548336619e-07,92.3159127214495
58.68,0.0110605846044827,0.00783291262442016,0.00783291262442016,1.39011184624978e-05,2.22323137522018e-05,1.38561841374135,4.07134339680317e-16,92.562501828366,2.17062342773219e-07,92.3158159715359
58.7,0.0110937287686835,0.00789454280425251,0.00789454280425251,1.40136888132439e-05,2.25032462830566e-05,1.38561814280882,2.92093643437091e-16,92.5606005176498,2.20442307338589e-07,92.3157135754958
58.72,0.0111277085640136,0.00795665398621617,0.00795665398621617,1.41278225116831e-05,2.27753013177789e-05,1.38561787075378,1.08979667784353e-16,92.5586883047791,2.23875010496291e-07,92.3156053667887
58.74,0.0111625152569929,0.0080192275856773,0.0080192275856773,1.42435119250495e-05,2.3048463559272e-05,1.38561759759154,4.31477957672733e-17,92.5567651841549,2.27360021674212e-07,92.3154911777173
58.76,0.0111981398925825,0.00808224483558195,0.00808224483558195,1.43607491452925e-05,2.33227174466499e-05,1.38561732333766,4.72388698943643e-16,92.5548311501649,2.30896877513106e-07,92.3153708394598
58.78,0.0112345733042048,0.0081456880119665,0.0081456880119665,1.44795259973922e-05,2.35980471545716e-05,1.38561704800795,3.79551788087166e-16,92.552886197191,2.34485120921856e-07,92.3152441821031
58.8,0.0112718061237383,0.00820953876069646,0.00820953876069646,1.45998340477055e-05,2.38744365936849e-05,1.38561677161851,2.84071231682874e-16,92.5509303196162,2.38124266361684e-07,92.3151110346763
58.82,0.0113098287915172,0.00827377923212958,0.00827377923212958,1.47216646128255e-05,2.41518694121812e-05,1.38561649418569,1.79161470206219e-17,92.5489635118318,2.41813830704629e-07,92.3149712251839
58.84,0.0113486315662531,0.00833839141470077,0.00833839141470077,1.48450087656646e-05,2.44303289942405e-05,1.38561621572611,4.67195954995211e-17,92.5469857682444,2.45553312018346e-07,92.3148245806399
58.86,0.0113882045349003,0.00840335923109306,0.00840335923109306,1.49698573465136e-05,2.47097984644729e-05,1.38561593625664,1.60246890531964e-17,92.5449970832834,2.49342194387739e-07,92.3146709271019
58.88,0.011428537622436,0.00846866532968296,0.00846866532968296,1.5096200968623e-05,2.49902606876962e-05,1.38561565579441,2.99794480833239e-17,92.5429974514082,2.53179953700929e-07,92.3145100897053
58.9,0.0114696206015392,0.0085342926774983,0.0085342926774983,1.52240300263364e-05,2.52716982700463e-05,1.38561537435683,1.40616075760831e-16,92.5409868671152,2.57066054274106e-07,92.3143418926975
58.92,0.0115114431021517,0.00860022565649521,0.00860022565649521,1.53533347004661e-05,2.5554093558311e-05,1.38561509196154,1.6283008188824e-16,92.5389653249459,2.60999944994219e-07,92.3141661594731
58.94,0.0115539946209039,0.00866644702976399,0.00866644702976399,1.54841049662615e-05,2.58374286437046e-05,1.38561480862646,5.83307486244101e-17,92.5369328194936,2.64981068480089e-07,92.3139827126086
58.96,0.0115972645303998,0.00873294193152826,0.00873294193152826,1.56163306001258e-05,2.61216853625346e-05,1.38561452436974,1.79161470206219e-17,92.5348893454114,2.69008851439132e-07,92.3137913738978
58.98,0.0116412420883244,0.00879969409650157,0.00879969409650157,1.57500011847341e-05,2.6406845297311e-05,1.3856142392098,2.83165823063663e-16,92.5328348974195,2.73082712381977e-07,92.3135919643865
59,0.0116859164464163,0.00886668953445585,0.00886668953445585,1.58851061158249e-05,2.66928897796337e-05,1.38561395316532,4.67264655231593e-16,92.5307694703126,2.7720205872949e-07,92.3133843044087
59.02,0.0117312766592234,0.00893391171687078,0.00893391171687078,1.60216346047202e-05,2.69797998866395e-05,1.38561366625522,3.22987933708018e-16,92.528693058968,2.81366278615981e-07,92.313168213622
59.04,0.0117773116926843,0.00900134702037039,0.00900134702037039,1.61595756882942e-05,2.72675564505498e-05,1.38561337849865,3.92523114670944e-17,92.5266056583526,2.85574764997401e-07,92.3129435110435
59.06,0.0118240104325083,0.00906898012131781,0.00906898012131781,1.62989182285333e-05,2.75561400522317e-05,1.38561308991505,3.11246327211548e-16,92.5245072635311,2.89826885275017e-07,92.312710015086
59.08,0.0118713616923459,0.00913679693405569,0.00913679693405569,1.64396509225665e-05,2.78455310311898e-05,1.38561280052407,1.20983749228328e-16,92.5223978696736,2.94122004439278e-07,92.3124675435937
59.1,0.0119193542217496,0.00920478314292862,0.00920478314292862,1.65817623018909e-05,2.81357094795709e-05,1.38561251034562,1.46211567198694e-16,92.5202774720629,2.98459473497882e-07,92.3122159138794
59.12,0.0119679767139163,0.00927292531393455,0.00927292531393455,1.67252407386503e-05,2.84266552477153e-05,1.38561221939985,2.8888919027333e-17,92.5181460661031,3.02838632850923e-07,92.3119549427603
59.14,0.0120172178131841,0.00934121016268335,0.00934121016268335,1.68700744519218e-05,2.87183479501518e-05,1.38561192770715,3.30357427920038e-17,92.5160036473265,3.07258813255217e-07,92.3116844465947
59.16,0.0120670661223484,0.00940962350529268,0.00940962350529268,1.70162515056236e-05,2.90107669584927e-05,1.38561163528814,2.24059308853022e-16,92.513850211402,3.11719338717288e-07,92.3114042413192
59.18,0.0121175102096981,0.00947815267690687,0.00947815267690687,1.71637598159927e-05,2.93038914107591e-05,1.38561134216369,1.21513221120044e-16,92.511685754143,3.1621951202845e-07,92.3111141424852
59.2,0.0121685386158463,0.00954678502818569,0.00954678502818569,1.73125871530807e-05,2.95977002109371e-05,1.38561104835489,3.27233410439598e-16,92.5095102715148,3.20758641283819e-07,92.310813965296
59.22,0.012220139860318,0.00961550758505748,0.00961550758505748,1.74627211447461e-05,2.98921720334189e-05,1.38561075388307,1.30677384578333e-16,92.5073237596428,3.25336014327629e-07,92.310503524644
59.24,0.0122723024479027,0.00968430755076855,0.00968430755076855,1.761414927637e-05,3.01872853205598e-05,1.38561045876978,1.43552953313206e-16,92.5051262148206,3.29950910807328e-07,92.3101826351478
59.26,0.0123250148747744,0.00975317278653176,0.00975317278653176,1.77668588970661e-05,3.04830182920046e-05,1.38561016303681,1.28447654151087e-16,92.5029176335174,3.34602601691417e-07,92.3098511111894
59.28,0.0123782656343725,0.00982209175226161,0.00982209175226161,1.79208372181053e-05,3.07793489402464e-05,1.38560986670616,4.45099981591365e-16,92.5006980123865,3.39290349269443e-07,92.309508766952
59.3,0.0124320432230585,0.00989105190196944,0.00989105190196944,1.80760713169804e-05,3.10762550377319e-05,1.38560956980006,2.77555756156289e-17,92.498467348273,3.44013408598495e-07,92.3091554164569
59.32,0.0124863361455123,0.00996004191471847,0.00996004191471847,1.82325481386418e-05,3.13737141381942e-05,1.38560927234096,1.1331166295921e-17,92.4962256382215,3.48771017859931e-07,92.3087908736014
59.34,0.0125411329199478,0.0100290501992782,0.0100290501992782,1.83902544969044e-05,3.16717035790948e-05,1.38560897435152,2.8888919027333e-17,92.4939728794848,3.53562415235102e-07,92.3084149521964
59.36,0.0125964220830554,0.0100980654450203,0.0100980654450203,1.85491770759217e-05,3.19702004851763e-05,1.38560867585462,5.13040374369232e-17,92.491709069531,3.58386823476118e-07,92.3080274660036
59.38,0.0126521921947392,0.0101670766483855,0.0101670766483855,1.87093024317192e-05,3.22691817713494e-05,1.38560837687333,2.60123698868067e-16,92.4894342060522,3.63243460995612e-07,92.3076282287738
59.4,0.0127084318426355,0.0102360724616421,0.0102360724616421,1.88706169921242e-05,3.25686241440248e-05,1.38560807743096,1.21513221120044e-16,92.4871482869723,3.68131534634284e-07,92.3072170542842
59.42,0.0127651296464075,0.0103050423714332,0.0103050423714332,1.9033107058378e-05,3.28685041053323e-05,1.385607777551,3.67171752872013e-17,92.4848513104547,3.73050244000375e-07,92.3067937563763
59.44,0.0128222742618302,0.0103739757222446,0.0103739757222446,1.9196758806808e-05,3.31687979577833e-05,1.38560747725714,2.55014184812288e-16,92.4825432749107,3.77998777612353e-07,92.3063581489936
59.46,0.0128798543846672,0.0104428624885987,0.0104428624885987,1.93615582882675e-05,3.34694818053816e-05,1.3856071765733,5.66558314796049e-17,92.4802241790073,3.82976322060032e-07,92.3059100462194
59.48,0.0129378587543456,0.0105116911043191,0.0105116911043191,1.95274914287116e-05,3.37705315569536e-05,1.38560687552355,1.38777878078145e-16,92.477894021675,3.87982054772109e-07,92.3054492623147
59.5,0.0129962761574123,0.0105804525768507,0.0105804525768507,1.9694544030233e-05,3.40719229305897e-05,1.38560657413217,2.78479405152325e-16,92.4755528021163,3.93015137265873e-07,92.3049756117558
59.52,0.0130550954308376,0.0106491369126403,0.0106491369126403,1.98627017715893e-05,3.43736314574183e-05,1.38560627242364,4.30658859939617e-16,92.4732005198131,3.98074732022938e-07,92.3044889092723
59.54,0.0131143054650889,0.0107177339647087,0.0107177339647087,2.00319502063886e-05,3.46756324816067e-05,1.38560597042262,2.8888919027333e-17,92.4708371745353,4.03159992845967e-07,92.3039889698845
59.56,0.0131738952070384,0.0107862336732898,0.0107862336732898,2.02022747663538e-05,3.49779011692419e-05,1.38560566815393,6.06243870941305e-16,92.4684627663479,4.08270061965686e-07,92.3034756089415
59.58,0.0132338536626931,0.0108546273045647,0.0108546273045647,2.03736607589051e-05,3.52804125076656e-05,1.38560536564259,1.72032332655087e-16,92.4660772956199,4.13404075344691e-07,92.3029486421589
59.6,0.0132941698997471,0.0109229052394224,0.0109229052394224,2.0546093369208e-05,3.55831413128005e-05,1.38560506291379,3.20493781063927e-17,92.4636807630314,4.18561171356394e-07,92.3024078856561
59.62,0.0133548330499729,0.010991057497431,0.010991057497431,2.07195576579401e-05,3.58860622291512e-05,1.38560475999287,3.84342069951366e-16,92.4612731695822,4.2374046667683e-07,92.3018531559942
59.64,0.013415832311426,0.0110590760208765,0.0110590760208765,2.08940385628205e-05,3.61891497364653e-05,1.38560445690537,4.53529842524786e-16,92.4588545165989,4.28941080875015e-07,92.3012842702135
59.66,0.0134771569505654,0.0111269507170879,0.0111269507170879,2.106952089783e-05,3.64923781526194e-05,1.38560415367695,2.87998928710294e-16,92.4564248057437,4.34162124841013e-07,92.3007010458709
59.68,0.0135387963040972,0.0111946736862919,0.0111946736862919,2.12459893534044e-05,3.6795721638283e-05,1.38560385033346,1.30185189290517e-16,92.4539840390214,4.39402703196754e-07,92.3001033010776
59.7,0.0136007397808284,0.0112622358859762,0.0112622358859762,2.14234284951394e-05,3.70991541991383e-05,1.3856035469009,4.07921986653156e-16,92.4515322187878,4.44661917671182e-07,92.299490854536
59.72,0.0136629768632263,0.0113296285148964,0.0113296285148964,2.16018227659941e-05,3.74026496943181e-05,1.38560324340541,4.45099981591365e-16,92.4490693477572,4.49938856492649e-07,92.2988635255772
59.74,0.0137254971089717,0.0113968430046507,0.0113968430046507,2.178115648246e-05,3.77061818344071e-05,1.38560293987327,4.00617226329909e-17,92.4465954290102,4.55232609818162e-07,92.2982211341981
59.76,0.0137882901523043,0.0114638714566308,0.0114638714566308,2.19614138383182e-05,3.80097241927668e-05,1.38560263633091,1.60647008234791e-16,92.4441104660014,4.60542254786298e-07,92.2975635010987
59.78,0.0138513457052764,0.0115307053253204,0.0115307053253204,2.21425789008152e-05,3.83132502037586e-05,1.3856023328049,1.62039639929492e-16,92.4416144625673,4.65866873839432e-07,92.2968904477185
59.8,0.0139146535588842,0.0115973364726618,0.0115973364726618,2.23246356117764e-05,3.86167331696274e-05,1.38560202932193,1.12743681122073e-16,92.4391074229337,4.71205533026367e-07,92.2962017962737
59.82,0.0139782035840607,0.0116637569362645,0.0116637569362645,2.25075677887129e-05,3.89201462673849e-05,1.38560172590883,3.30357427920038e-17,92.4365893517236,4.76557301771047e-07,92.295497369794
59.84,0.0140419857326382,0.0117299581773027,0.0117299581773027,2.26913591221351e-05,3.92234625492538e-05,1.38560142259255,1.67685948093612e-16,92.4340602539645,4.81921238407645e-07,92.2947769921588
59.86,0.0141059900380757,0.0117959339068577,0.0117959339068577,2.28759931768317e-05,3.95266549499951e-05,1.38560111940015,4.45820558364868e-16,92.4315201350961,4.87296399341674e-07,92.2940404881338
59.88,0.0141702066162479,0.011861674767774,0.011861674767774,2.30614533908814e-05,3.98296962902389e-05,1.38560081635881,1.54120524203546e-16,92.4289690009778,4.92681838085661e-07,92.2932876834073
59.9,0.0142346256659804,0.0119271739180538,0.0119271739180538,2.32477230765692e-05,4.01325592833679e-05,1.38560051349582,3.11143180124304e-16,92.4264068578962,4.98076604294816e-07,92.2925184046263
59.92,0.0142992374696315,0.0119924237694864,0.0119924237694864,2.34347854185428e-05,4.04352165372934e-05,1.38560021083856,1.48606852788289e-16,92.4238337125723,5.03479739909725e-07,92.2917324794324
59.94,0.0143640323935024,0.0120574170643281,0.0120574170643281,2.36226234747988e-05,4.07376405615612e-05,1.38559990841454,2.43817631882423e-16,92.4212495721693,5.08890283977985e-07,92.2909297364976
59.96,0.0144290008882038,0.0121221460831788,0.0121221460831788,2.38112201765322e-05,4.10398037722359e-05,1.38559960625133,5.59259352151117e-16,92.4186544442994,5.14307275065028e-07,92.29011000556
59.98,0.0144941334889392,0.0121866040612702,0.0121866040612702,2.40005583273566e-05,4.13416784956766e-05,1.38559930437661,1.34311368887474e-16,92.4160483370315,5.1972974836113e-07,92.2892731174588
60,0.0145594208157134,0.0122507835552535,0.0122507835552535,2.41906206041715e-05,4.16432369751973e-05,1.38559900281813,1.5391211231077e-16,92.4134312588981,5.25156729895454e-07,92.2884189041703
